cell_id,candidate_id,valid,finite_relaxed_spearman,mean_relative_buffer_penalty,positive_penalty_ratio,mean_absolute_buffer_penalty,rank_inversion_ratio,mean_blocking,P_block
S1_P1_B1,WIPHFSP_S1_P1_B1_C085,True,0.7928133449844155,0.033370716839733854,0.665,40.805,0.1987066134491992,268.43,0.965
S1_P1_B1,WIPHFSP_S1_P1_B1_C005,True,0.7078316348948777,0.04658897707506616,0.77,54.19,0.23815543307882894,425.185,0.995
S1_P1_B1,WIPHFSP_S1_P1_B1_C042,True,0.7702764531252287,0.042975052254766936,0.745,50.495,0.20529132586085025,291.855,0.975
S1_P1_B1,WIPHFSP_S1_P1_B1_C008,True,0.7260367011474479,0.033390350135054495,0.64,44.1,0.22303649044779136,514.515,0.99
S1_P1_B1,WIPHFSP_S1_P1_B1_C013,True,0.8543595055445969,0.02579498495162932,0.64,35.58,0.15610814082517907,617.555,1.0
S1_P1_B2,WIPHFSP_S1_P1_B2_C061,True,0.9403397882850191,0.003998271705619423,0.27,4.77,0.08379606259464917,98.295,0.79
S1_P1_B2,WIPHFSP_S1_P1_B2_C006,True,0.9554586816742033,0.0013827883525176258,0.165,1.85,0.06285944909696298,100.96,0.69
S1_P1_B2,WIPHFSP_S1_P1_B2_C085,True,0.9214231361064785,0.006133040255358226,0.385,7.685,0.10282737342572455,137.135,0.77
S1_P1_B2,WIPHFSP_S1_P1_B2_C003,True,0.9299978286246444,0.0016329124916161903,0.355,2.28,0.10393541876892028,178.23,0.91
S1_P1_B2,WIPHFSP_S1_P1_B2_C090,True,0.9097899617378675,0.005161809073691562,0.28,5.62,0.10047460365545795,113.79,0.78
S1_P1_B3,WIPHFSP_S1_P1_B3_C004,True,0.9972788564622028,9.405593017824996e-05,0.02,0.125,0.006948290619807663,9.05,0.145
S1_P1_B3,WIPHFSP_S1_P1_B3_C088,True,0.9998529883860825,0.00019629076381240545,0.01,0.3,0.0006554071086463323,1.22,0.02
S1_P1_B3,WIPHFSP_S1_P1_B3_C094,True,0.9983502465255184,3.2832514648087364e-05,0.005,0.015,0.0029239766081871343,2.12,0.04
S1_P1_B3,WIPHFSP_S1_P1_B3_C085,True,0.9808695808753457,-0.0017136404713702985,0.005,-2.4,0.016993595885230195,2.04,0.055
S1_P1_B3,WIPHFSP_S1_P1_B3_C047,True,0.9951745535063768,-0.0004895018090874602,0.035,-0.71,0.010281221651043242,6.855,0.125
S1_P2_B1,WIPHFSP_S1_P2_B1_C069,True,0.922737872279566,0.015505303747566432,0.455,22.595,0.10681474003028774,105.53,0.705
S1_P2_B1,WIPHFSP_S1_P2_B1_C066,True,0.8107049099358149,0.029806622028874595,0.62,36.455,0.1852151489103504,212.44,0.915
S1_P2_B1,WIPHFSP_S1_P2_B1_C078,True,0.8972597114313893,0.022419877978966166,0.535,29.565,0.13016466309728256,130.115,0.84
S1_P2_B1,WIPHFSP_S1_P2_B1_C032,True,0.8656186234177804,0.024322090896264897,0.6,28.785,0.15218817828479128,144.365,0.855
S1_P2_B1,WIPHFSP_S1_P2_B1_C016,True,0.8931768525033165,0.01761535929640386,0.56,26.16,0.12375662711436505,133.53,0.795
S1_P2_B2,WIPHFSP_S1_P2_B2_C043,True,0.9854022756192627,0.002097871495418612,0.105,2.895,0.024923061399525756,13.575,0.15
S1_P2_B2,WIPHFSP_S1_P2_B2_C059,True,0.9960183627214804,0.0005252796634614875,0.06,0.77,0.011087033210704027,7.155,0.105
S1_P2_B2,WIPHFSP_S1_P2_B2_C086,True,0.956015342970443,0.005643463316863352,0.27,7.835,0.069770961557865,82.515,0.505
S1_P2_B2,WIPHFSP_S1_P2_B2_C073,True,0.9785123669467688,-0.0014617139122274718,0.065,-1.975,0.03535761121759306,18.44,0.245
S1_P2_B2,WIPHFSP_S1_P2_B2_C088,True,0.9851201782769538,0.0016731823654256466,0.065,2.11,0.023436318733934782,13.75,0.16
S1_P2_B3,WIPHFSP_S1_P2_B3_C051,True,0.9982591261837893,-0.0003486356019500864,0.02,-0.455,0.005140610825521621,4.345,0.065
S1_P2_B3,WIPHFSP_S1_P2_B3_C028,True,0.9979144406904503,0.00024803939540324414,0.03,0.345,0.005900746419205165,4.01,0.06
S1_P2_B3,WIPHFSP_S1_P2_B3_C022,True,0.999534221587798,9.258279140064902e-05,0.02,0.12,0.0022660892335582637,2.425,0.04
S1_P2_B3,WIPHFSP_S1_P2_B3_C058,True,0.9821678974243854,0.0024301215655984513,0.175,2.855,0.038306248107398806,16.585,0.28
S1_P2_B3,WIPHFSP_S1_P2_B3_C083,True,0.9997149774832211,0.00021835677276091782,0.005,0.295,0.0009576130235371201,0.015,0.005
S1_P3_B1,WIPHFSP_S1_P3_B1_C017,True,0.6599880815763592,0.0527271734298533,0.76,58.05,0.2606716568885292,505.525,1.0
S1_P3_B1,WIPHFSP_S1_P3_B1_C053,True,0.6948883987931153,0.05789223565657788,0.82,78.705,0.23990510801534423,663.78,1.0
S1_P3_B1,WIPHFSP_S1_P3_B1_C099,True,0.7312085476477013,0.04028023918816333,0.77,48.96,0.2287591609805408,546.015,1.0
S1_P3_B1,WIPHFSP_S1_P3_B1_C023,True,0.6356190368361705,0.06254769228566542,0.8,72.125,0.2708628005657709,550.66,1.0
S1_P3_B1,WIPHFSP_S1_P3_B1_C014,True,0.8508332461475907,0.02821017934321509,0.685,36.865,0.16126589945487582,468.89,1.0
S1_P3_B2,WIPHFSP_S1_P3_B2_C087,True,0.9478169689999902,0.005751466007836639,0.435,7.655,0.08878905658472566,185.97,0.88
S1_P3_B2,WIPHFSP_S1_P3_B2_C075,True,0.8757415667009609,0.004751362798833687,0.385,5.43,0.1357943642056358,150.82,0.88
S1_P3_B2,WIPHFSP_S1_P3_B2_C028,True,0.9260662405142983,0.007156585408883362,0.47,9.465,0.10952404986624943,260.8,0.9
S1_P3_B2,WIPHFSP_S1_P3_B2_C095,True,0.8493041619873992,0.0037501949979895587,0.465,3.705,0.1631921659684014,242.02,0.96
S1_P3_B2,WIPHFSP_S1_P3_B2_C090,True,0.9425060444652789,0.00538463638314322,0.425,6.845,0.09274967181662122,236.94,0.935
S1_P3_B3,WIPHFSP_S1_P3_B3_C039,True,0.9863547619411895,0.0008032902371622547,0.15,1.04,0.02949034632252861,23.395,0.37
S1_P3_B3,WIPHFSP_S1_P3_B3_C075,True,0.9324417626058866,0.002767738619106272,0.16,3.355,0.07369271148798708,30.21,0.43
S1_P3_B3,WIPHFSP_S1_P3_B3_C056,True,0.9848167612115869,0.0010252992878928367,0.2,1.25,0.03565844555404247,39.19,0.5
S1_P3_B3,WIPHFSP_S1_P3_B3_C066,True,0.985299125304884,-0.0014299231798767986,0.065,-2.03,0.025849037589438677,17.23,0.25
S1_P3_B3,WIPHFSP_S1_P3_B3_C014,True,0.9917487064466648,0.001707826151126908,0.14,2.51,0.0170345731277089,29.13,0.35
S1_P4_B1,WIPHFSP_S1_P4_B1_C035,True,0.8234704233096072,0.03115783451550993,0.595,45.055,0.17330576845502219,1039.145,1.0
S1_P4_B1,WIPHFSP_S1_P4_B1_C084,True,0.7542074422823037,0.04350520836685922,0.655,64.345,0.20955789685940415,1221.995,1.0
S1_P4_B1,WIPHFSP_S1_P4_B1_C074,True,0.7882747908068947,0.030893663442951653,0.59,39.4,0.1918223119636547,721.565,1.0
S1_P4_B1,WIPHFSP_S1_P4_B1_C067,True,0.7043125439255762,0.048046907355218486,0.77,55.98,0.23967443506395025,761.055,1.0
S1_P4_B1,WIPHFSP_S1_P4_B1_C002,True,0.6838493927047129,0.044715215529219095,0.74,51.555,0.2531344792719919,488.64,1.0
S1_P4_B2,WIPHFSP_S1_P4_B2_C090,True,0.9624057105141264,0.003287923119945966,0.205,5.065,0.05950521489393863,350.13,0.985
S1_P4_B2,WIPHFSP_S1_P4_B2_C038,True,0.954228744522742,0.0027593993125043636,0.225,3.08,0.06813020439061317,207.495,0.935
S1_P4_B2,WIPHFSP_S1_P4_B2_C004,True,0.9003558251748844,0.006930185634053271,0.33,8.26,0.11481949002777077,304.46,0.98
S1_P4_B2,WIPHFSP_S1_P4_B2_C011,True,0.9362470045180988,0.002991902574917613,0.235,3.215,0.08546362123733171,232.44,0.965
S1_P4_B2,WIPHFSP_S1_P4_B2_C040,True,0.9197428543164416,0.005940249761765427,0.31,7.84,0.10271415598829584,304.57,0.99
S1_P4_B3,WIPHFSP_S1_P4_B3_C045,True,0.9860964905214188,-0.0003458286247547152,0.06,-0.915,0.026644504885665356,23.835,0.37
S1_P4_B3,WIPHFSP_S1_P4_B3_C010,True,0.9778999702608921,-0.0002155807739105669,0.08,-0.425,0.03600423579244617,15.32,0.34
S1_P4_B3,WIPHFSP_S1_P4_B3_C079,True,0.9947275079033673,0.000825956008643504,0.03,1.035,0.008465608465608466,3.98,0.12
S1_P4_B3,WIPHFSP_S1_P4_B3_C043,True,0.9860947088419486,-7.600445415691673e-05,0.01,-0.185,0.01189336289875523,6.495,0.11
S1_P4_B3,WIPHFSP_S1_P4_B3_C081,True,0.9793969545841392,-0.00021148503503967908,0.045,-0.38,0.023381204333585287,14.795,0.21
S2_P1_B1,WIPHFSP_S2_P1_B1_C034,True,0.7111402048471197,0.028449721683615422,0.69,42.645,0.23451550975042942,658.64,0.995
S2_P1_B1,WIPHFSP_S2_P1_B1_C042,True,0.6086610516155778,0.03389735984250639,0.68,46.455,0.2827603640040445,536.125,1.0
S2_P1_B1,WIPHFSP_S2_P1_B1_C016,True,0.7342350974986217,0.025731524414765335,0.71,38.345,0.21812487371186098,538.59,0.995
S2_P1_B1,WIPHFSP_S2_P1_B1_C063,True,0.7052188653207708,0.035395917719864764,0.745,53.345,0.2400222289582702,766.435,1.0
S2_P1_B1,WIPHFSP_S2_P1_B1_C037,True,0.6507032566238717,0.03202670474098183,0.66,45.24,0.2612102522622719,481.36,1.0
S2_P1_B2,WIPHFSP_S2_P1_B2_C096,True,0.8098583388438321,0.004053772764232375,0.47,5.215,0.18518893216652335,113.545,0.855
S2_P1_B2,WIPHFSP_S2_P1_B2_C032,True,0.8327441626784632,0.00606740930109183,0.415,8.655,0.16798828223647658,132.37,0.86
S2_P1_B2,WIPHFSP_S2_P1_B2_C025,True,0.8594040884546182,0.0031758791395282344,0.315,4.295,0.14238762198513424,65.435,0.69
S2_P1_B2,WIPHFSP_S2_P1_B2_C076,True,0.9108034764291023,0.0015296868410124374,0.22,2.31,0.09875233621255745,56.92,0.585
S2_P1_B2,WIPHFSP_S2_P1_B2_C027,True,0.8608289508026553,0.0038692866660037604,0.36,5.2,0.14017793954099686,93.08,0.69
S2_P1_B3,WIPHFSP_S2_P1_B3_C090,True,0.9989877969339088,-0.000570878642377549,0.0,-1.01,0.0026207035581090614,1.22,0.025
S2_P1_B3,WIPHFSP_S2_P1_B3_C009,True,0.9876015902684221,0.0006633877968344705,0.04,1.07,0.020214750214246107,5.065,0.145
S2_P1_B3,WIPHFSP_S2_P1_B3_C013,True,0.9896944178707996,0.0012238675161327774,0.065,1.725,0.01695342852818003,5.09,0.1
S2_P1_B3,WIPHFSP_S2_P1_B3_C095,True,0.9994254472847883,-8.854980128354423e-05,0.01,-0.17,0.0028745776388118412,4.185,0.05
S2_P1_B3,WIPHFSP_S2_P1_B3_C027,True,0.9624221613174886,-0.001052276037578749,0.065,-1.98,0.04658322398304229,11.71,0.195
S2_P2_B1,WIPHFSP_S2_P2_B1_C001,True,0.8974434267630935,0.009115149599913165,0.405,15.17,0.12805893334678844,79.91,0.68
S2_P2_B1,WIPHFSP_S2_P2_B1_C086,True,0.8017268471753397,0.02042072268091236,0.585,27.92,0.18379306860664849,212.265,0.89
S2_P2_B1,WIPHFSP_S2_P2_B1_C089,True,0.8125370102948231,0.02190418726843208,0.61,34.22,0.18393416136524285,260.425,0.935
S2_P2_B1,WIPHFSP_S2_P2_B1_C022,True,0.7924156315340889,0.01350224021190759,0.535,20.035,0.18905120558054897,189.26,0.87
S2_P2_B1,WIPHFSP_S2_P2_B1_C006,True,0.7903027343958469,0.03338486441010918,0.725,50.82,0.20075795856493178,319.72,0.975
S2_P2_B2,WIPHFSP_S2_P2_B2_C023,True,0.9959302380108229,-0.00047654686247856925,0.015,-0.745,0.00967059534602599,3.8,0.07
S2_P2_B2,WIPHFSP_S2_P2_B2_C082,True,0.9849455324899561,0.0016444579085031082,0.075,2.455,0.02199465267618423,17.715,0.16
S2_P2_B2,WIPHFSP_S2_P2_B2_C017,True,0.9509393190146077,-0.0013917481811804957,0.085,-2.255,0.06132956438342335,20.35,0.275
S2_P2_B2,WIPHFSP_S2_P2_B2_C013,True,0.934760270007955,0.004236419174341376,0.17,6.22,0.0716196436682986,29.735,0.325
S2_P2_B2,WIPHFSP_S2_P2_B2_C089,True,0.8750136886727846,0.005403345481780631,0.355,7.425,0.13050950262838656,99.59,0.65
S2_P2_B3,WIPHFSP_S2_P2_B3_C089,True,0.9678162635189481,0.0009748487904869881,0.095,1.455,0.04024814646693902,13.275,0.27
S2_P2_B3,WIPHFSP_S2_P2_B3_C030,True,0.9959405605659613,-0.0003109635596231758,0.005,-0.45,0.005449316312629295,0.885,0.02
S2_P2_B3,WIPHFSP_S2_P2_B3_C019,True,0.9990406914824614,0.0002623935846481746,0.01,0.4,0.002367281152412612,0.485,0.015
S2_P2_B3,WIPHFSP_S2_P2_B3_C020,True,0.998164950440981,0.0001256784438551608,0.01,0.185,0.0040357160873732536,2.11,0.03
S2_P2_B3,WIPHFSP_S2_P2_B3_C050,True,0.9924539949186252,0.0007707157828871539,0.045,1.165,0.014576818319378593,6.105,0.11
S2_P3_B1,WIPHFSP_S2_P3_B1_C054,True,0.6252462043651749,0.04373460174925001,0.73,65.685,0.2747979797979798,720.75,1.0
S2_P3_B1,WIPHFSP_S2_P3_B1_C011,True,0.7473618759000172,0.02170718697099123,0.7,30.02,0.21869158878504674,556.395,1.0
S2_P3_B1,WIPHFSP_S2_P3_B1_C001,True,0.7703102106331271,0.04236032050144885,0.77,64.715,0.21313875984649566,966.665,1.0
S2_P3_B1,WIPHFSP_S2_P3_B1_C073,True,0.7489204990869047,0.02407110061012872,0.705,40.355,0.21450196790796247,808.045,1.0
S2_P3_B1,WIPHFSP_S2_P3_B1_C027,True,0.5420416343858719,0.04326062215668833,0.75,66.675,0.3042576860841424,890.83,1.0
S2_P3_B2,WIPHFSP_S2_P3_B2_C046,True,0.8917271549356618,0.004993144204012113,0.52,6.885,0.12981375864331499,305.905,0.99
S2_P3_B2,WIPHFSP_S2_P3_B2_C075,True,0.887375533522083,0.0089729616662151,0.55,13.91,0.1414217913763506,255.99,0.975
S2_P3_B2,WIPHFSP_S2_P3_B2_C009,True,0.8068063428169593,0.004681998171158539,0.49,6.84,0.18514961585119288,339.24,0.99
S2_P3_B2,WIPHFSP_S2_P3_B2_C070,True,0.857198895954708,0.0019632139834347986,0.45,2.415,0.15417591285051443,238.465,0.95
S2_P3_B2,WIPHFSP_S2_P3_B2_C004,True,0.7499526519565324,0.0013897691969644277,0.43,1.1,0.21241714314628346,176.54,0.865
S2_P3_B3,WIPHFSP_S2_P3_B3_C041,True,0.9903041694622162,-0.0012894550265956759,0.075,-2.34,0.021918774564143907,26.435,0.27
S2_P3_B3,WIPHFSP_S2_P3_B3_C019,True,0.9776151000590074,-0.00025140046954001406,0.115,-0.7,0.04044173264081489,22.455,0.34
S2_P3_B3,WIPHFSP_S2_P3_B3_C090,True,0.9628985276800779,-0.00046736052093629193,0.09,-0.905,0.039800242130750604,11.83,0.23
S2_P3_B3,WIPHFSP_S2_P3_B3_C022,True,0.9936863951660326,0.001245765221209563,0.065,2.06,0.012905827787860456,5.71,0.11
S2_P3_B3,WIPHFSP_S2_P3_B3_C002,True,0.9937632877093616,0.0016656608967630718,0.07,2.635,0.014722936519941512,7.215,0.105
S2_P4_B1,WIPHFSP_S2_P4_B1_C078,True,0.7722618517767188,0.027074462799798443,0.655,41.04,0.20636762702457237,915.745,1.0
S2_P4_B1,WIPHFSP_S2_P4_B1_C030,True,0.7227090309772217,0.03369944628013802,0.71,49.32,0.2302638229050844,877.425,1.0
S2_P4_B1,WIPHFSP_S2_P4_B1_C097,True,0.7480346822979126,0.03520100808982837,0.67,54.04,0.21704447922451658,835.66,1.0
S2_P4_B1,WIPHFSP_S2_P4_B1_C065,True,0.6474169776296146,0.032637087855365704,0.66,51.575,0.2614521185155223,751.99,1.0
S2_P4_B1,WIPHFSP_S2_P4_B1_C073,True,0.7565502380063504,0.028977131238957576,0.675,43.045,0.2133508514831472,819.05,0.995
S2_P4_B2,WIPHFSP_S2_P4_B2_C074,True,0.9357538159678572,0.004244997217122476,0.27,6.13,0.08546059933407325,151.455,0.905
S2_P4_B2,WIPHFSP_S2_P4_B2_C093,True,0.9011903110057204,0.005814656061060615,0.335,8.41,0.1183527395534049,245.6,0.97
S2_P4_B2,WIPHFSP_S2_P4_B2_C004,True,0.8485378178353996,0.0033165826104637032,0.355,4.87,0.14705288655631812,297.125,0.99
S2_P4_B2,WIPHFSP_S2_P4_B2_C006,True,0.8563184444725981,0.004902196331069878,0.305,6.385,0.13740535083291266,154.965,0.935
S2_P4_B2,WIPHFSP_S2_P4_B2_C035,True,0.8706718800807386,0.0007598726039766766,0.32,0.02,0.1362052421594869,263.95,0.975
S2_P4_B3,WIPHFSP_S2_P4_B3_C012,True,0.9866793676272463,2.987789770511693e-05,0.02,0.035,0.015479251752130288,3.48,0.085
S2_P4_B3,WIPHFSP_S2_P4_B3_C055,True,0.9922991705195592,0.0006047434916375454,0.03,0.915,0.011846549377426022,8.005,0.09
S2_P4_B3,WIPHFSP_S2_P4_B3_C062,True,0.9899257113579759,0.0011166175087737444,0.045,1.78,0.013953956979497254,5.635,0.1
S2_P4_B3,WIPHFSP_S2_P4_B3_C022,True,0.9998207402762849,3.184116494384226e-05,0.015,0.095,0.0012082766953632382,5.265,0.08
S2_P4_B3,WIPHFSP_S2_P4_B3_C064,True,0.9981305102618221,0.00030272736337659604,0.025,0.495,0.004433249370277078,6.815,0.115
S3_P1_B1,WIPHFSP_S3_P1_B1_C097,True,0.5962157390316435,0.08188786835909484,0.915,160.44,0.2829836594714545,1175.73,1.0
S3_P1_B1,WIPHFSP_S3_P1_B1_C068,True,0.6949261997588463,0.10389308811374807,0.985,202.54,0.24367120524457891,1392.635,1.0
S3_P1_B1,WIPHFSP_S3_P1_B1_C021,True,0.6436387965172635,0.10989619676072403,0.955,213.315,0.2701911920496393,1541.715,1.0
S3_P1_B1,WIPHFSP_S3_P1_B1_C035,True,0.4779940138327904,0.11848826873775906,0.93,220.94,0.33191940615058324,1793.04,1.0
S3_P1_B1,WIPHFSP_S3_P1_B1_C052,True,0.6397456316904603,0.10797889017981724,0.97,217.66,0.2752483235012353,1444.405,1.0
S3_P1_B2,WIPHFSP_S3_P1_B2_C052,True,0.8214263481012644,0.02994184331097336,0.71,54.645,0.1834862385321101,471.84,0.98
S3_P1_B2,WIPHFSP_S3_P1_B2_C028,True,0.785554847181484,0.024979303038505783,0.69,42.345,0.19955575748397192,459.975,0.99
S3_P1_B2,WIPHFSP_S3_P1_B2_C059,True,0.8161546391965558,0.02259490385489932,0.68,43.17,0.17858224780369586,450.425,0.995
S3_P1_B2,WIPHFSP_S3_P1_B2_C094,True,0.6968854983377816,0.0357548217951764,0.72,60.975,0.24457235181258205,731.78,1.0
S3_P1_B2,WIPHFSP_S3_P1_B2_C033,True,0.7598426688218417,0.021271559152215225,0.655,36.11,0.20635481915538492,642.965,0.985
S3_P1_B3,WIPHFSP_S3_P1_B3_C049,True,0.9904387953520379,0.00032658030601271574,0.075,0.56,0.017133642410804274,27.82,0.22
S3_P1_B3,WIPHFSP_S3_P1_B3_C063,True,0.9366006502905754,0.0013422023975542166,0.245,2.11,0.08385014874199566,183.85,0.88
S3_P1_B3,WIPHFSP_S3_P1_B3_C072,True,0.9319701180213674,0.0014622005719760359,0.22,2.795,0.09115673712354336,103.22,0.625
S3_P1_B3,WIPHFSP_S3_P1_B3_C017,True,0.9317853418084,0.0032730137208255884,0.31,4.78,0.09657085224407463,172.27,0.84
S3_P1_B3,WIPHFSP_S3_P1_B3_C093,True,0.95037326004131,0.005273915035425864,0.305,10.975,0.08080298597800868,131.47,0.615
S3_P2_B1,WIPHFSP_S3_P2_B1_C018,True,0.8441411065175737,0.06423755398542996,0.885,135.39,0.17235821496927572,696.715,1.0
S3_P2_B1,WIPHFSP_S3_P2_B1_C001,True,0.8616477820456858,0.04556498255596072,0.83,109.235,0.15528795283922003,487.78,0.985
S3_P2_B1,WIPHFSP_S3_P2_B1_C029,True,0.6554503292213628,0.10927838655472573,0.975,195.75,0.26193717541471284,1086.655,1.0
S3_P2_B1,WIPHFSP_S3_P2_B1_C043,True,0.6822933347526073,0.08797359433256395,0.925,164.88,0.2478559176672384,900.11,1.0
S3_P2_B1,WIPHFSP_S3_P2_B1_C051,True,0.7286044892068064,0.08947242055689517,0.94,171.815,0.23273167288494503,1083.655,1.0
S3_P2_B2,WIPHFSP_S3_P2_B2_C036,True,0.881565594650378,0.016404929559190314,0.525,31.98,0.13233810772644744,245.16,0.82
S3_P2_B2,WIPHFSP_S3_P2_B2_C082,True,0.8432302390185141,0.03930445380860658,0.815,79.43,0.17114297253634894,539.44,0.98
S3_P2_B2,WIPHFSP_S3_P2_B2_C084,True,0.8438666199453991,0.03184973783816467,0.785,60.435,0.16299248347878728,543.695,0.995
S3_P2_B2,WIPHFSP_S3_P2_B2_C097,True,0.9384179091715725,0.025232742704578075,0.64,53.87,0.10702762653760839,371.595,0.895
S3_P2_B2,WIPHFSP_S3_P2_B2_C026,True,0.9815164762392783,0.001547932319653579,0.16,3.97,0.03610635512136167,35.6,0.285
S3_P2_B3,WIPHFSP_S3_P2_B3_C027,True,0.9842358779203857,0.0020307564303874578,0.09,3.705,0.026053215077605323,13.68,0.155
S3_P2_B3,WIPHFSP_S3_P2_B3_C086,True,0.9915253093163632,0.0004802561233189933,0.045,0.59,0.014048338368580061,8.01,0.1
S3_P2_B3,WIPHFSP_S3_P2_B3_C012,True,0.9554473732749037,0.0028192130505592535,0.23,4.95,0.061188458434221146,60.73,0.44
S3_P2_B3,WIPHFSP_S3_P2_B3_C076,True,0.9890216091365029,0.002348788675525512,0.18,4.74,0.02842168917556944,47.85,0.275
S3_P2_B3,WIPHFSP_S3_P2_B3_C045,True,0.9897799532277761,0.002363810501427916,0.12,5.33,0.02301919105424873,23.455,0.18
S3_P3_B1,WIPHFSP_S3_P3_B1_C008,True,0.5755328017795116,0.12989061162211368,0.955,222.755,0.29710510389348394,2473.33,1.0
S3_P3_B1,WIPHFSP_S3_P3_B1_C082,True,0.5633967721119023,0.11243172562234842,0.98,207.085,0.2955657569489986,1904.48,1.0
S3_P3_B1,WIPHFSP_S3_P3_B1_C065,True,0.7114361607436103,0.07201783731431295,0.89,169.405,0.2357240058464795,1411.235,1.0
S3_P3_B1,WIPHFSP_S3_P3_B1_C061,True,0.5558595317499918,0.1376839805241021,0.975,252.33,0.30470760381452144,2196.925,1.0
S3_P3_B1,WIPHFSP_S3_P3_B1_C052,True,0.5885568392857872,0.11486831452718055,0.965,221.45,0.2892641129032258,2571.085,1.0
S3_P3_B2,WIPHFSP_S3_P3_B2_C027,True,0.6970773164475542,0.05107601704537342,0.835,91.335,0.2438716836477353,720.925,1.0
S3_P3_B2,WIPHFSP_S3_P3_B2_C044,True,0.7226367487618802,0.043111815206720874,0.81,72.22,0.23128187004594336,1147.42,1.0
S3_P3_B2,WIPHFSP_S3_P3_B2_C074,True,0.7856480137728057,0.04228944944689685,0.8,77.325,0.1997476659096644,1145.955,1.0
S3_P3_B2,WIPHFSP_S3_P3_B2_C004,True,0.7435827719897149,0.04987985460431407,0.825,80.775,0.2229569431124123,1016.435,0.995
S3_P3_B2,WIPHFSP_S3_P3_B2_C093,True,0.591027738337265,0.03693559400074031,0.73,59.195,0.2786885245901639,1301.97,1.0
S3_P3_B3,WIPHFSP_S3_P3_B3_C079,True,0.8902785648169557,0.005202515846994398,0.505,8.85,0.1341814326821142,523.565,1.0
S3_P3_B3,WIPHFSP_S3_P3_B3_C016,True,0.9111825068920236,0.0036232976801311486,0.485,6.38,0.11824051654560129,620.92,1.0
S3_P3_B3,WIPHFSP_S3_P3_B3_C014,True,0.88391749489937,0.00762276539373705,0.475,12.95,0.13740727658071353,514.01,1.0
S3_P3_B3,WIPHFSP_S3_P3_B3_C075,True,0.8911690705017646,0.006954909421185121,0.52,11.57,0.1313279160147378,624.805,1.0
S3_P3_B3,WIPHFSP_S3_P3_B3_C022,True,0.8525052981756216,0.013955375803689773,0.63,23.835,0.16399899015400152,648.405,1.0
S3_P4_B1,WIPHFSP_S3_P4_B1_C004,True,0.40536065605346155,0.13796076681957273,0.98,239.9,0.357625921065913,2317.965,1.0
S3_P4_B1,WIPHFSP_S3_P4_B1_C083,True,0.47270911486676614,0.14244839470224788,0.96,253.725,0.33321561900918173,3385.395,1.0
S3_P4_B1,WIPHFSP_S3_P4_B1_C051,True,0.5971601305401589,0.12843547523619275,0.965,259.65,0.2859879032258065,3477.355,1.0
S3_P4_B1,WIPHFSP_S3_P4_B1_C096,True,0.6180319397115558,0.1279112747455417,0.955,268.645,0.2768842954373582,3718.21,1.0
S3_P4_B1,WIPHFSP_S3_P4_B1_C089,True,0.4273277465026163,0.12311337024614666,0.94,220.88,0.35259094808012514,3611.32,1.0
S3_P4_B2,WIPHFSP_S3_P4_B2_C036,True,0.8654753337454669,0.02092108247288273,0.49,48.23,0.1391212334979341,1772.245,1.0
S3_P4_B2,WIPHFSP_S3_P4_B2_C091,True,0.8319108800993414,0.01816650166620776,0.515,38.51,0.1669103928193233,1602.065,1.0
S3_P4_B2,WIPHFSP_S3_P4_B2_C100,True,0.7237185499656367,0.03877795008553268,0.705,66.025,0.22743336025848143,1422.605,1.0
S3_P4_B2,WIPHFSP_S3_P4_B2_C049,True,0.7526930190976923,0.03168152462782303,0.68,59.56,0.21448018553998185,1608.285,1.0
S3_P4_B2,WIPHFSP_S3_P4_B2_C066,True,0.6655314715713646,0.04208580559942976,0.7,75.785,0.252548188515491,1563.58,1.0
S3_P4_B3,WIPHFSP_S3_P4_B3_C036,True,0.9415964694691136,0.0016860867768901684,0.19,3.21,0.07066230168723243,643.37,0.99
S3_P4_B3,WIPHFSP_S3_P4_B3_C032,True,0.9523329143170872,0.0066719743235820915,0.275,14.595,0.06996423714300105,948.66,1.0
S3_P4_B3,WIPHFSP_S3_P4_B3_C093,True,0.9852163784340385,0.002487499000367193,0.2,4.535,0.03621983779154703,790.68,0.995
S3_P4_B3,WIPHFSP_S3_P4_B3_C031,True,0.9794125776204649,0.00039816797784351964,0.155,0.86,0.035464208352224066,460.95,0.995
S3_P4_B3,WIPHFSP_S3_P4_B3_C075,True,0.9155565689501453,0.006969871842342708,0.395,12.77,0.10925598991172762,558.535,1.0
S4_P1_B1,WIPHFSP_S4_P1_B1_C093,True,0.40265849806535425,0.10730532062069484,0.95,209.875,0.359318951144344,1969.16,1.0
S4_P1_B1,WIPHFSP_S4_P1_B1_C009,True,0.5121688244660928,0.09330260677497593,0.96,192.855,0.31814968185031817,2182.92,1.0
S4_P1_B1,WIPHFSP_S4_P1_B1_C033,True,0.5220466326100017,0.0989337763678045,0.96,202.595,0.3165649124577426,2870.03,1.0
S4_P1_B1,WIPHFSP_S4_P1_B1_C003,True,0.4344343541312985,0.11929130707263357,0.96,246.95,0.35046233136274063,2300.125,1.0
S4_P1_B1,WIPHFSP_S4_P1_B1_C041,True,0.5201995427708836,0.10662238047104461,0.94,206.27,0.3181565796779567,2224.185,1.0
S4_P1_B2,WIPHFSP_S4_P1_B2_C080,True,0.7219562923385396,0.022222110016183988,0.62,49.495,0.22806310165818255,1365.45,1.0
S4_P1_B2,WIPHFSP_S4_P1_B2_C084,True,0.5751110061054976,0.031550533659561925,0.715,79.385,0.2918684422921711,773.06,1.0
S4_P1_B2,WIPHFSP_S4_P1_B2_C072,True,0.6723585544288371,0.030950129301480812,0.755,59.115,0.2524997475002525,947.39,1.0
S4_P1_B2,WIPHFSP_S4_P1_B2_C038,True,0.6881423716474212,0.03103334803409744,0.715,64.92,0.24714675285324714,1259.39,1.0
S4_P1_B2,WIPHFSP_S4_P1_B2_C051,True,0.7410391361841634,0.04251072193111151,0.815,93.175,0.225094673062358,1043.42,1.0
S4_P1_B3,WIPHFSP_S4_P1_B3_C027,True,0.8907702162284532,0.004283316531930484,0.38,9.67,0.1193299359200767,145.72,0.745
S4_P1_B3,WIPHFSP_S4_P1_B3_C006,True,0.9326718905091077,0.0015327432089540494,0.245,2.995,0.09017055202341306,87.745,0.635
S4_P1_B3,WIPHFSP_S4_P1_B3_C037,True,0.9224624620593674,0.0020806470583688425,0.355,4.095,0.10116554821131238,120.87,0.725
S4_P1_B3,WIPHFSP_S4_P1_B3_C061,True,0.8518357256788492,0.005073349634220908,0.505,9.75,0.15513669210167264,205.13,0.875
S4_P1_B3,WIPHFSP_S4_P1_B3_C041,True,0.8009115292362149,0.002436674384208287,0.46,3.79,0.18973608517939144,150.48,0.855
S4_P2_B1,WIPHFSP_S4_P2_B1_C042,True,0.6203523312368336,0.11048586060117911,0.965,250.375,0.2791307416931377,1391.75,1.0
S4_P2_B1,WIPHFSP_S4_P2_B1_C013,True,0.6970685663815328,0.07495968490290411,0.945,174.415,0.24140018157974377,1169.335,1.0
S4_P2_B1,WIPHFSP_S4_P2_B1_C079,True,0.6906169922070853,0.12377111856065304,0.99,273.66,0.24829880538333585,1748.33,1.0
S4_P2_B1,WIPHFSP_S4_P2_B1_C025,True,0.6925613227412398,0.08229537194897932,0.97,198.835,0.2394451450189155,1198.615,1.0
S4_P2_B1,WIPHFSP_S4_P2_B1_C020,True,0.6916408529422655,0.1057683721536329,0.975,246.48,0.24354968756299133,1501.545,1.0
S4_P2_B2,WIPHFSP_S4_P2_B2_C083,True,0.9019442026700727,0.024035409402907434,0.62,61.135,0.12972945740339564,293.215,0.805
S4_P2_B2,WIPHFSP_S4_P2_B2_C015,True,0.8101906160566428,0.02735151248285433,0.735,61.02,0.1855326876513317,435.33,0.985
S4_P2_B2,WIPHFSP_S4_P2_B2_C006,True,0.7956027216095741,0.018581750599562165,0.635,43.195,0.19279661016949154,436.965,0.945
S4_P2_B2,WIPHFSP_S4_P2_B2_C021,True,0.9065230843121506,0.011490316916301495,0.47,25.5,0.12149014467913495,155.505,0.745
S4_P2_B2,WIPHFSP_S4_P2_B2_C023,True,0.7415812210610824,0.04322668055771754,0.815,100.945,0.22020477127149846,736.065,0.99
S4_P2_B3,WIPHFSP_S4_P2_B3_C073,True,0.9910216412909943,0.00039571521107750816,0.06,0.97,0.01762513848323094,9.97,0.125
S4_P2_B3,WIPHFSP_S4_P2_B3_C069,True,0.9784243214341309,0.0016128541985734582,0.145,3.87,0.03965534616547415,36.705,0.265
S4_P2_B3,WIPHFSP_S4_P2_B3_C002,True,0.9868689293125231,0.0020370819267691827,0.075,5.495,0.018835616438356163,32.33,0.115
S4_P2_B3,WIPHFSP_S4_P2_B3_C043,True,0.930365063911686,0.0021834867632083825,0.35,4.645,0.09490892577829356,103.17,0.635
S4_P2_B3,WIPHFSP_S4_P2_B3_C096,True,0.951489884178456,0.0017728679534658748,0.23,4.02,0.0730883613085337,68.01,0.445
S4_P3_B1,WIPHFSP_S4_P3_B1_C068,True,0.4800358518379468,0.13388948119332233,0.985,313.38,0.33644200231889904,3096.14,1.0
S4_P3_B1,WIPHFSP_S4_P3_B1_C025,True,0.6360108470112101,0.09676297072476325,0.97,229.585,0.27408788550695423,2986.475,1.0
S4_P3_B1,WIPHFSP_S4_P3_B1_C095,True,0.40178721103119164,0.12308519980021228,0.97,295.925,0.35898471009739114,3548.64,1.0
S4_P3_B1,WIPHFSP_S4_P3_B1_C094,True,0.5079833144569331,0.13800903071110748,0.99,287.365,0.3193217944189332,3423.06,1.0
S4_P3_B1,WIPHFSP_S4_P3_B1_C084,True,0.3701963175644283,0.1203940506328443,0.965,262.44,0.3733972741039879,3408.11,1.0
S4_P3_B2,WIPHFSP_S4_P3_B2_C061,True,0.627144050253581,0.04905586210816251,0.84,94.96,0.2732731217518543,2210.235,1.0
S4_P3_B2,WIPHFSP_S4_P3_B2_C090,True,0.7402909790499019,0.03581098229898608,0.735,79.33,0.21969429450638148,2113.96,1.0
S4_P3_B2,WIPHFSP_S4_P3_B2_C094,True,0.6908714657895504,0.042658397113907245,0.8,104.605,0.24559721451279204,1971.315,1.0
S4_P3_B2,WIPHFSP_S4_P3_B2_C035,True,0.7562866818434092,0.03440644501055948,0.745,79.765,0.21461716937354988,2258.49,1.0
S4_P3_B2,WIPHFSP_S4_P3_B2_C030,True,0.7435091235325109,0.0327821411420609,0.765,64.345,0.21849460195742104,1604.21,1.0
S4_P3_B3,WIPHFSP_S4_P3_B3_C045,True,0.7808786336001637,0.005155730724981521,0.57,9.67,0.20049442510468696,460.1,1.0
S4_P3_B3,WIPHFSP_S4_P3_B3_C058,True,0.882460395190538,0.005834031531299767,0.54,12.63,0.14173387096774193,821.065,1.0
S4_P3_B3,WIPHFSP_S4_P3_B3_C072,True,0.7351173265237093,0.007919416238906235,0.585,15.89,0.221891250567981,670.845,0.995
S4_P3_B3,WIPHFSP_S4_P3_B3_C018,True,0.9193387491336049,0.0013379941858663756,0.455,3.105,0.11513439911241112,416.91,0.985
S4_P3_B3,WIPHFSP_S4_P3_B3_C061,True,0.8644820699230555,0.0068967281482535,0.565,15.255,0.1568568114187724,793.54,1.0
S4_P4_B1,WIPHFSP_S4_P4_B1_C094,True,0.4527251330680322,0.09458966284330844,0.915,204.275,0.33854613327952376,3255.665,1.0
S4_P4_B1,WIPHFSP_S4_P4_B1_C060,True,0.549182830056271,0.1013409138608485,0.945,223.135,0.3063149399778069,4832.905,1.0
S4_P4_B1,WIPHFSP_S4_P4_B1_C044,True,0.3784732288234006,0.11703797263854401,0.945,250.8,0.37114598576979363,4021.93,1.0
S4_P4_B1,WIPHFSP_S4_P4_B1_C026,True,0.5227087689063253,0.093664922535253,0.915,199.345,0.31319955631743474,4444.135,1.0
S4_P4_B1,WIPHFSP_S4_P4_B1_C039,True,0.4798211760367525,0.10353680826052748,0.96,249.005,0.3333501335618164,4755.8,1.0
S4_P4_B2,WIPHFSP_S4_P4_B2_C056,True,0.7019615343512028,0.02883300512112938,0.655,72.335,0.23636730168329806,2022.85,1.0
S4_P4_B2,WIPHFSP_S4_P4_B2_C066,True,0.6425392803690936,0.029102181045968675,0.7,54.785,0.26474005961703634,1693.59,1.0
S4_P4_B2,WIPHFSP_S4_P4_B2_C070,True,0.7747752511504009,0.03218378733081709,0.72,65.795,0.20655407108646331,1847.73,1.0
S4_P4_B2,WIPHFSP_S4_P4_B2_C059,True,0.6624376380928713,0.026990386627085375,0.66,65.46,0.2557176755692432,1809.185,1.0
S4_P4_B2,WIPHFSP_S4_P4_B2_C018,True,0.5842258609042628,0.02991013656942833,0.68,55.91,0.29090725501085474,1643.67,1.0
S4_P4_B3,WIPHFSP_S4_P4_B3_C094,True,0.8824906386354497,0.0019829559908317133,0.38,3.195,0.13898544153946904,561.72,1.0
S4_P4_B3,WIPHFSP_S4_P4_B3_C037,True,0.960169676573637,-0.0005609154016787384,0.185,-1.675,0.06566471656243696,255.16,0.925
S4_P4_B3,WIPHFSP_S4_P4_B3_C070,True,0.9092305522993641,0.0033996459754374554,0.345,7.755,0.11363063744016125,465.47,0.99
S4_P4_B3,WIPHFSP_S4_P4_B3_C098,True,0.9561166392822302,0.0028943032573755063,0.215,6.77,0.06894294203555422,455.215,0.985
S4_P4_B3,WIPHFSP_S4_P4_B3_C030,True,0.9000910169363947,0.0011075657490535803,0.34,1.985,0.11870811709578274,536.41,1.0
S5_P1_B1,WIPHFSP_S5_P1_B1_C050,True,0.39561638391713877,0.14351386867610197,0.985,400.515,0.3684502496343739,3982.88,1.0
S5_P1_B1,WIPHFSP_S5_P1_B1_C090,True,0.3824870344702984,0.1625763065343967,0.99,402.53,0.3674829588487756,3424.02,1.0
S5_P1_B1,WIPHFSP_S5_P1_B1_C058,True,0.3946083183483558,0.16818586433754812,1.0,422.145,0.3637510088781275,4181.185,1.0
S5_P1_B1,WIPHFSP_S5_P1_B1_C038,True,0.32184943034679436,0.17617818968849222,0.995,471.475,0.39119458749873776,4417.27,1.0
S5_P1_B1,WIPHFSP_S5_P1_B1_C049,True,0.42520030827426025,0.144770901405818,0.995,378.04,0.3529738182918832,4253.845,1.0
S5_P1_B2,WIPHFSP_S5_P1_B2_C072,True,0.5995746543176084,0.05578323606552072,0.855,150.615,0.28923495615361355,1732.895,1.0
S5_P1_B2,WIPHFSP_S5_P1_B2_C068,True,0.6188298932942768,0.03792346407052699,0.79,104.205,0.2799152841510766,1666.195,1.0
S5_P1_B2,WIPHFSP_S5_P1_B2_C086,True,0.5898625288441147,0.049969200137154314,0.84,141.82,0.28864575980639307,2428.53,1.0
S5_P1_B2,WIPHFSP_S5_P1_B2_C095,True,0.4408322492209784,0.05456051432374554,0.795,147.365,0.34897701439757517,2527.31,1.0
S5_P1_B2,WIPHFSP_S5_P1_B2_C036,True,0.5093414518359403,0.05787433312851559,0.875,143.99,0.32029475596830365,2116.215,1.0
S5_P1_B3,WIPHFSP_S5_P1_B3_C062,True,0.699343892820451,0.010262746117062144,0.555,26.095,0.2347624097358986,492.85,0.98
S5_P1_B3,WIPHFSP_S5_P1_B3_C069,True,0.7212879964690228,0.011384210763833584,0.585,29.31,0.22787621788076126,1024.74,1.0
S5_P1_B3,WIPHFSP_S5_P1_B3_C049,True,0.6663048940566282,0.013227859723229938,0.635,32.57,0.25451792024230185,925.78,1.0
S5_P1_B3,WIPHFSP_S5_P1_B3_C018,True,0.7786732810074638,0.009889670782178023,0.55,26.185,0.1996168968646033,774.65,1.0
S5_P1_B3,WIPHFSP_S5_P1_B3_C066,True,0.7816756178827021,0.009521638119007303,0.57,22.855,0.20433092726263188,789.545,1.0
S5_P2_B1,WIPHFSP_S5_P2_B1_C084,True,0.4975447510300786,0.11739248489349631,0.975,330.71,0.3244959677419355,2547.885,1.0
S5_P2_B1,WIPHFSP_S5_P2_B1_C018,True,0.3478440554233714,0.1821531632910125,1.0,460.905,0.38008273635354656,3040.935,1.0
S5_P2_B1,WIPHFSP_S5_P2_B1_C077,True,0.5122878074492272,0.15931835072357228,0.995,430.75,0.3217636969024316,3042.64,1.0
S5_P2_B1,WIPHFSP_S5_P2_B1_C010,True,0.580624982734252,0.17229544927265894,1.0,445.675,0.2951175224452739,3137.33,1.0
S5_P2_B1,WIPHFSP_S5_P2_B1_C035,True,0.5618322505977024,0.1075306736383533,0.975,305.935,0.29683244224755373,2250.415,1.0
S5_P2_B2,WIPHFSP_S5_P2_B2_C050,True,0.6352963590138438,0.05690552722109001,0.89,166.265,0.2707093128846736,1381.995,1.0
S5_P2_B2,WIPHFSP_S5_P2_B2_C032,True,0.6282956578681427,0.054765584975413756,0.855,144.81,0.27360823701610054,1213.195,1.0
S5_P2_B2,WIPHFSP_S5_P2_B2_C077,True,0.6763520380693449,0.06277446688836413,0.905,188.985,0.25656535107616313,1241.405,1.0
S5_P2_B2,WIPHFSP_S5_P2_B2_C095,True,0.5788042102516066,0.06462841871114285,0.9,178.895,0.29429550493852047,1644.005,1.0
S5_P2_B2,WIPHFSP_S5_P2_B2_C015,True,0.6247416540913098,0.06482408345865719,0.9,182.52,0.27693628193476727,1465.3,1.0
S5_P2_B3,WIPHFSP_S5_P2_B3_C016,True,0.9305406171795471,0.0058589350553422456,0.38,16.655,0.10157865536894134,129.735,0.63
S5_P2_B3,WIPHFSP_S5_P2_B3_C041,True,0.9571304331847543,0.0024933549648442624,0.27,6.755,0.0740796772566818,76.995,0.505
S5_P2_B3,WIPHFSP_S5_P2_B3_C019,True,0.937463903902581,0.0030765541809436264,0.305,8.765,0.09339051463168517,108.435,0.595
S5_P2_B3,WIPHFSP_S5_P2_B3_C056,True,0.9283789616909187,0.004594097423131971,0.425,12.99,0.1067682065765584,199.85,0.71
S5_P2_B3,WIPHFSP_S5_P2_B3_C082,True,0.7765226548473615,0.019199957554083637,0.695,53.385,0.20151438667339727,527.245,0.965
S5_P3_B1,WIPHFSP_S5_P3_B1_C097,True,0.33761720840855297,0.18482485796475157,0.995,494.89,0.3869437998183836,5594.82,1.0
S5_P3_B1,WIPHFSP_S5_P3_B1_C006,True,0.2525711491269335,0.18785585191068419,0.995,471.275,0.41439669087974174,5424.125,1.0
S5_P3_B1,WIPHFSP_S5_P3_B1_C049,True,0.2505697537207665,0.183703347034434,0.99,482.25,0.4145344436033308,5042.63,1.0
S5_P3_B1,WIPHFSP_S5_P3_B1_C098,True,0.23022132851756905,0.19558356502574623,1.0,529.45,0.4224720233894546,5159.27,1.0
S5_P3_B1,WIPHFSP_S5_P3_B1_C065,True,0.2567173896132187,0.19785141816217916,0.995,532.74,0.41344698880258246,5255.825,1.0
S5_P3_B2,WIPHFSP_S5_P3_B2_C006,True,0.5604705592958159,0.07186370636836087,0.915,206.35,0.301255230125523,4088.375,1.0
S5_P3_B2,WIPHFSP_S5_P3_B2_C055,True,0.5368527637042909,0.07458666611626896,0.915,216.97,0.31079854809437385,3556.765,1.0
S5_P3_B2,WIPHFSP_S5_P3_B2_C014,True,0.5868523226832348,0.058739749036717734,0.9,154.89,0.28892812105926863,3232.625,1.0
S5_P3_B2,WIPHFSP_S5_P3_B2_C009,True,0.5241917579727415,0.05901936832768571,0.875,171.215,0.31696496092765314,3310.155,1.0
S5_P3_B2,WIPHFSP_S5_P3_B2_C080,True,0.6241015490527676,0.06482922519866378,0.915,183.41,0.27419354838709675,4326.415,1.0
S5_P3_B3,WIPHFSP_S5_P3_B3_C095,True,0.7256451816304318,0.01894285935540676,0.67,52.19,0.2251902625875712,2065.745,1.0
S5_P3_B3,WIPHFSP_S5_P3_B3_C004,True,0.678358309707034,0.017681766602741344,0.655,44.69,0.25305093292990416,1661.41,1.0
S5_P3_B3,WIPHFSP_S5_P3_B3_C023,True,0.7537737798490727,0.016096550432734866,0.665,43.295,0.21265209269450194,1593.115,1.0
S5_P3_B3,WIPHFSP_S5_P3_B3_C008,True,0.7166770735657774,0.011681397895978845,0.645,33.525,0.231118510670501,1352.17,1.0
S5_P3_B3,WIPHFSP_S5_P3_B3_C070,True,0.7678647705143129,0.013318273869613864,0.635,37.655,0.20874520879564254,1907.655,1.0
S5_P4_B1,WIPHFSP_S5_P4_B1_C093,True,0.4428715381683611,0.14436347973724759,0.99,407.65,0.34944069333870803,7747.195,1.0
S5_P4_B1,WIPHFSP_S5_P4_B1_C070,True,0.33651875494908234,0.14890438019064392,0.98,400.185,0.3849528515959861,7023.725,1.0
S5_P4_B1,WIPHFSP_S5_P4_B1_C058,True,0.3658216996332609,0.15611879912137816,0.995,413.155,0.3761592741935484,7641.795,1.0
S5_P4_B1,WIPHFSP_S5_P4_B1_C081,True,0.4897918008148769,0.13563148626814303,0.98,405.09,0.3305272708942434,8618.585,1.0
S5_P4_B1,WIPHFSP_S5_P4_B1_C060,True,0.3913243707866179,0.16222052521251232,0.995,438.02,0.3655669895076675,8009.75,1.0
S5_P4_B2,WIPHFSP_S5_P4_B2_C027,True,0.6333238203076629,0.05514331840652484,0.825,150.395,0.26985327484495536,5019.38,1.0
S5_P4_B2,WIPHFSP_S5_P4_B2_C040,True,0.5421983826319234,0.05687389877794677,0.845,153.025,0.30869302137958854,4590.945,1.0
S5_P4_B2,WIPHFSP_S5_P4_B2_C037,True,0.5893021147052606,0.04846733072143265,0.82,133.2,0.2919881006403469,3960.6,1.0
S5_P4_B2,WIPHFSP_S5_P4_B2_C039,True,0.5691698374460975,0.04853579387300569,0.79,139.07,0.2996169740953533,4605.47,1.0
S5_P4_B2,WIPHFSP_S5_P4_B2_C073,True,0.5609285130617259,0.04766608539028238,0.795,121.05,0.29900750667539927,4171.41,1.0
S5_P4_B3,WIPHFSP_S5_P4_B3_C099,True,0.8251254065325114,0.012079495665875179,0.56,31.23,0.16461631541796914,1725.855,1.0
S5_P4_B3,WIPHFSP_S5_P4_B3_C057,True,0.8434016429732609,0.013489159666166862,0.535,37.305,0.16266061980347696,1936.15,1.0
S5_P4_B3,WIPHFSP_S5_P4_B3_C001,True,0.8219850286076096,0.00818965327713647,0.495,21.795,0.1728115241261207,1702.545,1.0
S5_P4_B3,WIPHFSP_S5_P4_B3_C040,True,0.7301887139182459,0.011954208785895733,0.56,32.49,0.22104573186103968,2152.615,1.0
S5_P4_B3,WIPHFSP_S5_P4_B3_C091,True,0.7981829459817394,0.008731978059625006,0.52,23.485,0.18686639431078833,1763.34,1.0
S6_P1_B1,WIPHFSP_S6_P1_B1_C064,True,0.22038452610476827,0.15038494451651807,1.0,422.935,0.4265886034421844,4400.055,1.0
S6_P1_B1,WIPHFSP_S6_P1_B1_C086,True,0.32636502808904444,0.12749857896361447,0.995,397.79,0.39087652015945906,4286.06,1.0
S6_P1_B1,WIPHFSP_S6_P1_B1_C009,True,0.332525416020558,0.1304103747339074,0.99,370.615,0.38773760903544596,5401.0,1.0
S6_P1_B1,WIPHFSP_S6_P1_B1_C018,True,0.24380489638990296,0.1169335934279445,0.99,348.58,0.41749533087678564,5013.52,1.0
S6_P1_B1,WIPHFSP_S6_P1_B1_C045,True,0.44098505383184966,0.14267100741248798,1.0,413.39,0.347145813354868,5396.66,1.0
S6_P1_B2,WIPHFSP_S6_P1_B2_C059,True,0.3817771539226499,0.04118184336439029,0.845,114.775,0.36591896534303325,2257.33,1.0
S6_P1_B2,WIPHFSP_S6_P1_B2_C060,True,0.471483485783055,0.03410007952629372,0.825,94.69,0.33834738276714954,2304.705,1.0
S6_P1_B2,WIPHFSP_S6_P1_B2_C019,True,0.35962199294114605,0.05268052115440264,0.83,148.035,0.3768920282542886,2577.695,1.0
S6_P1_B2,WIPHFSP_S6_P1_B2_C009,True,0.5482162438666643,0.0385057836497006,0.83,110.545,0.30574759045264166,2695.74,1.0
S6_P1_B2,WIPHFSP_S6_P1_B2_C090,True,0.3717583163422727,0.04948484778532476,0.825,140.79,0.37138961825893757,2555.365,1.0
S6_P1_B3,WIPHFSP_S6_P1_B3_C035,True,0.7917496088564636,0.0063672460469820155,0.475,17.335,0.19353374356905073,347.225,0.93
S6_P1_B3,WIPHFSP_S6_P1_B3_C048,True,0.772840136765031,0.005356012230285587,0.575,15.335,0.2056880641419999,578.05,0.995
S6_P1_B3,WIPHFSP_S6_P1_B3_C078,True,0.6246026153488241,0.010056249847691259,0.545,29.085,0.274076317383404,905.305,1.0
S6_P1_B3,WIPHFSP_S6_P1_B3_C082,True,0.607568708856435,0.012789694378066907,0.64,35.83,0.281576424282182,1254.585,1.0
S6_P1_B3,WIPHFSP_S6_P1_B3_C024,True,0.5667870374591578,0.009041945943019995,0.555,24.22,0.2980453558260518,1000.995,1.0
S6_P2_B1,WIPHFSP_S6_P2_B1_C058,True,0.5064345797962873,0.15942983691621782,1.0,488.595,0.3227822580645161,3230.415,1.0
S6_P2_B1,WIPHFSP_S6_P2_B1_C085,True,0.39949192148884083,0.16009689771992996,0.995,507.95,0.36585980837115484,3390.415,1.0
S6_P2_B1,WIPHFSP_S6_P2_B1_C029,True,0.5351172964168492,0.14767561730260917,1.0,420.005,0.31283705458394234,3514.685,1.0
S6_P2_B1,WIPHFSP_S6_P2_B1_C052,True,0.3159058887356721,0.1446094513313763,0.985,422.18,0.3919164396003633,3555.535,1.0
S6_P2_B1,WIPHFSP_S6_P2_B1_C078,True,0.36248171788526984,0.16032108065191258,0.995,479.595,0.3741623419156548,3580.43,1.0
S6_P2_B2,WIPHFSP_S6_P2_B2_C039,True,0.5556599369212242,0.053309371869707294,0.865,161.135,0.30657854908687315,1286.135,1.0
S6_P2_B2,WIPHFSP_S6_P2_B2_C044,True,0.5826350123919354,0.06782169199693966,0.915,199.57,0.2928268765133172,1645.16,1.0
S6_P2_B2,WIPHFSP_S6_P2_B2_C027,True,0.7417567458205304,0.05776091422038917,0.92,188.825,0.22345946490653498,1558.875,1.0
S6_P2_B2,WIPHFSP_S6_P2_B2_C016,True,0.4532294429356219,0.0720150127646051,0.9,203.57,0.3421556765476911,2016.3,1.0
S6_P2_B2,WIPHFSP_S6_P2_B2_C013,True,0.4898994785864717,0.04329341230680009,0.795,127.075,0.3302543912780133,998.565,1.0
S6_P2_B3,WIPHFSP_S6_P2_B3_C084,True,0.8424939415639482,0.008234187894013182,0.58,24.27,0.16970858122416052,522.375,0.96
S6_P2_B3,WIPHFSP_S6_P2_B3_C049,True,0.8468053237172071,0.0018430491227092848,0.365,5.07,0.15284856436392996,135.805,0.665
S6_P2_B3,WIPHFSP_S6_P2_B3_C042,True,0.7698397310330356,0.006746618451067982,0.54,19.075,0.20284067933683786,300.135,0.88
S6_P2_B3,WIPHFSP_S6_P2_B3_C085,True,0.6677812442827037,0.012805051145849487,0.635,36.76,0.2556800969403211,705.375,0.995
S6_P2_B3,WIPHFSP_S6_P2_B3_C016,True,0.8630109244798154,0.0033802409489807777,0.39,9.495,0.14437099460059544,142.42,0.63
S6_P3_B1,WIPHFSP_S6_P3_B1_C033,True,0.40887636320929177,0.1592021660691966,1.0,472.12,0.3595420617308856,8600.11,1.0
S6_P3_B1,WIPHFSP_S6_P3_B1_C055,True,0.38587701264388896,0.1549699580913832,1.0,479.62,0.36440207797447927,6086.085,1.0
S6_P3_B1,WIPHFSP_S6_P3_B1_C041,True,0.4196630715966814,0.15879942808971886,1.0,476.995,0.35650857719475276,6521.28,1.0
S6_P3_B1,WIPHFSP_S6_P3_B1_C071,True,0.31630721713076143,0.16029219404742517,1.0,487.275,0.39272030651340994,7164.905,1.0
S6_P3_B1,WIPHFSP_S6_P3_B1_C047,True,0.3816231995372067,0.1545185459967187,0.995,487.955,0.3690788147550897,7804.995,1.0
S6_P3_B2,WIPHFSP_S6_P3_B2_C100,True,0.5603423608779707,0.04441223100188784,0.825,137.65,0.2981810853025646,4441.22,1.0
S6_P3_B2,WIPHFSP_S6_P3_B2_C060,True,0.6042777499849817,0.06208462657681303,0.92,183.42,0.28361217496472485,4642.555,1.0
S6_P3_B2,WIPHFSP_S6_P3_B2_C059,True,0.531105499110056,0.048225000370457856,0.83,149.72,0.31495308243365955,3753.145,1.0
S6_P3_B2,WIPHFSP_S6_P3_B2_C081,True,0.40990499063568875,0.04902031652557553,0.86,138.07,0.35809889388352945,3783.02,1.0
S6_P3_B2,WIPHFSP_S6_P3_B2_C058,True,0.6393413727882818,0.049480907154656785,0.895,143.355,0.2722320302648171,4519.52,1.0
S6_P3_B3,WIPHFSP_S6_P3_B3_C056,True,0.740423347227941,0.016935093798221418,0.65,51.03,0.22360655737704918,2413.245,1.0
S6_P3_B3,WIPHFSP_S6_P3_B3_C055,True,0.7683375891774968,0.015071750565204954,0.685,47.405,0.20610032770355433,1878.355,1.0
S6_P3_B3,WIPHFSP_S6_P3_B3_C097,True,0.7796347146572707,0.011083330537202056,0.555,31.7,0.20584972264246093,2325.69,1.0
S6_P3_B3,WIPHFSP_S6_P3_B3_C007,True,0.7315217546212751,0.015404215552388224,0.64,46.485,0.22924442651064258,2005.41,1.0
S6_P3_B3,WIPHFSP_S6_P3_B3_C032,True,0.6914409878891093,0.013053447111249445,0.6,37.85,0.2431655401997377,1797.42,1.0
S6_P4_B1,WIPHFSP_S6_P4_B1_C066,True,0.3004401985627916,0.13993188641245172,0.98,410.93,0.3971159179145868,9713.725,1.0
S6_P4_B1,WIPHFSP_S6_P4_B1_C039,True,0.42464294448064,0.12732082937293074,0.97,401.49,0.3555622763244115,10264.735,1.0
S6_P4_B1,WIPHFSP_S6_P4_B1_C057,True,0.40978111025940644,0.1286494399223224,0.995,404.76,0.3567434127663862,9157.74,1.0
S6_P4_B1,WIPHFSP_S6_P4_B1_C038,True,0.3647143003944667,0.1232706472809191,0.97,404.95,0.3738096437748778,10685.895,1.0
S6_P4_B1,WIPHFSP_S6_P4_B1_C099,True,0.3431605869816271,0.1385838542782398,0.98,427.61,0.3812140768377534,10865.94,1.0
S6_P4_B2,WIPHFSP_S6_P4_B2_C053,True,0.6123206599815189,0.049543500383719526,0.845,146.125,0.2790193209907683,5557.105,1.0
S6_P4_B2,WIPHFSP_S6_P4_B2_C098,True,0.5467042435223699,0.042163146821666615,0.77,129.325,0.30625,5013.415,1.0
S6_P4_B2,WIPHFSP_S6_P4_B2_C041,True,0.47995264224308437,0.04288204918113243,0.79,137.845,0.3309120258272801,5015.36,1.0
S6_P4_B2,WIPHFSP_S6_P4_B2_C043,True,0.5714205887908175,0.04571014867311764,0.8,134.27,0.29778428304648463,4335.23,1.0
S6_P4_B2,WIPHFSP_S6_P4_B2_C023,True,0.5890197916774683,0.04604011469551005,0.855,138.16,0.2877023143246105,4910.92,1.0
S6_P4_B3,WIPHFSP_S6_P4_B3_C080,True,0.7505420927216693,0.012101975137835768,0.58,34.79,0.21689359556227938,1053.625,1.0
S6_P4_B3,WIPHFSP_S6_P4_B3_C050,True,0.6665722854741005,0.0064032633193037425,0.515,16.19,0.26060177705977383,2008.27,1.0
S6_P4_B3,WIPHFSP_S6_P4_B3_C063,True,0.69339060642131,0.010866576277321864,0.575,31.795,0.24304154901169828,1417.575,1.0
S6_P4_B3,WIPHFSP_S6_P4_B3_C047,True,0.7266731720214218,0.0049963633083937,0.525,13.64,0.2318592103272654,1266.2,1.0
S6_P4_B3,WIPHFSP_S6_P4_B3_C027,True,0.6739939419202622,0.009657849967017849,0.6,26.155,0.24907981646750366,1709.785,1.0
S7_P1_B1,WIPHFSP_S7_P1_B1_C072,True,0.37946353400155125,0.2173246949248638,1.0,652.655,0.3689305702616851,6267.265,1.0
S7_P1_B1,WIPHFSP_S7_P1_B1_C031,True,0.3459399557907903,0.21509664709704268,1.0,697.755,0.3802660753880266,5749.765,1.0
S7_P1_B1,WIPHFSP_S7_P1_B1_C011,True,0.2704600309954787,0.2537102743240469,1.0,727.705,0.4059710524988653,6982.9,1.0
S7_P1_B1,WIPHFSP_S7_P1_B1_C069,True,0.2806857733528542,0.217332091024068,1.0,688.555,0.4052923387096774,6792.01,1.0
S7_P1_B1,WIPHFSP_S7_P1_B1_C077,True,0.2636780694518856,0.23294363859430495,1.0,689.4,0.4081025175319106,6437.475,1.0
S7_P1_B2,WIPHFSP_S7_P1_B2_C034,True,0.43637791442851503,0.09064411667417704,0.935,299.725,0.34777346310958696,2932.38,1.0
S7_P1_B2,WIPHFSP_S7_P1_B2_C013,True,0.3810214565557249,0.10550422369086976,0.965,290.835,0.36974069216022604,3872.73,1.0
S7_P1_B2,WIPHFSP_S7_P1_B2_C078,True,0.3796916926751697,0.11303380858155546,0.98,316.83,0.3737317651809601,3714.29,1.0
S7_P1_B2,WIPHFSP_S7_P1_B2_C023,True,0.37444712544504244,0.09150420788908281,0.94,278.15,0.3678636271938673,3768.77,1.0
S7_P1_B2,WIPHFSP_S7_P1_B2_C064,True,0.4251253221055451,0.07940758890122399,0.885,237.05,0.3529441419641057,4438.82,1.0
S7_P1_B3,WIPHFSP_S7_P1_B3_C064,True,0.7011156046646285,0.013895467225056229,0.595,43.36,0.24145751436347143,1515.63,1.0
S7_P1_B3,WIPHFSP_S7_P1_B3_C016,True,0.7700061991119274,0.018065134072867205,0.705,58.865,0.21088469686270553,874.295,1.0
S7_P1_B3,WIPHFSP_S7_P1_B3_C004,True,0.6298307380636471,0.020982748518697317,0.685,60.545,0.2668348045397226,1756.445,1.0
S7_P1_B3,WIPHFSP_S7_P1_B3_C050,True,0.7510609349436693,0.01707038504951615,0.665,47.115,0.21913938354436766,1385.43,1.0
S7_P1_B3,WIPHFSP_S7_P1_B3_C063,True,0.7130825328857168,0.02879410997573829,0.81,80.875,0.2311768268066209,1452.125,1.0
S7_P2_B1,WIPHFSP_S7_P2_B1_C011,True,0.5602674026221889,0.16862274684767337,1.0,596.815,0.3024943310657596,3545.925,1.0
S7_P2_B1,WIPHFSP_S7_P2_B1_C099,True,0.5549206499227635,0.23494669587830644,1.0,711.045,0.30483196452864414,4558.145,1.0
S7_P2_B1,WIPHFSP_S7_P2_B1_C098,True,0.519997419909982,0.2037714908152497,1.0,651.935,0.3166087350763186,4140.035,1.0
S7_P2_B1,WIPHFSP_S7_P2_B1_C094,True,0.5112453094542891,0.19283500832812148,1.0,678.77,0.3209515649412832,4133.035,1.0
S7_P2_B1,WIPHFSP_S7_P2_B1_C096,True,0.4777433304341637,0.17201992106103042,1.0,631.53,0.33323259796514554,3514.61,1.0
S7_P2_B2,WIPHFSP_S7_P2_B2_C056,True,0.5622904815529604,0.10532118084936443,0.97,337.66,0.2984171791511241,2457.47,1.0
S7_P2_B2,WIPHFSP_S7_P2_B2_C010,True,0.5154463843890135,0.10651473911015563,0.975,329.035,0.31968329214786423,3058.71,1.0
S7_P2_B2,WIPHFSP_S7_P2_B2_C068,True,0.6325532067491034,0.12640685964198003,0.99,380.095,0.2746333350133562,2761.055,1.0
S7_P2_B2,WIPHFSP_S7_P2_B2_C100,True,0.6228769272739173,0.10272637219579943,0.97,300.1,0.27215349659176974,2380.345,1.0
S7_P2_B2,WIPHFSP_S7_P2_B2_C077,True,0.6994206386742081,0.10439507713757477,0.995,370.19,0.24639943599556854,2439.175,1.0
S7_P2_B3,WIPHFSP_S7_P2_B3_C043,True,0.8596810455875246,0.03706507325112211,0.845,126.78,0.16410385681875472,967.395,0.99
S7_P2_B3,WIPHFSP_S7_P2_B3_C074,True,0.8885613320333351,0.022642921457229456,0.75,72.695,0.1415184644062673,659.535,0.985
S7_P2_B3,WIPHFSP_S7_P2_B3_C018,True,0.7874388200038281,0.04098969454195034,0.845,127.22,0.19975793030410005,1046.825,0.995
S7_P2_B3,WIPHFSP_S7_P2_B3_C026,True,0.8274031568692766,0.010774378936551213,0.585,32.0,0.1746215943491423,349.63,0.92
S7_P2_B3,WIPHFSP_S7_P2_B3_C021,True,0.8110381118929523,0.02151581894320613,0.735,64.165,0.18856423173803527,783.1,0.995
S7_P3_B1,WIPHFSP_S7_P3_B1_C060,True,0.41015832871357666,0.2241524163963758,1.0,715.195,0.3578878419912329,8052.58,1.0
S7_P3_B1,WIPHFSP_S7_P3_B1_C015,True,0.3613496021452476,0.2624821344117081,1.0,752.73,0.37450861808285457,9235.67,1.0
S7_P3_B1,WIPHFSP_S7_P3_B1_C087,True,0.30078371399053244,0.2571876850522191,1.0,759.18,0.39752053620924255,9490.44,1.0
S7_P3_B1,WIPHFSP_S7_P3_B1_C033,True,0.28286831523248557,0.2694107890514409,1.0,729.27,0.404296087131908,8025.91,1.0
S7_P3_B1,WIPHFSP_S7_P3_B1_C046,True,0.24055687625753855,0.2581835668353037,1.0,737.235,0.41854952592293726,9551.975,1.0
S7_P3_B2,WIPHFSP_S7_P3_B2_C021,True,0.49316717031818713,0.11265804378804832,0.98,373.235,0.32577361153109563,5186.13,1.0
S7_P3_B2,WIPHFSP_S7_P3_B2_C075,True,0.5038878300865802,0.09510111571338635,0.965,298.17,0.3243420389230614,5428.63,1.0
S7_P3_B2,WIPHFSP_S7_P3_B2_C009,True,0.4568520475572079,0.09829761630252992,0.97,298.66,0.34090680100755666,6823.185,1.0
S7_P3_B2,WIPHFSP_S7_P3_B2_C100,True,0.3893162434963635,0.10645419860688678,0.965,320.24,0.3667019507031604,5241.395,1.0
S7_P3_B2,WIPHFSP_S7_P3_B2_C006,True,0.4327368882562029,0.10595379150307226,0.975,340.86,0.348714069591528,5372.47,1.0
S7_P3_B3,WIPHFSP_S7_P3_B3_C012,True,0.7315612878759585,0.02685500841916839,0.76,72.72,0.22559007464192052,3314.145,1.0
S7_P3_B3,WIPHFSP_S7_P3_B3_C094,True,0.6645466679252447,0.028133231756898806,0.765,92.63,0.2563313490061548,2855.815,1.0
S7_P3_B3,WIPHFSP_S7_P3_B3_C036,True,0.6778087756668714,0.0287922843167821,0.76,84.15,0.2520448348985156,3122.11,1.0
S7_P3_B3,WIPHFSP_S7_P3_B3_C077,True,0.7075380702523918,0.03218879939315089,0.85,109.835,0.23427649165279668,4025.41,1.0
S7_P3_B3,WIPHFSP_S7_P3_B3_C082,True,0.685830273802304,0.03664295260343587,0.825,118.595,0.24827342844180067,3425.555,1.0
S7_P4_B1,WIPHFSP_S7_P4_B1_C063,True,0.19354495144103123,0.20332424941471858,0.995,656.785,0.4309693028882504,11246.035,1.0
S7_P4_B1,WIPHFSP_S7_P4_B1_C040,True,0.2921961617630747,0.23344192631367885,1.0,669.78,0.40316564169775176,8801.765,1.0
S7_P4_B1,WIPHFSP_S7_P4_B1_C047,True,0.18198479225896674,0.20626871174661482,1.0,639.04,0.4382684942551905,12504.63,1.0
S7_P4_B1,WIPHFSP_S7_P4_B1_C024,True,0.23754163663545777,0.2085136222244019,0.995,612.99,0.4174904175912851,9032.975,1.0
S7_P4_B1,WIPHFSP_S7_P4_B1_C065,True,0.3825097101860512,0.18635464388104073,1.0,641.695,0.3701986087307188,9876.185,1.0
S7_P4_B2,WIPHFSP_S7_P4_B2_C014,True,0.44151062412592373,0.09251642032489467,0.95,313.5,0.34546370967741935,8454.215,1.0
S7_P4_B2,WIPHFSP_S7_P4_B2_C081,True,0.5019624814697023,0.0899533812717843,0.935,280.63,0.3266612886961783,8159.22,1.0
S7_P4_B2,WIPHFSP_S7_P4_B2_C085,True,0.6309177983440682,0.09023670897098077,0.95,266.465,0.2674471413432911,8635.805,1.0
S7_P4_B2,WIPHFSP_S7_P4_B2_C079,True,0.5110147308193939,0.09093394756705007,0.955,258.495,0.3194976800484164,7749.865,1.0
S7_P4_B2,WIPHFSP_S7_P4_B2_C066,True,0.46656641191099596,0.09974895457313657,0.98,303.205,0.3361556294728354,8337.595,1.0
S7_P4_B3,WIPHFSP_S7_P4_B3_C049,True,0.6929509707300913,0.012304961943136496,0.6,34.655,0.24221784975531002,2949.515,1.0
S7_P4_B3,WIPHFSP_S7_P4_B3_C025,True,0.5894154575428622,0.02880622720276274,0.67,97.465,0.28710425489009883,4457.54,1.0
S7_P4_B3,WIPHFSP_S7_P4_B3_C054,True,0.7168283867434113,0.019249178711214242,0.67,57.74,0.23605582707714012,3639.33,1.0
S7_P4_B3,WIPHFSP_S7_P4_B3_C083,True,0.6916088327160419,0.0233004582257008,0.665,70.125,0.24376480072555046,4312.02,1.0
S7_P4_B3,WIPHFSP_S7_P4_B3_C092,True,0.689965378201413,0.026184727352255455,0.695,82.04,0.24492059490799092,3496.765,1.0
S8_P1_B1,WIPHFSP_S8_P1_B1_C066,True,0.26422025163623436,0.20895733362469637,1.0,705.13,0.4091000807102502,7372.67,1.0
S8_P1_B1,WIPHFSP_S8_P1_B1_C084,True,0.1284109365992896,0.20737894223362635,1.0,656.565,0.45654803911684644,7328.655,1.0
S8_P1_B1,WIPHFSP_S8_P1_B1_C071,True,0.21236514683170807,0.20309116079245612,1.0,651.17,0.4280669895076675,10167.475,1.0
S8_P1_B1,WIPHFSP_S8_P1_B1_C053,True,0.18715840334359196,0.2056454301556423,0.995,704.49,0.4387070747819071,7115.335,1.0
S8_P1_B1,WIPHFSP_S8_P1_B1_C074,True,0.09851544669050566,0.20516321616102448,0.995,626.51,0.466824644549763,8325.765,1.0
S8_P1_B2,WIPHFSP_S8_P1_B2_C018,True,0.46345346253066644,0.07183122142063379,0.925,244.255,0.3412002017145739,3868.425,1.0
S8_P1_B2,WIPHFSP_S8_P1_B2_C027,True,0.3701295657335031,0.05682692499342032,0.87,192.32,0.37203086388622725,3785.625,1.0
S8_P1_B2,WIPHFSP_S8_P1_B2_C098,True,0.41360779231461114,0.07609724733778381,0.97,250.905,0.3579674345919242,4519.77,1.0
S8_P1_B2,WIPHFSP_S8_P1_B2_C040,True,0.4991083781035877,0.06667959195612483,0.93,209.95,0.3227320914735726,4135.52,1.0
S8_P1_B2,WIPHFSP_S8_P1_B2_C056,True,0.37336152014401014,0.07248984834756612,0.93,212.08,0.3699459896017364,4616.755,1.0
S8_P1_B3,WIPHFSP_S8_P1_B3_C078,True,0.6282930759030776,0.01674880887338374,0.685,56.515,0.2693646868849977,2096.84,1.0
S8_P1_B3,WIPHFSP_S8_P1_B3_C068,True,0.5922322960795626,0.00869507629326581,0.61,27.465,0.28783906423313504,1369.38,1.0
S8_P1_B3,WIPHFSP_S8_P1_B3_C086,True,0.5782781272187968,0.01266994272961371,0.62,41.42,0.29492226933171817,1674.025,1.0
S8_P1_B3,WIPHFSP_S8_P1_B3_C091,True,0.6449032385818182,0.010732870551864525,0.565,33.265,0.2661587365659216,1584.06,1.0
S8_P1_B3,WIPHFSP_S8_P1_B3_C059,True,0.5644260450094847,0.021226022514516916,0.705,68.94,0.2976082349379352,2073.16,1.0
S8_P2_B1,WIPHFSP_S8_P2_B1_C061,True,0.2187537502221453,0.2580459191767748,1.0,851.31,0.4243585219539245,5660.57,1.0
S8_P2_B1,WIPHFSP_S8_P2_B1_C050,True,0.41768009591520605,0.20524625966695587,1.0,682.84,0.3586085202924124,4595.985,1.0
S8_P2_B1,WIPHFSP_S8_P2_B1_C082,True,0.4099852129743651,0.22537733123906065,1.0,744.785,0.3601613716591024,6145.965,1.0
S8_P2_B1,WIPHFSP_S8_P2_B1_C087,True,0.3866763522077685,0.24119942730022728,1.0,775.565,0.3686917065792791,6795.395,1.0
S8_P2_B1,WIPHFSP_S8_P2_B1_C043,True,0.3952127673540341,0.2318223485575011,1.0,858.89,0.36360431147375843,5102.56,1.0
S8_P2_B2,WIPHFSP_S8_P2_B2_C015,True,0.503296431331469,0.08214093796114318,0.96,296.515,0.3266767523953606,2502.17,1.0
S8_P2_B2,WIPHFSP_S8_P2_B2_C062,True,0.6208574315242169,0.0998888703214203,0.98,342.31,0.27820913582736717,2951.035,1.0
S8_P2_B2,WIPHFSP_S8_P2_B2_C078,True,0.47052145909791604,0.11110770023740996,0.98,375.49,0.3334342364159225,3176.67,1.0
S8_P2_B2,WIPHFSP_S8_P2_B2_C030,True,0.5975836138522881,0.0934960538868376,0.985,342.535,0.28832686785228473,2514.6,1.0
S8_P2_B2,WIPHFSP_S8_P2_B2_C048,True,0.5719902945468741,0.07590663635443834,0.945,279.265,0.2933944676777347,2755.565,1.0
S8_P2_B3,WIPHFSP_S8_P2_B3_C091,True,0.7138018816695774,0.02485551180918788,0.73,86.075,0.23491727199354318,1202.02,1.0
S8_P2_B3,WIPHFSP_S8_P2_B3_C039,True,0.7892387629546986,0.017121667332225195,0.64,61.32,0.19487593302400646,493.64,0.95
S8_P2_B3,WIPHFSP_S8_P2_B3_C067,True,0.7014102624202404,0.046307733469645555,0.855,163.37,0.24150448724412624,1458.305,1.0
S8_P2_B3,WIPHFSP_S8_P2_B3_C029,True,0.7924812966238907,0.019949661547016193,0.69,73.435,0.19656912209889002,849.945,0.99
S8_P2_B3,WIPHFSP_S8_P2_B3_C056,True,0.5393999716534138,0.026899267523107572,0.76,85.595,0.3050659124198192,1237.525,1.0
S8_P3_B1,WIPHFSP_S8_P3_B1_C089,True,0.2835021661003583,0.2066920032995129,1.0,762.835,0.4042928402277422,11108.615,1.0
S8_P3_B1,WIPHFSP_S8_P3_B1_C060,True,0.20389983615060658,0.23770644951225406,1.0,705.75,0.43012273347138746,9805.835,1.0
S8_P3_B1,WIPHFSP_S8_P3_B1_C076,True,0.2670535088814457,0.21864829687340187,1.0,754.125,0.41065941262404915,11384.79,1.0
S8_P3_B1,WIPHFSP_S8_P3_B1_C069,True,0.35833847110286954,0.2264701602428637,1.0,708.695,0.3762855414398064,11558.645,1.0
S8_P3_B1,WIPHFSP_S8_P3_B1_C054,True,0.4031438706003363,0.1959420213609492,0.995,699.575,0.35898598931559317,11906.475,1.0
S8_P3_B2,WIPHFSP_S8_P3_B2_C048,True,0.5036654406034781,0.08823832254554595,0.985,321.495,0.32377111167128814,7218.55,1.0
S8_P3_B2,WIPHFSP_S8_P3_B2_C051,True,0.3974079967681804,0.09367224140067189,0.96,276.235,0.36312736443883986,6452.43,1.0
S8_P3_B2,WIPHFSP_S8_P3_B2_C061,True,0.35631197217290095,0.09631968034613,0.975,318.76,0.3768218266175803,7124.64,1.0
S8_P3_B2,WIPHFSP_S8_P3_B2_C055,True,0.49684963333550813,0.09314139523262631,0.94,317.785,0.32514501891551073,6772.035,1.0
S8_P3_B2,WIPHFSP_S8_P3_B2_C022,True,0.3383184488666803,0.07981493203067055,0.95,312.275,0.3787229753565489,6549.295,1.0
S8_P3_B3,WIPHFSP_S8_P3_B3_C097,True,0.597444998850221,0.020943753795033104,0.695,72.995,0.282747845370697,4314.205,1.0
S8_P3_B3,WIPHFSP_S8_P3_B3_C052,True,0.6549093052846117,0.028261781239014058,0.775,94.84,0.26066350710900477,3933.76,1.0
S8_P3_B3,WIPHFSP_S8_P3_B3_C007,True,0.6492251543308679,0.026284232243512676,0.745,88.535,0.2633329972779514,3849.795,1.0
S8_P3_B3,WIPHFSP_S8_P3_B3_C042,True,0.523922852845877,0.03161235314912614,0.77,98.76,0.3132006867993132,4554.365,1.0
S8_P3_B3,WIPHFSP_S8_P3_B3_C067,True,0.7456501292356575,0.034674621116078296,0.815,107.795,0.22122465449409867,4790.635,1.0
S8_P4_B1,WIPHFSP_S8_P4_B1_C052,True,0.23841312927172364,0.17003938964121623,0.995,651.76,0.41891415032514995,15764.55,1.0
S8_P4_B1,WIPHFSP_S8_P4_B1_C054,True,0.23817454618336006,0.20341299776044766,1.0,609.545,0.4193694829760404,14637.16,1.0
S8_P4_B1,WIPHFSP_S8_P4_B1_C006,True,0.25063003937999906,0.18508929264169882,0.995,645.065,0.41381572308002823,16866.025,1.0
S8_P4_B1,WIPHFSP_S8_P4_B1_C078,True,0.30425956642693525,0.162453519520868,0.995,622.895,0.39461747807680675,14811.105,1.0
S8_P4_B1,WIPHFSP_S8_P4_B1_C023,True,0.3122214063434915,0.1783183411926803,1.0,594.915,0.39196005245637044,12323.85,1.0
S8_P4_B2,WIPHFSP_S8_P4_B2_C009,True,0.48497498049230703,0.07127134108147853,0.935,227.08,0.32950075642965204,9523.74,1.0
S8_P4_B2,WIPHFSP_S8_P4_B2_C001,True,0.4632750267484688,0.061196545331624705,0.865,230.275,0.3395817586293777,9656.405,1.0
S8_P4_B2,WIPHFSP_S8_P4_B2_C052,True,0.5455662669242346,0.07681897947274031,0.935,266.965,0.3047883064516129,10336.93,1.0
S8_P4_B2,WIPHFSP_S8_P4_B2_C008,True,0.47090600893414997,0.06621398035207365,0.905,249.525,0.33516483516483514,8699.0,1.0
S8_P4_B2,WIPHFSP_S8_P4_B2_C046,True,0.5180419852132286,0.0680474522934677,0.91,259.245,0.31854574752001613,10120.875,1.0
S8_P4_B3,WIPHFSP_S8_P4_B3_C041,True,0.7367636475609222,0.018581205473300035,0.64,61.05,0.22352111256676407,4485.85,1.0
S8_P4_B3,WIPHFSP_S8_P4_B3_C022,True,0.6719920466204132,0.016893694332532974,0.595,61.52,0.25041567995162994,4062.885,1.0
S8_P4_B3,WIPHFSP_S8_P4_B3_C077,True,0.6884645501597066,0.017601050181410074,0.635,57.615,0.24484549074960932,3591.99,1.0
S8_P4_B3,WIPHFSP_S8_P4_B3_C032,True,0.6103347602798618,0.014391691279124683,0.61,51.675,0.27703009224255254,3874.92,1.0
S8_P4_B3,WIPHFSP_S8_P4_B3_C071,True,0.6423106290172057,0.014830079826142501,0.655,49.665,0.26551306628998084,4247.095,1.0
