cell_id,top5_candidate_ids,top2_candidate_ids,selected_candidate_id,source_path,formal_instance_id,formal_filename,low_wip_rank_corr_L25_L33,low_wip_rank_corr_L33_L50,low_wip_rank_corr_L25_L50,mean_rank_stability,selected_candidate_low_wip_robustness,selected_rank_L25,selected_rank_L33,selected_rank_L50,selected_rank_span,selected_D_S_L25,selected_D_S_L33,selected_D_S_L50,selected_finite_relaxed_spearman,selected_mean_relative_buffer_penalty,selected_positive_penalty_ratio,selected_rank_inversion_ratio,selected_mean_blocking,selected_P_block,small_mean_HV,large_mean_HV,small_mean_IGD,large_mean_IGD,HV_gap,IGD_gap,hardness_informative,selection_reason,empirical_hardness_used
S1_P1_B1,"[""WIPHFSP_S1_P1_B1_C085"",""WIPHFSP_S1_P1_B1_C005"",""WIPHFSP_S1_P1_B1_C042"",""WIPHFSP_S1_P1_B1_C008"",""WIPHFSP_S1_P1_B1_C013""]","[""WIPHFSP_S1_P1_B1_C005"",""WIPHFSP_S1_P1_B1_C085""]",WIPHFSP_S1_P1_B1_C005,/Users/chen/Documents/Code/WIP-aware/data/benchmark_candidates/candidates/S1_P1_B1/WIPHFSP_S1_P1_B1_C005.json,WIPHFSP_S1_P1_B1,WIPHFSP_S1_P1_B1.json,0.9999999999999998,0.9999999999999998,0.9999999999999998,0.9999999999999997,1.0,5,5,5,0,1.3255274261603356,1.3255274261603356,0.933454215775158,0.7078316348948777,0.04658897707506616,0.77,0.23815543307882894,425.185,0.995,0.8163424661431663,1.027313929668829,0.1974509929469166,0.07262003035388638,0.20536221444351221,0.12483096259303021,1,"candidate robustness, shortage robustness, finite-buffer relevance, rank inversion, hardness tie-break",True
S1_P1_B2,"[""WIPHFSP_S1_P1_B2_C061"",""WIPHFSP_S1_P1_B2_C006"",""WIPHFSP_S1_P1_B2_C085"",""WIPHFSP_S1_P1_B2_C003"",""WIPHFSP_S1_P1_B2_C090""]","[""WIPHFSP_S1_P1_B2_C090"",""WIPHFSP_S1_P1_B2_C006""]",WIPHFSP_S1_P1_B2_C090,/Users/chen/Documents/Code/WIP-aware/data/benchmark_candidates/candidates/S1_P1_B2/WIPHFSP_S1_P1_B2_C090.json,WIPHFSP_S1_P1_B2,WIPHFSP_S1_P1_B2.json,0.9999999999999998,0.9999999999999998,0.9999999999999998,0.9999999999999997,1.0,3,3,3,0,0.9237755102040809,0.9237755102040809,0.7185958005249334,0.9097899617378675,0.005161809073691562,0.28,0.10047460365545795,113.79,0.78,0.9143996791604703,1.01940485938205,0.16964107153595143,0.06265717115293698,0.10300635636083728,0.10698390038301445,1,"candidate robustness, shortage robustness, finite-buffer relevance, rank inversion, hardness tie-break",True
S1_P1_B3,"[""WIPHFSP_S1_P1_B3_C004"",""WIPHFSP_S1_P1_B3_C088"",""WIPHFSP_S1_P1_B3_C094"",""WIPHFSP_S1_P1_B3_C085"",""WIPHFSP_S1_P1_B3_C047""]","[""WIPHFSP_S1_P1_B3_C004"",""WIPHFSP_S1_P1_B3_C088""]",WIPHFSP_S1_P1_B3_C004,/Users/chen/Documents/Code/WIP-aware/data/benchmark_candidates/candidates/S1_P1_B3/WIPHFSP_S1_P1_B3_C004.json,WIPHFSP_S1_P1_B3,WIPHFSP_S1_P1_B3.json,0.9999999999999998,0.9999999999999998,0.9999999999999998,0.9999999999999997,1.0,1,1,1,0,0.8287484116899614,0.6956454601605925,0.5480420334111729,0.9972788564622028,9.405593017824996e-05,0.02,0.006948290619807663,9.05,0.145,0.9791586422911724,1.1134428059729264,0.10619708828884387,0.050140701532076185,0.1206026595719893,0.05605638675676769,1,"candidate robustness, shortage robustness, finite-buffer relevance, rank inversion, hardness tie-break",True
S1_P2_B1,"[""WIPHFSP_S1_P2_B1_C069"",""WIPHFSP_S1_P2_B1_C066"",""WIPHFSP_S1_P2_B1_C078"",""WIPHFSP_S1_P2_B1_C032"",""WIPHFSP_S1_P2_B1_C016""]","[""WIPHFSP_S1_P2_B1_C066"",""WIPHFSP_S1_P2_B1_C078""]",WIPHFSP_S1_P2_B1_C066,/Users/chen/Documents/Code/WIP-aware/data/benchmark_candidates/candidates/S1_P2_B1/WIPHFSP_S1_P2_B1_C066.json,WIPHFSP_S1_P2_B1,WIPHFSP_S1_P2_B1.json,0.9999999999999998,0.9999999999999998,0.9999999999999998,0.9999999999999997,1.0,1,1,1,0,0.9068715083798876,0.7588028787080918,0.7413860252004579,0.8107049099358149,0.029806622028874595,0.62,0.1852151489103504,212.44,0.915,0.7354216859886964,0.9056948692773437,0.18951008560715876,0.0631636662150389,0.18800281315971315,0.12634641939211988,1,"candidate robustness, shortage robustness, finite-buffer relevance, rank inversion, hardness tie-break",True
S1_P2_B2,"[""WIPHFSP_S1_P2_B2_C043"",""WIPHFSP_S1_P2_B2_C059"",""WIPHFSP_S1_P2_B2_C086"",""WIPHFSP_S1_P2_B2_C073"",""WIPHFSP_S1_P2_B2_C088""]","[""WIPHFSP_S1_P2_B2_C073"",""WIPHFSP_S1_P2_B2_C088""]",WIPHFSP_S1_P2_B2_C073,/Users/chen/Documents/Code/WIP-aware/data/benchmark_candidates/candidates/S1_P2_B2/WIPHFSP_S1_P2_B2_C073.json,WIPHFSP_S1_P2_B2,WIPHFSP_S1_P2_B2.json,0.9999999999999998,0.9999999999999998,0.9999999999999998,0.9999999999999997,1.0,2,2,2,0,0.9442234848484842,0.9442234848484842,0.7658336557059956,0.9785123669467688,-0.0014617139122274718,0.065,0.03535761121759306,18.44,0.245,0.9094561417515238,0.9870770280372476,0.1937984082593231,0.059613839321549594,0.07863711147243531,0.1341845689377735,1,"candidate robustness, shortage robustness, finite-buffer relevance, rank inversion, hardness tie-break",True
S1_P2_B3,"[""WIPHFSP_S1_P2_B3_C051"",""WIPHFSP_S1_P2_B3_C028"",""WIPHFSP_S1_P2_B3_C022"",""WIPHFSP_S1_P2_B3_C058"",""WIPHFSP_S1_P2_B3_C083""]","[""WIPHFSP_S1_P2_B3_C083"",""WIPHFSP_S1_P2_B3_C051""]",WIPHFSP_S1_P2_B3_C083,/Users/chen/Documents/Code/WIP-aware/data/benchmark_candidates/candidates/S1_P2_B3/WIPHFSP_S1_P2_B3_C083.json,WIPHFSP_S1_P2_B3,WIPHFSP_S1_P2_B3.json,0.9999999999999998,0.9999999999999998,0.9999999999999998,0.9999999999999997,1.0,4,4,4,0,0.9730786186627474,0.7652783437932997,0.6299266854087423,0.9997149774832211,0.00021835677276091782,0.005,0.0009576130235371201,0.015,0.005,0.7665815217039216,0.9549793013196626,0.18586599228025324,0.03501703715379703,0.19727943773776188,0.1508489551264562,1,"candidate robustness, shortage robustness, finite-buffer relevance, rank inversion, hardness tie-break",True
S1_P3_B1,"[""WIPHFSP_S1_P3_B1_C017"",""WIPHFSP_S1_P3_B1_C053"",""WIPHFSP_S1_P3_B1_C099"",""WIPHFSP_S1_P3_B1_C023"",""WIPHFSP_S1_P3_B1_C014""]","[""WIPHFSP_S1_P3_B1_C017"",""WIPHFSP_S1_P3_B1_C023""]",WIPHFSP_S1_P3_B1_C017,/Users/chen/Documents/Code/WIP-aware/data/benchmark_candidates/candidates/S1_P3_B1/WIPHFSP_S1_P3_B1_C017.json,WIPHFSP_S1_P3_B1,WIPHFSP_S1_P3_B1.json,0.9999999999999998,0.9999999999999998,0.9999999999999998,0.9999999999999997,1.0,3,3,3,0,0.972214251554279,0.7656743463629301,0.7222499110003557,0.6599880815763592,0.0527271734298533,0.76,0.2606716568885292,505.525,1.0,0.6263143782485951,1.0420783092794386,0.30668288398401444,0.03911159956602307,0.398975707802546,0.2675712844179914,1,"candidate robustness, shortage robustness, finite-buffer relevance, rank inversion, hardness tie-break",True
S1_P3_B2,"[""WIPHFSP_S1_P3_B2_C087"",""WIPHFSP_S1_P3_B2_C075"",""WIPHFSP_S1_P3_B2_C028"",""WIPHFSP_S1_P3_B2_C095"",""WIPHFSP_S1_P3_B2_C090""]","[""WIPHFSP_S1_P3_B2_C028"",""WIPHFSP_S1_P3_B2_C095""]",WIPHFSP_S1_P3_B2_C028,/Users/chen/Documents/Code/WIP-aware/data/benchmark_candidates/candidates/S1_P3_B2/WIPHFSP_S1_P3_B2_C028.json,WIPHFSP_S1_P3_B2,WIPHFSP_S1_P3_B2.json,0.9999999999999998,0.9999999999999998,0.9999999999999998,0.9999999999999997,1.0,1,1,1,0,0.7560866013071894,0.7560866013071894,0.6311896087438618,0.9260662405142983,0.007156585408883362,0.47,0.10952404986624943,260.8,0.9,0.7170162546569918,1.0018436340993477,0.24494031281228462,0.08984008047066565,0.28430322831579397,0.15510023234161896,1,"candidate robustness, shortage robustness, finite-buffer relevance, rank inversion, hardness tie-break",True
S1_P3_B3,"[""WIPHFSP_S1_P3_B3_C039"",""WIPHFSP_S1_P3_B3_C075"",""WIPHFSP_S1_P3_B3_C056"",""WIPHFSP_S1_P3_B3_C066"",""WIPHFSP_S1_P3_B3_C014""]","[""WIPHFSP_S1_P3_B3_C075"",""WIPHFSP_S1_P3_B3_C014""]",WIPHFSP_S1_P3_B3_C075,/Users/chen/Documents/Code/WIP-aware/data/benchmark_candidates/candidates/S1_P3_B3/WIPHFSP_S1_P3_B3_C075.json,WIPHFSP_S1_P3_B3,WIPHFSP_S1_P3_B3.json,0.9999999999999998,0.9999999999999998,0.9999999999999998,0.9999999999999997,1.0,5,5,5,0,0.8069069069069066,0.679014084507042,0.5366861345446678,0.9324417626058866,0.002767738619106272,0.16,0.07369271148798708,30.21,0.43,0.6895603038457663,0.9403711990197523,0.21803554348279464,0.055575137157316365,0.2667147775635471,0.16246040632547826,1,"candidate robustness, shortage robustness, finite-buffer relevance, rank inversion, hardness tie-break",True
S1_P4_B1,"[""WIPHFSP_S1_P4_B1_C035"",""WIPHFSP_S1_P4_B1_C084"",""WIPHFSP_S1_P4_B1_C074"",""WIPHFSP_S1_P4_B1_C067"",""WIPHFSP_S1_P4_B1_C002""]","[""WIPHFSP_S1_P4_B1_C074"",""WIPHFSP_S1_P4_B1_C002""]",WIPHFSP_S1_P4_B1_C074,/Users/chen/Documents/Code/WIP-aware/data/benchmark_candidates/candidates/S1_P4_B1/WIPHFSP_S1_P4_B1_C074.json,WIPHFSP_S1_P4_B1,WIPHFSP_S1_P4_B1.json,0.9999999999999998,0.9999999999999998,0.9999999999999998,0.9999999999999997,1.0,3,3,3,0,1.6786082474226744,1.6786082474226744,1.3099972980275594,0.7882747908068947,0.030893663442951653,0.59,0.1918223119636547,721.565,1.0,0.8336635405773147,0.99634247545795,0.2467755717489909,0.07470182247468819,0.16327612130126207,0.1720737492743027,1,"candidate robustness, shortage robustness, finite-buffer relevance, rank inversion, hardness tie-break",True
S1_P4_B2,"[""WIPHFSP_S1_P4_B2_C090"",""WIPHFSP_S1_P4_B2_C038"",""WIPHFSP_S1_P4_B2_C004"",""WIPHFSP_S1_P4_B2_C011"",""WIPHFSP_S1_P4_B2_C040""]","[""WIPHFSP_S1_P4_B2_C038"",""WIPHFSP_S1_P4_B2_C011""]",WIPHFSP_S1_P4_B2_C038,/Users/chen/Documents/Code/WIP-aware/data/benchmark_candidates/candidates/S1_P4_B2/WIPHFSP_S1_P4_B2_C038.json,WIPHFSP_S1_P4_B2,WIPHFSP_S1_P4_B2.json,0.9999999999999998,0.9999999999999998,0.9999999999999998,0.9999999999999997,1.0,5,5,5,0,1.038069164265127,1.038069164265127,0.8323568773234186,0.954228744522742,0.0027593993125043636,0.225,0.06813020439061317,207.495,0.935,0.9678067301965458,1.0612470220369272,0.15688442989844972,0.037705802068886525,0.08804763631840087,0.1191786278295632,1,"candidate robustness, shortage robustness, finite-buffer relevance, rank inversion, hardness tie-break",True
S1_P4_B3,"[""WIPHFSP_S1_P4_B3_C045"",""WIPHFSP_S1_P4_B3_C010"",""WIPHFSP_S1_P4_B3_C079"",""WIPHFSP_S1_P4_B3_C043"",""WIPHFSP_S1_P4_B3_C081""]","[""WIPHFSP_S1_P4_B3_C079"",""WIPHFSP_S1_P4_B3_C010""]",WIPHFSP_S1_P4_B3_C079,/Users/chen/Documents/Code/WIP-aware/data/benchmark_candidates/candidates/S1_P4_B3/WIPHFSP_S1_P4_B3_C079.json,WIPHFSP_S1_P4_B3,WIPHFSP_S1_P4_B3.json,0.9999999999999998,0.9999999999999998,0.9999999999999998,0.9999999999999997,1.0,4,4,4,0,0.8919052016004919,0.7213643977463072,0.585282146160962,0.9947275079033673,0.000825956008643504,0.03,0.008465608465608466,3.98,0.12,0.9585250850006173,1.083689868375282,0.22794097916799105,0.07593298777898902,0.11549871141842645,0.15200799138900203,1,"candidate robustness, shortage robustness, finite-buffer relevance, rank inversion, hardness tie-break",True
S2_P1_B1,"[""WIPHFSP_S2_P1_B1_C034"",""WIPHFSP_S2_P1_B1_C042"",""WIPHFSP_S2_P1_B1_C016"",""WIPHFSP_S2_P1_B1_C063"",""WIPHFSP_S2_P1_B1_C037""]","[""WIPHFSP_S2_P1_B1_C042"",""WIPHFSP_S2_P1_B1_C016""]",WIPHFSP_S2_P1_B1_C042,/Users/chen/Documents/Code/WIP-aware/data/benchmark_candidates/candidates/S2_P1_B1/WIPHFSP_S2_P1_B1_C042.json,WIPHFSP_S2_P1_B1,WIPHFSP_S2_P1_B1.json,0.9999999999999998,0.9999999999999998,0.9999999999999998,0.9999999999999997,1.0,3,3,3,0,0.8233366935483865,0.8233366935483865,0.6058434399117967,0.6086610516155778,0.03389735984250639,0.68,0.2827603640040445,536.125,1.0,0.6854717214994279,0.9102733030627298,0.1597036300413558,0.05486295008507291,0.2469605346072235,0.10484067995628288,1,"candidate robustness, shortage robustness, finite-buffer relevance, rank inversion, hardness tie-break",True
S2_P1_B2,"[""WIPHFSP_S2_P1_B2_C096"",""WIPHFSP_S2_P1_B2_C032"",""WIPHFSP_S2_P1_B2_C025"",""WIPHFSP_S2_P1_B2_C076"",""WIPHFSP_S2_P1_B2_C027""]","[""WIPHFSP_S2_P1_B2_C096"",""WIPHFSP_S2_P1_B2_C025""]",WIPHFSP_S2_P1_B2_C096,/Users/chen/Documents/Code/WIP-aware/data/benchmark_candidates/candidates/S2_P1_B2/WIPHFSP_S2_P1_B2_C096.json,WIPHFSP_S2_P1_B2,WIPHFSP_S2_P1_B2.json,0.9999999999999998,0.9999999999999998,0.9999999999999998,0.9999999999999997,1.0,3,3,3,0,0.568216429275284,0.568216429275284,0.4576746735771953,0.8098583388438321,0.004053772764232375,0.47,0.18518893216652335,113.545,0.855,0.7050387430047355,0.8505354989082929,0.15764184292512834,0.04336265366578681,0.17106488334718442,0.11427918925934152,1,"candidate robustness, shortage robustness, finite-buffer relevance, rank inversion, hardness tie-break",True
S2_P1_B3,"[""WIPHFSP_S2_P1_B3_C090"",""WIPHFSP_S2_P1_B3_C009"",""WIPHFSP_S2_P1_B3_C013"",""WIPHFSP_S2_P1_B3_C095"",""WIPHFSP_S2_P1_B3_C027""]","[""WIPHFSP_S2_P1_B3_C009"",""WIPHFSP_S2_P1_B3_C013""]",WIPHFSP_S2_P1_B3_C009,/Users/chen/Documents/Code/WIP-aware/data/benchmark_candidates/candidates/S2_P1_B3/WIPHFSP_S2_P1_B3_C009.json,WIPHFSP_S2_P1_B3,WIPHFSP_S2_P1_B3.json,0.9999999999999998,0.9999999999999998,0.9999999999999998,0.9999999999999997,1.0,2,2,2,0,0.6395776220936132,0.5350360731770161,0.38800313350990395,0.9876015902684221,0.0006633877968344705,0.04,0.020214750214246107,5.065,0.145,0.9781416405742539,1.1007526843119066,0.12865208856363908,0.06458705732943378,0.11138836678303168,0.0640650312342053,1,"candidate robustness, shortage robustness, finite-buffer relevance, rank inversion, hardness tie-break",True
S2_P2_B1,"[""WIPHFSP_S2_P2_B1_C001"",""WIPHFSP_S2_P2_B1_C086"",""WIPHFSP_S2_P2_B1_C089"",""WIPHFSP_S2_P2_B1_C022"",""WIPHFSP_S2_P2_B1_C006""]","[""WIPHFSP_S2_P2_B1_C086"",""WIPHFSP_S2_P2_B1_C022""]",WIPHFSP_S2_P2_B1_C086,/Users/chen/Documents/Code/WIP-aware/data/benchmark_candidates/candidates/S2_P2_B1/WIPHFSP_S2_P2_B1_C086.json,WIPHFSP_S2_P2_B1,WIPHFSP_S2_P2_B1.json,0.9999999999999998,0.9999999999999998,0.9999999999999998,0.9999999999999997,1.0,1,1,1,0,0.9010025062656636,0.9010025062656636,0.6927356624917597,0.8017268471753397,0.02042072268091236,0.585,0.18379306860664849,212.265,0.89,0.7350163872302509,0.8937446357425978,0.20842532919055579,0.10580690612867681,0.17759910623719113,0.10261842306187897,1,"candidate robustness, shortage robustness, finite-buffer relevance, rank inversion, hardness tie-break",True
S2_P2_B2,"[""WIPHFSP_S2_P2_B2_C023"",""WIPHFSP_S2_P2_B2_C082"",""WIPHFSP_S2_P2_B2_C017"",""WIPHFSP_S2_P2_B2_C013"",""WIPHFSP_S2_P2_B2_C089""]","[""WIPHFSP_S2_P2_B2_C013"",""WIPHFSP_S2_P2_B2_C023""]",WIPHFSP_S2_P2_B2_C013,/Users/chen/Documents/Code/WIP-aware/data/benchmark_candidates/candidates/S2_P2_B2/WIPHFSP_S2_P2_B2_C013.json,WIPHFSP_S2_P2_B2,WIPHFSP_S2_P2_B2.json,0.9999999999999998,0.9999999999999998,0.9999999999999998,0.9999999999999997,1.0,3,3,3,0,0.6647848560112763,0.6647848560112763,0.5683550770198045,0.934760270007955,0.004236419174341376,0.17,0.0716196436682986,29.735,0.325,0.5461551863055525,0.9476687422254894,0.3155354775296988,0.045860369109335,0.42368555385356016,0.2696751084203638,1,"candidate robustness, shortage robustness, finite-buffer relevance, rank inversion, hardness tie-break",True
S2_P2_B3,"[""WIPHFSP_S2_P2_B3_C089"",""WIPHFSP_S2_P2_B3_C030"",""WIPHFSP_S2_P2_B3_C019"",""WIPHFSP_S2_P2_B3_C020"",""WIPHFSP_S2_P2_B3_C050""]","[""WIPHFSP_S2_P2_B3_C020"",""WIPHFSP_S2_P2_B3_C089""]",WIPHFSP_S2_P2_B3_C020,/Users/chen/Documents/Code/WIP-aware/data/benchmark_candidates/candidates/S2_P2_B3/WIPHFSP_S2_P2_B3_C020.json,WIPHFSP_S2_P2_B3,WIPHFSP_S2_P2_B3.json,0.9999999999999998,0.9999999999999998,0.9999999999999998,0.9999999999999997,1.0,3,3,3,0,0.5636001063546929,0.49137748500176437,0.42233089279860137,0.998164950440981,0.0001256784438551608,0.01,0.0040357160873732536,2.11,0.03,0.5648827619560747,0.7810080308166152,0.26810305359792663,0.10244575142357995,0.27672605188743715,0.16565730217434668,1,"candidate robustness, shortage robustness, finite-buffer relevance, rank inversion, hardness tie-break",True
S2_P3_B1,"[""WIPHFSP_S2_P3_B1_C054"",""WIPHFSP_S2_P3_B1_C011"",""WIPHFSP_S2_P3_B1_C001"",""WIPHFSP_S2_P3_B1_C073"",""WIPHFSP_S2_P3_B1_C027""]","[""WIPHFSP_S2_P3_B1_C011"",""WIPHFSP_S2_P3_B1_C073""]",WIPHFSP_S2_P3_B1_C011,/Users/chen/Documents/Code/WIP-aware/data/benchmark_candidates/candidates/S2_P3_B1/WIPHFSP_S2_P3_B1_C011.json,WIPHFSP_S2_P3_B1,WIPHFSP_S2_P3_B1.json,0.9999999999999998,0.9999999999999998,0.9999999999999998,0.9999999999999997,1.0,5,5,5,0,0.7084146064867312,0.6910926365795721,0.556228698023176,0.7473618759000172,0.02170718697099123,0.7,0.21869158878504674,556.395,1.0,0.8139667022792025,0.992828881766382,0.24420095281733217,0.1505612351333895,0.18015408573608208,0.09363971768394266,1,"candidate robustness, shortage robustness, finite-buffer relevance, rank inversion, hardness tie-break",True
S2_P3_B2,"[""WIPHFSP_S2_P3_B2_C046"",""WIPHFSP_S2_P3_B2_C075"",""WIPHFSP_S2_P3_B2_C009"",""WIPHFSP_S2_P3_B2_C070"",""WIPHFSP_S2_P3_B2_C004""]","[""WIPHFSP_S2_P3_B2_C004"",""WIPHFSP_S2_P3_B2_C046""]",WIPHFSP_S2_P3_B2_C004,/Users/chen/Documents/Code/WIP-aware/data/benchmark_candidates/candidates/S2_P3_B2/WIPHFSP_S2_P3_B2_C004.json,WIPHFSP_S2_P3_B2,WIPHFSP_S2_P3_B2.json,0.9999999999999998,0.9999999999999998,0.9999999999999998,0.9999999999999997,1.0,4,4,4,0,0.6275674227540631,0.6275674227540631,0.5014718527135702,0.7499526519565324,0.0013897691969644277,0.43,0.21241714314628346,176.54,0.865,0.7180797526130401,0.9108868131967982,0.16520151093983848,0.0584448450540196,0.2116696144791924,0.10675666588581889,1,"candidate robustness, shortage robustness, finite-buffer relevance, rank inversion, hardness tie-break",True
S2_P3_B3,"[""WIPHFSP_S2_P3_B3_C041"",""WIPHFSP_S2_P3_B3_C019"",""WIPHFSP_S2_P3_B3_C090"",""WIPHFSP_S2_P3_B3_C022"",""WIPHFSP_S2_P3_B3_C002""]","[""WIPHFSP_S2_P3_B3_C022"",""WIPHFSP_S2_P3_B3_C002""]",WIPHFSP_S2_P3_B3_C022,/Users/chen/Documents/Code/WIP-aware/data/benchmark_candidates/candidates/S2_P3_B3/WIPHFSP_S2_P3_B3_C022.json,WIPHFSP_S2_P3_B3,WIPHFSP_S2_P3_B3.json,0.9999999999999998,0.9999999999999998,0.9999999999999998,0.9999999999999997,1.0,2,2,2,0,0.5820719424460432,0.4993474934749347,0.4354602818894851,0.9936863951660326,0.001245765221209563,0.065,0.012905827787860456,5.71,0.11,0.6804336900129704,0.9144856067156653,0.2972723850500281,0.06398298844823729,0.2559383274965104,0.23328939660179082,1,"candidate robustness, shortage robustness, finite-buffer relevance, rank inversion, hardness tie-break",True
S2_P4_B1,"[""WIPHFSP_S2_P4_B1_C078"",""WIPHFSP_S2_P4_B1_C030"",""WIPHFSP_S2_P4_B1_C097"",""WIPHFSP_S2_P4_B1_C065"",""WIPHFSP_S2_P4_B1_C073""]","[""WIPHFSP_S2_P4_B1_C065"",""WIPHFSP_S2_P4_B1_C030""]",WIPHFSP_S2_P4_B1_C065,/Users/chen/Documents/Code/WIP-aware/data/benchmark_candidates/candidates/S2_P4_B1/WIPHFSP_S2_P4_B1_C065.json,WIPHFSP_S2_P4_B1,WIPHFSP_S2_P4_B1.json,0.9999999999999998,0.9999999999999998,0.9999999999999998,0.9999999999999997,1.0,4,4,4,0,1.1242567745330168,1.1242567745330168,0.8136213841083847,0.6474169776296146,0.032637087855365704,0.66,0.2614521185155223,751.99,1.0,0.8727556487304917,1.0273936252814662,0.15561750794435125,0.08051159443963866,0.1505148297065393,0.07510591350471259,1,"candidate robustness, shortage robustness, finite-buffer relevance, rank inversion, hardness tie-break",True
S2_P4_B2,"[""WIPHFSP_S2_P4_B2_C074"",""WIPHFSP_S2_P4_B2_C093"",""WIPHFSP_S2_P4_B2_C004"",""WIPHFSP_S2_P4_B2_C006"",""WIPHFSP_S2_P4_B2_C035""]","[""WIPHFSP_S2_P4_B2_C004"",""WIPHFSP_S2_P4_B2_C093""]",WIPHFSP_S2_P4_B2_C004,/Users/chen/Documents/Code/WIP-aware/data/benchmark_candidates/candidates/S2_P4_B2/WIPHFSP_S2_P4_B2_C004.json,WIPHFSP_S2_P4_B2,WIPHFSP_S2_P4_B2.json,0.9999999999999998,0.9999999999999998,0.9999999999999998,0.9999999999999997,1.0,5,5,5,0,0.7796024809698326,0.7796024809698326,0.6276565192418149,0.8485378178353996,0.0033165826104637032,0.355,0.14705288655631812,297.125,0.99,0.9777087388567094,1.0801856920211352,0.11056248875755478,0.02022262031242705,0.09486975611812294,0.09033986844512773,1,"candidate robustness, shortage robustness, finite-buffer relevance, rank inversion, hardness tie-break",True
S2_P4_B3,"[""WIPHFSP_S2_P4_B3_C012"",""WIPHFSP_S2_P4_B3_C055"",""WIPHFSP_S2_P4_B3_C062"",""WIPHFSP_S2_P4_B3_C022"",""WIPHFSP_S2_P4_B3_C064""]","[""WIPHFSP_S2_P4_B3_C055"",""WIPHFSP_S2_P4_B3_C022""]",WIPHFSP_S2_P4_B3_C055,/Users/chen/Documents/Code/WIP-aware/data/benchmark_candidates/candidates/S2_P4_B3/WIPHFSP_S2_P4_B3_C055.json,WIPHFSP_S2_P4_B3,WIPHFSP_S2_P4_B3.json,0.9999999999999998,0.9999999999999998,0.9999999999999998,0.9999999999999997,1.0,5,5,5,0,0.6674376141205107,0.5107648725212462,0.4410684407616921,0.9922991705195592,0.0006047434916375454,0.03,0.011846549377426022,8.005,0.09,0.7998452686090916,0.9908798451639904,0.13717857017396795,0.029870359345678825,0.19279287744831453,0.10730821082828912,1,"candidate robustness, shortage robustness, finite-buffer relevance, rank inversion, hardness tie-break",True
S3_P1_B1,"[""WIPHFSP_S3_P1_B1_C097"",""WIPHFSP_S3_P1_B1_C068"",""WIPHFSP_S3_P1_B1_C021"",""WIPHFSP_S3_P1_B1_C035"",""WIPHFSP_S3_P1_B1_C052""]","[""WIPHFSP_S3_P1_B1_C035"",""WIPHFSP_S3_P1_B1_C068""]",WIPHFSP_S3_P1_B1_C035,/Users/chen/Documents/Code/WIP-aware/data/benchmark_candidates/candidates/S3_P1_B1/WIPHFSP_S3_P1_B1_C035.json,WIPHFSP_S3_P1_B1,WIPHFSP_S3_P1_B1.json,0.9999999999999998,0.9999999999999998,0.9999999999999998,0.9999999999999997,1.0,5,5,5,0,1.402340182648401,1.402340182648401,1.1062354927199827,0.4779940138327904,0.11848826873775906,0.93,0.33191940615058324,1793.04,1.0,0.8775109735269958,1.010769433942837,0.2006688290507742,0.058279520724206876,0.13183863296685885,0.14238930832656732,1,"candidate robustness, shortage robustness, finite-buffer relevance, rank inversion, hardness tie-break",True
S3_P1_B2,"[""WIPHFSP_S3_P1_B2_C052"",""WIPHFSP_S3_P1_B2_C028"",""WIPHFSP_S3_P1_B2_C059"",""WIPHFSP_S3_P1_B2_C094"",""WIPHFSP_S3_P1_B2_C033""]","[""WIPHFSP_S3_P1_B2_C094"",""WIPHFSP_S3_P1_B2_C028""]",WIPHFSP_S3_P1_B2_C094,/Users/chen/Documents/Code/WIP-aware/data/benchmark_candidates/candidates/S3_P1_B2/WIPHFSP_S3_P1_B2_C094.json,WIPHFSP_S3_P1_B2,WIPHFSP_S3_P1_B2.json,0.9999999999999998,0.9999999999999998,0.9999999999999998,0.9999999999999997,1.0,4,4,4,0,1.2793934681181949,1.2793934681181949,1.0418588674060258,0.6968854983377816,0.0357548217951764,0.72,0.24457235181258205,731.78,1.0,0.7179976851851851,0.9130292093079924,0.1749369654248769,0.06612061377413792,0.21360929325625067,0.108816351650739,1,"candidate robustness, shortage robustness, finite-buffer relevance, rank inversion, hardness tie-break",True
S3_P1_B3,"[""WIPHFSP_S3_P1_B3_C049"",""WIPHFSP_S3_P1_B3_C063"",""WIPHFSP_S3_P1_B3_C072"",""WIPHFSP_S3_P1_B3_C017"",""WIPHFSP_S3_P1_B3_C093""]","[""WIPHFSP_S3_P1_B3_C093"",""WIPHFSP_S3_P1_B3_C072""]",WIPHFSP_S3_P1_B3_C093,/Users/chen/Documents/Code/WIP-aware/data/benchmark_candidates/candidates/S3_P1_B3/WIPHFSP_S3_P1_B3_C093.json,WIPHFSP_S3_P1_B3,WIPHFSP_S3_P1_B3.json,0.9999999999999998,0.9999999999999998,0.9999999999999998,0.9999999999999997,1.0,5,5,5,0,1.1024009603841534,0.8965962590660388,0.7936840783525864,0.95037326004131,0.005273915035425864,0.305,0.08080298597800868,131.47,0.615,0.7783054164735291,0.8797922182256388,0.1743660096885585,0.03786015592093944,0.11535314776558546,0.13650585376761906,1,"candidate robustness, shortage robustness, finite-buffer relevance, rank inversion, hardness tie-break",True
S3_P2_B1,"[""WIPHFSP_S3_P2_B1_C018"",""WIPHFSP_S3_P2_B1_C001"",""WIPHFSP_S3_P2_B1_C029"",""WIPHFSP_S3_P2_B1_C043"",""WIPHFSP_S3_P2_B1_C051""]","[""WIPHFSP_S3_P2_B1_C051"",""WIPHFSP_S3_P2_B1_C043""]",WIPHFSP_S3_P2_B1_C051,/Users/chen/Documents/Code/WIP-aware/data/benchmark_candidates/candidates/S3_P2_B1/WIPHFSP_S3_P2_B1_C051.json,WIPHFSP_S3_P2_B1,WIPHFSP_S3_P2_B1.json,0.9999999999999998,0.9999999999999998,0.9999999999999998,0.9999999999999997,1.0,4,4,4,0,1.0441991251822529,1.0441991251822529,0.8336957410283653,0.7286044892068064,0.08947242055689517,0.94,0.23273167288494503,1083.655,1.0,0.5991854740241839,0.9871467958564735,0.3200505604318973,0.0974624951002607,0.3930127955237818,0.22258806533163658,1,"candidate robustness, shortage robustness, finite-buffer relevance, rank inversion, hardness tie-break",True
S3_P2_B2,"[""WIPHFSP_S3_P2_B2_C036"",""WIPHFSP_S3_P2_B2_C082"",""WIPHFSP_S3_P2_B2_C084"",""WIPHFSP_S3_P2_B2_C097"",""WIPHFSP_S3_P2_B2_C026""]","[""WIPHFSP_S3_P2_B2_C036"",""WIPHFSP_S3_P2_B2_C084""]",WIPHFSP_S3_P2_B2_C036,/Users/chen/Documents/Code/WIP-aware/data/benchmark_candidates/candidates/S3_P2_B2/WIPHFSP_S3_P2_B2_C036.json,WIPHFSP_S3_P2_B2,WIPHFSP_S3_P2_B2.json,0.9999999999999998,0.9999999999999998,0.9999999999999998,0.9999999999999997,1.0,4,4,4,0,0.9281003123277602,0.9281003123277602,0.7510272013314608,0.881565594650378,0.016404929559190314,0.525,0.13233810772644744,245.16,0.82,0.7143094506315835,0.8121610135994617,0.2984080620102062,0.12494634310760404,0.12048296006488166,0.17346171890260215,1,"candidate robustness, shortage robustness, finite-buffer relevance, rank inversion, hardness tie-break",True
S3_P2_B3,"[""WIPHFSP_S3_P2_B3_C027"",""WIPHFSP_S3_P2_B3_C086"",""WIPHFSP_S3_P2_B3_C012"",""WIPHFSP_S3_P2_B3_C076"",""WIPHFSP_S3_P2_B3_C045""]","[""WIPHFSP_S3_P2_B3_C027"",""WIPHFSP_S3_P2_B3_C045""]",WIPHFSP_S3_P2_B3_C027,/Users/chen/Documents/Code/WIP-aware/data/benchmark_candidates/candidates/S3_P2_B3/WIPHFSP_S3_P2_B3_C027.json,WIPHFSP_S3_P2_B3,WIPHFSP_S3_P2_B3.json,0.9999999999999998,0.9999999999999998,0.9999999999999998,0.9999999999999997,1.0,2,2,2,0,1.065466772151898,0.867874076524423,0.7373984340375233,0.9842358779203857,0.0020307564303874578,0.09,0.026053215077605323,13.68,0.155,0.5885759184428072,0.9361220716794763,0.2987369225920252,0.07238619657406259,0.3712615734107976,0.22635072601796263,1,"candidate robustness, shortage robustness, finite-buffer relevance, rank inversion, hardness tie-break",True
S3_P3_B1,"[""WIPHFSP_S3_P3_B1_C008"",""WIPHFSP_S3_P3_B1_C082"",""WIPHFSP_S3_P3_B1_C065"",""WIPHFSP_S3_P3_B1_C061"",""WIPHFSP_S3_P3_B1_C052""]","[""WIPHFSP_S3_P3_B1_C082"",""WIPHFSP_S3_P3_B1_C052""]",WIPHFSP_S3_P3_B1_C082,/Users/chen/Documents/Code/WIP-aware/data/benchmark_candidates/candidates/S3_P3_B1/WIPHFSP_S3_P3_B1_C082.json,WIPHFSP_S3_P3_B1,WIPHFSP_S3_P3_B1.json,0.9999999999999998,0.9999999999999998,0.9999999999999998,0.9999999999999997,1.0,1,1,1,0,0.9207022677395745,0.8710724263915748,0.7329989490780545,0.5633967721119023,0.11243172562234842,0.98,0.2955657569489986,1904.48,1.0,0.7361684080440402,0.9813388945062356,0.2263418465796489,0.07708183825391143,0.24983263970730932,0.14926000832573746,1,"candidate robustness, shortage robustness, finite-buffer relevance, rank inversion, hardness tie-break",True
S3_P3_B2,"[""WIPHFSP_S3_P3_B2_C027"",""WIPHFSP_S3_P3_B2_C044"",""WIPHFSP_S3_P3_B2_C074"",""WIPHFSP_S3_P3_B2_C004"",""WIPHFSP_S3_P3_B2_C093""]","[""WIPHFSP_S3_P3_B2_C093"",""WIPHFSP_S3_P3_B2_C027""]",WIPHFSP_S3_P3_B2_C093,/Users/chen/Documents/Code/WIP-aware/data/benchmark_candidates/candidates/S3_P3_B2/WIPHFSP_S3_P3_B2_C093.json,WIPHFSP_S3_P3_B2,WIPHFSP_S3_P3_B2.json,0.9999999999999998,0.9999999999999998,0.9999999999999998,0.9999999999999997,1.0,5,5,5,0,1.1804594665962493,1.1804594665962493,0.9628339140534258,0.591027738337265,0.03693559400074031,0.73,0.2786885245901639,1301.97,1.0,0.9242169527704249,1.1147705093862113,0.18429068184759742,0.09429887223189982,0.170935232867376,0.0899918096156976,1,"candidate robustness, shortage robustness, finite-buffer relevance, rank inversion, hardness tie-break",True
S3_P3_B3,"[""WIPHFSP_S3_P3_B3_C079"",""WIPHFSP_S3_P3_B3_C016"",""WIPHFSP_S3_P3_B3_C014"",""WIPHFSP_S3_P3_B3_C075"",""WIPHFSP_S3_P3_B3_C022""]","[""WIPHFSP_S3_P3_B3_C016"",""WIPHFSP_S3_P3_B3_C075""]",WIPHFSP_S3_P3_B3_C016,/Users/chen/Documents/Code/WIP-aware/data/benchmark_candidates/candidates/S3_P3_B3/WIPHFSP_S3_P3_B3_C016.json,WIPHFSP_S3_P3_B3,WIPHFSP_S3_P3_B3.json,0.9999999999999998,0.9999999999999998,0.9999999999999998,0.9999999999999997,1.0,2,2,2,0,1.0067488178822177,0.8886993425979859,0.7243302212299567,0.9111825068920236,0.0036232976801311486,0.485,0.11824051654560129,620.92,1.0,0.868391463000679,0.9637601832993892,0.1701401585960408,0.04425719544392905,0.09895482501893853,0.12588296315211175,1,"candidate robustness, shortage robustness, finite-buffer relevance, rank inversion, hardness tie-break",True
S3_P4_B1,"[""WIPHFSP_S3_P4_B1_C004"",""WIPHFSP_S3_P4_B1_C083"",""WIPHFSP_S3_P4_B1_C051"",""WIPHFSP_S3_P4_B1_C096"",""WIPHFSP_S3_P4_B1_C089""]","[""WIPHFSP_S3_P4_B1_C089"",""WIPHFSP_S3_P4_B1_C004""]",WIPHFSP_S3_P4_B1_C089,/Users/chen/Documents/Code/WIP-aware/data/benchmark_candidates/candidates/S3_P4_B1/WIPHFSP_S3_P4_B1_C089.json,WIPHFSP_S3_P4_B1,WIPHFSP_S3_P4_B1.json,0.9999999999999998,0.9999999999999998,0.9999999999999998,0.9999999999999997,1.0,4,4,4,0,1.6763399693721261,1.6763399693721261,1.2102511415525108,0.4273277465026163,0.12311337024614666,0.94,0.35259094808012514,3611.32,1.0,0.8439666258226698,1.0346507206649576,0.22885352854060664,0.04168120315897596,0.18429803510845968,0.1871723253816307,1,"candidate robustness, shortage robustness, finite-buffer relevance, rank inversion, hardness tie-break",True
S3_P4_B2,"[""WIPHFSP_S3_P4_B2_C036"",""WIPHFSP_S3_P4_B2_C091"",""WIPHFSP_S3_P4_B2_C100"",""WIPHFSP_S3_P4_B2_C049"",""WIPHFSP_S3_P4_B2_C066""]","[""WIPHFSP_S3_P4_B2_C049"",""WIPHFSP_S3_P4_B2_C100""]",WIPHFSP_S3_P4_B2_C049,/Users/chen/Documents/Code/WIP-aware/data/benchmark_candidates/candidates/S3_P4_B2/WIPHFSP_S3_P4_B2_C049.json,WIPHFSP_S3_P4_B2,WIPHFSP_S3_P4_B2.json,0.9999999999999998,0.9999999999999998,0.9999999999999998,0.9999999999999997,1.0,5,5,5,0,1.1961894393032106,1.1961894393032106,0.979112511487461,0.7526930190976923,0.03168152462782303,0.68,0.21448018553998185,1608.285,1.0,1.008591323543137,1.0143623725333455,0.10180130337449106,0.041698892338440714,0.005689336618224296,0.060102411036050345,1,"candidate robustness, shortage robustness, finite-buffer relevance, rank inversion, hardness tie-break",True
S3_P4_B3,"[""WIPHFSP_S3_P4_B3_C036"",""WIPHFSP_S3_P4_B3_C032"",""WIPHFSP_S3_P4_B3_C093"",""WIPHFSP_S3_P4_B3_C031"",""WIPHFSP_S3_P4_B3_C075""]","[""WIPHFSP_S3_P4_B3_C031"",""WIPHFSP_S3_P4_B3_C093""]",WIPHFSP_S3_P4_B3_C031,/Users/chen/Documents/Code/WIP-aware/data/benchmark_candidates/candidates/S3_P4_B3/WIPHFSP_S3_P4_B3_C031.json,WIPHFSP_S3_P4_B3,WIPHFSP_S3_P4_B3.json,0.9999999999999998,0.9999999999999998,0.9999999999999998,0.9999999999999997,1.0,1,1,1,0,0.9871520342612412,0.9370624474936988,0.8150131694468831,0.9794125776204649,0.00039816797784351964,0.155,0.035464208352224066,460.95,0.995,1.0166952603202706,1.1106899493039353,0.10474334378997763,0.06680084116818186,0.0846272976922913,0.03794250262179577,1,"candidate robustness, shortage robustness, finite-buffer relevance, rank inversion, hardness tie-break",True
S4_P1_B1,"[""WIPHFSP_S4_P1_B1_C093"",""WIPHFSP_S4_P1_B1_C009"",""WIPHFSP_S4_P1_B1_C033"",""WIPHFSP_S4_P1_B1_C003"",""WIPHFSP_S4_P1_B1_C041""]","[""WIPHFSP_S4_P1_B1_C041"",""WIPHFSP_S4_P1_B1_C093""]",WIPHFSP_S4_P1_B1_C041,/Users/chen/Documents/Code/WIP-aware/data/benchmark_candidates/candidates/S4_P1_B1/WIPHFSP_S4_P1_B1_C041.json,WIPHFSP_S4_P1_B1,WIPHFSP_S4_P1_B1.json,0.9999999999999998,0.9999999999999998,0.9999999999999998,0.9999999999999997,1.0,2,2,2,0,1.0296799867352011,1.0296799867352011,0.7908998505231677,0.5201995427708836,0.10662238047104461,0.94,0.3181565796779567,2224.185,1.0,0.9863998552685711,1.1054894103185582,0.2473224920567787,0.14434855658385484,0.10772564073278862,0.10297393547292386,1,"candidate robustness, shortage robustness, finite-buffer relevance, rank inversion, hardness tie-break",True
S4_P1_B2,"[""WIPHFSP_S4_P1_B2_C080"",""WIPHFSP_S4_P1_B2_C084"",""WIPHFSP_S4_P1_B2_C072"",""WIPHFSP_S4_P1_B2_C038"",""WIPHFSP_S4_P1_B2_C051""]","[""WIPHFSP_S4_P1_B2_C038"",""WIPHFSP_S4_P1_B2_C072""]",WIPHFSP_S4_P1_B2_C038,/Users/chen/Documents/Code/WIP-aware/data/benchmark_candidates/candidates/S4_P1_B2/WIPHFSP_S4_P1_B2_C038.json,WIPHFSP_S4_P1_B2,WIPHFSP_S4_P1_B2.json,0.9999999999999998,0.9999999999999998,0.9999999999999998,0.9999999999999997,1.0,5,5,5,0,0.7544218268901811,0.7544218268901811,0.6518202146690518,0.6881423716474212,0.03103334803409744,0.715,0.24714675285324714,1259.39,1.0,0.8777040349109309,0.9823991553746585,0.1372557484462323,0.07411073963044104,0.1065708575692875,0.06314500881579127,1,"candidate robustness, shortage robustness, finite-buffer relevance, rank inversion, hardness tie-break",True
S4_P1_B3,"[""WIPHFSP_S4_P1_B3_C027"",""WIPHFSP_S4_P1_B3_C006"",""WIPHFSP_S4_P1_B3_C037"",""WIPHFSP_S4_P1_B3_C061"",""WIPHFSP_S4_P1_B3_C041""]","[""WIPHFSP_S4_P1_B3_C037"",""WIPHFSP_S4_P1_B3_C041""]",WIPHFSP_S4_P1_B3_C037,/Users/chen/Documents/Code/WIP-aware/data/benchmark_candidates/candidates/S4_P1_B3/WIPHFSP_S4_P1_B3_C037.json,WIPHFSP_S4_P1_B3,WIPHFSP_S4_P1_B3.json,0.9999999999999998,0.9999999999999998,0.9999999999999998,0.9999999999999997,1.0,3,3,3,0,0.72511694854264,0.570317364434737,0.5164071821435846,0.9224624620593674,0.0020806470583688425,0.355,0.10116554821131238,120.87,0.725,0.7436181379856619,0.8942279151206906,0.20049155438886462,0.0667331913930634,0.1684243743548679,0.13375836299580124,1,"candidate robustness, shortage robustness, finite-buffer relevance, rank inversion, hardness tie-break",True
S4_P2_B1,"[""WIPHFSP_S4_P2_B1_C042"",""WIPHFSP_S4_P2_B1_C013"",""WIPHFSP_S4_P2_B1_C079"",""WIPHFSP_S4_P2_B1_C025"",""WIPHFSP_S4_P2_B1_C020""]","[""WIPHFSP_S4_P2_B1_C079"",""WIPHFSP_S4_P2_B1_C013""]",WIPHFSP_S4_P2_B1_C079,/Users/chen/Documents/Code/WIP-aware/data/benchmark_candidates/candidates/S4_P2_B1/WIPHFSP_S4_P2_B1_C079.json,WIPHFSP_S4_P2_B1,WIPHFSP_S4_P2_B1.json,0.9999999999999998,0.9999999999999998,0.9999999999999998,0.9999999999999997,1.0,1,1,1,0,0.8947685759886503,0.8947685759886503,0.7389767270040634,0.6906169922070853,0.12377111856065304,0.99,0.24829880538333585,1748.33,1.0,0.481010907313126,0.7453691122424897,0.38052387836526025,0.21467006321453058,0.354667507127671,0.16585381515072967,1,"candidate robustness, shortage robustness, finite-buffer relevance, rank inversion, hardness tie-break",True
S4_P2_B2,"[""WIPHFSP_S4_P2_B2_C083"",""WIPHFSP_S4_P2_B2_C015"",""WIPHFSP_S4_P2_B2_C006"",""WIPHFSP_S4_P2_B2_C021"",""WIPHFSP_S4_P2_B2_C023""]","[""WIPHFSP_S4_P2_B2_C015"",""WIPHFSP_S4_P2_B2_C006""]",WIPHFSP_S4_P2_B2_C015,/Users/chen/Documents/Code/WIP-aware/data/benchmark_candidates/candidates/S4_P2_B2/WIPHFSP_S4_P2_B2_C015.json,WIPHFSP_S4_P2_B2,WIPHFSP_S4_P2_B2.json,0.9999999999999998,0.9999999999999998,0.9999999999999998,0.9999999999999997,1.0,2,2,2,0,0.8397695669447749,0.8397695669447749,0.6968771579835797,0.8101906160566428,0.02735151248285433,0.735,0.1855326876513317,435.33,0.985,0.7413227657685013,0.8731794600559601,0.2008339116642002,0.06256889548027086,0.15100755379525008,0.13826501618392933,1,"candidate robustness, shortage robustness, finite-buffer relevance, rank inversion, hardness tie-break",True
S4_P2_B3,"[""WIPHFSP_S4_P2_B3_C073"",""WIPHFSP_S4_P2_B3_C069"",""WIPHFSP_S4_P2_B3_C002"",""WIPHFSP_S4_P2_B3_C043"",""WIPHFSP_S4_P2_B3_C096""]","[""WIPHFSP_S4_P2_B3_C073"",""WIPHFSP_S4_P2_B3_C096""]",WIPHFSP_S4_P2_B3_C073,/Users/chen/Documents/Code/WIP-aware/data/benchmark_candidates/candidates/S4_P2_B3/WIPHFSP_S4_P2_B3_C073.json,WIPHFSP_S4_P2_B3,WIPHFSP_S4_P2_B3.json,0.9999999999999998,0.9999999999999998,0.9999999999999998,0.9999999999999997,1.0,1,1,1,0,0.8380282872371669,0.6962152701815786,0.6117852800586255,0.9910216412909943,0.00039571521107750816,0.06,0.01762513848323094,9.97,0.125,0.8449584376950452,0.8973266886332871,0.21713636553604482,0.07060506374760965,0.05836029575576911,0.14653130178843515,1,"candidate robustness, shortage robustness, finite-buffer relevance, rank inversion, hardness tie-break",True
S4_P3_B1,"[""WIPHFSP_S4_P3_B1_C068"",""WIPHFSP_S4_P3_B1_C025"",""WIPHFSP_S4_P3_B1_C095"",""WIPHFSP_S4_P3_B1_C094"",""WIPHFSP_S4_P3_B1_C084""]","[""WIPHFSP_S4_P3_B1_C094"",""WIPHFSP_S4_P3_B1_C025""]",WIPHFSP_S4_P3_B1_C094,/Users/chen/Documents/Code/WIP-aware/data/benchmark_candidates/candidates/S4_P3_B1/WIPHFSP_S4_P3_B1_C094.json,WIPHFSP_S4_P3_B1,WIPHFSP_S4_P3_B1.json,0.9999999999999998,0.9999999999999998,0.9999999999999998,0.9999999999999997,1.0,4,4,4,0,0.7124984546915561,0.7124984546915561,0.5937856968513544,0.5079833144569331,0.13800903071110748,0.99,0.3193217944189332,3423.06,1.0,0.7094114187477382,0.945278320665943,0.3063422587234199,0.13758007869501504,0.24952111643879493,0.16876218002840487,1,"candidate robustness, shortage robustness, finite-buffer relevance, rank inversion, hardness tie-break",True
S4_P3_B2,"[""WIPHFSP_S4_P3_B2_C061"",""WIPHFSP_S4_P3_B2_C090"",""WIPHFSP_S4_P3_B2_C094"",""WIPHFSP_S4_P3_B2_C035"",""WIPHFSP_S4_P3_B2_C030""]","[""WIPHFSP_S4_P3_B2_C030"",""WIPHFSP_S4_P3_B2_C061""]",WIPHFSP_S4_P3_B2_C030,/Users/chen/Documents/Code/WIP-aware/data/benchmark_candidates/candidates/S4_P3_B2/WIPHFSP_S4_P3_B2_C030.json,WIPHFSP_S4_P3_B2,WIPHFSP_S4_P3_B2.json,0.9999999999999998,0.9999999999999998,0.9999999999999998,0.9999999999999997,1.0,3,3,3,0,0.6410917192721866,0.6410917192721866,0.4978697255223264,0.7435091235325109,0.0327821411420609,0.765,0.21849460195742104,1604.21,1.0,0.7526402298162045,1.0494541148924754,0.24498995221435996,0.04828962330753089,0.28282692960463446,0.19670032890682906,1,"candidate robustness, shortage robustness, finite-buffer relevance, rank inversion, hardness tie-break",True
S4_P3_B3,"[""WIPHFSP_S4_P3_B3_C045"",""WIPHFSP_S4_P3_B3_C058"",""WIPHFSP_S4_P3_B3_C072"",""WIPHFSP_S4_P3_B3_C018"",""WIPHFSP_S4_P3_B3_C061""]","[""WIPHFSP_S4_P3_B3_C061"",""WIPHFSP_S4_P3_B3_C045""]",WIPHFSP_S4_P3_B3_C061,/Users/chen/Documents/Code/WIP-aware/data/benchmark_candidates/candidates/S4_P3_B3/WIPHFSP_S4_P3_B3_C061.json,WIPHFSP_S4_P3_B3,WIPHFSP_S4_P3_B3.json,0.9999999999999998,0.9999999999999998,0.9999999999999998,0.9999999999999997,1.0,1,1,1,0,0.6537693389592121,0.5914517047766293,0.5222497037151543,0.8644820699230555,0.0068967281482535,0.565,0.1568568114187724,793.54,1.0,0.5291025989951889,0.9026261175867012,0.3193619570661401,0.09322152131935378,0.41381864684989017,0.22614043574678633,1,"candidate robustness, shortage robustness, finite-buffer relevance, rank inversion, hardness tie-break",True
S4_P4_B1,"[""WIPHFSP_S4_P4_B1_C094"",""WIPHFSP_S4_P4_B1_C060"",""WIPHFSP_S4_P4_B1_C044"",""WIPHFSP_S4_P4_B1_C026"",""WIPHFSP_S4_P4_B1_C039""]","[""WIPHFSP_S4_P4_B1_C094"",""WIPHFSP_S4_P4_B1_C026""]",WIPHFSP_S4_P4_B1_C094,/Users/chen/Documents/Code/WIP-aware/data/benchmark_candidates/candidates/S4_P4_B1/WIPHFSP_S4_P4_B1_C094.json,WIPHFSP_S4_P4_B1,WIPHFSP_S4_P4_B1.json,0.9999999999999998,0.9999999999999998,0.9999999999999998,0.9999999999999997,1.0,3,3,3,0,1.3353488372093014,1.3353488372093014,1.0235718922427781,0.4527251330680322,0.09458966284330844,0.915,0.33854613327952376,3255.665,1.0,0.877654519004812,1.0447481389512054,0.16627317545824088,0.0647167989006376,0.1599367481180434,0.10155637655760329,1,"candidate robustness, shortage robustness, finite-buffer relevance, rank inversion, hardness tie-break",True
S4_P4_B2,"[""WIPHFSP_S4_P4_B2_C056"",""WIPHFSP_S4_P4_B2_C066"",""WIPHFSP_S4_P4_B2_C070"",""WIPHFSP_S4_P4_B2_C059"",""WIPHFSP_S4_P4_B2_C018""]","[""WIPHFSP_S4_P4_B2_C018"",""WIPHFSP_S4_P4_B2_C066""]",WIPHFSP_S4_P4_B2_C018,/Users/chen/Documents/Code/WIP-aware/data/benchmark_candidates/candidates/S4_P4_B2/WIPHFSP_S4_P4_B2_C018.json,WIPHFSP_S4_P4_B2,WIPHFSP_S4_P4_B2.json,0.9999999999999998,0.9999999999999998,0.9999999999999998,0.9999999999999997,1.0,5,5,5,0,0.9139722724532839,0.9139722724532839,0.7950222703743824,0.5842258609042628,0.02991013656942833,0.68,0.29090725501085474,1643.67,1.0,0.8657111793125192,1.003602031312171,0.26666661635737354,0.07584308540976144,0.1373959474944739,0.19082353094761212,1,"candidate robustness, shortage robustness, finite-buffer relevance, rank inversion, hardness tie-break",True
S4_P4_B3,"[""WIPHFSP_S4_P4_B3_C094"",""WIPHFSP_S4_P4_B3_C037"",""WIPHFSP_S4_P4_B3_C070"",""WIPHFSP_S4_P4_B3_C098"",""WIPHFSP_S4_P4_B3_C030""]","[""WIPHFSP_S4_P4_B3_C030"",""WIPHFSP_S4_P4_B3_C094""]",WIPHFSP_S4_P4_B3_C030,/Users/chen/Documents/Code/WIP-aware/data/benchmark_candidates/candidates/S4_P4_B3/WIPHFSP_S4_P4_B3_C030.json,WIPHFSP_S4_P4_B3,WIPHFSP_S4_P4_B3.json,0.9999999999999998,0.9999999999999998,0.9999999999999998,0.9999999999999997,1.0,4,4,4,0,0.6814831874712113,0.6126359005550064,0.5701306952259938,0.9000910169363947,0.0011075657490535803,0.34,0.11870811709578274,536.41,1.0,0.955665950801426,1.0035633826757344,0.13009565404778275,0.032168304287839775,0.04772736102283338,0.09792734975994298,1,"candidate robustness, shortage robustness, finite-buffer relevance, rank inversion, hardness tie-break",True
S5_P1_B1,"[""WIPHFSP_S5_P1_B1_C050"",""WIPHFSP_S5_P1_B1_C090"",""WIPHFSP_S5_P1_B1_C058"",""WIPHFSP_S5_P1_B1_C038"",""WIPHFSP_S5_P1_B1_C049""]","[""WIPHFSP_S5_P1_B1_C038"",""WIPHFSP_S5_P1_B1_C050""]",WIPHFSP_S5_P1_B1_C038,/Users/chen/Documents/Code/WIP-aware/data/benchmark_candidates/candidates/S5_P1_B1/WIPHFSP_S5_P1_B1_C038.json,WIPHFSP_S5_P1_B1,WIPHFSP_S5_P1_B1.json,0.9999999999999998,0.9999999999999998,0.9999999999999998,0.9999999999999997,1.0,1,1,1,0,1.2853977000479149,1.2853977000479149,0.9734749739311783,0.32184943034679436,0.17617818968849222,0.995,0.39119458749873776,4417.27,1.0,0.924142228887583,1.1090981496868857,0.17757187937728183,0.04315641502735919,0.1667624464537711,0.13441546434992263,1,"candidate robustness, shortage robustness, finite-buffer relevance, rank inversion, hardness tie-break",True
S5_P1_B2,"[""WIPHFSP_S5_P1_B2_C072"",""WIPHFSP_S5_P1_B2_C068"",""WIPHFSP_S5_P1_B2_C086"",""WIPHFSP_S5_P1_B2_C095"",""WIPHFSP_S5_P1_B2_C036""]","[""WIPHFSP_S5_P1_B2_C068"",""WIPHFSP_S5_P1_B2_C086""]",WIPHFSP_S5_P1_B2_C068,/Users/chen/Documents/Code/WIP-aware/data/benchmark_candidates/candidates/S5_P1_B2/WIPHFSP_S5_P1_B2_C068.json,WIPHFSP_S5_P1_B2,WIPHFSP_S5_P1_B2.json,0.9999999999999998,0.9999999999999998,0.9999999999999998,0.9999999999999997,1.0,3,3,3,0,1.0747326457001833,1.0747326457001833,0.9190904041559118,0.6188298932942768,0.03792346407052699,0.79,0.2799152841510766,1666.195,1.0,0.9512740776533288,1.0665792293892604,0.14185992716231427,0.044728296065769335,0.10810744158392149,0.09713163109654493,1,"candidate robustness, shortage robustness, finite-buffer relevance, rank inversion, hardness tie-break",True
S5_P1_B3,"[""WIPHFSP_S5_P1_B3_C062"",""WIPHFSP_S5_P1_B3_C069"",""WIPHFSP_S5_P1_B3_C049"",""WIPHFSP_S5_P1_B3_C018"",""WIPHFSP_S5_P1_B3_C066""]","[""WIPHFSP_S5_P1_B3_C018"",""WIPHFSP_S5_P1_B3_C049""]",WIPHFSP_S5_P1_B3_C018,/Users/chen/Documents/Code/WIP-aware/data/benchmark_candidates/candidates/S5_P1_B3/WIPHFSP_S5_P1_B3_C018.json,WIPHFSP_S5_P1_B3,WIPHFSP_S5_P1_B3.json,0.9999999999999998,0.9999999999999998,0.9999999999999998,0.9999999999999997,1.0,3,3,3,0,0.9416860097066889,0.800913194624604,0.6759884794790716,0.7786732810074638,0.009889670782178023,0.55,0.1996168968646033,774.65,1.0,0.9373366004565902,1.0873959752632638,0.11480357340762275,0.044663750783827214,0.13799883227469692,0.07013982262379553,1,"candidate robustness, shortage robustness, finite-buffer relevance, rank inversion, hardness tie-break",True
S5_P2_B1,"[""WIPHFSP_S5_P2_B1_C084"",""WIPHFSP_S5_P2_B1_C018"",""WIPHFSP_S5_P2_B1_C077"",""WIPHFSP_S5_P2_B1_C010"",""WIPHFSP_S5_P2_B1_C035""]","[""WIPHFSP_S5_P2_B1_C010"",""WIPHFSP_S5_P2_B1_C084""]",WIPHFSP_S5_P2_B1_C010,/Users/chen/Documents/Code/WIP-aware/data/benchmark_candidates/candidates/S5_P2_B1/WIPHFSP_S5_P2_B1_C010.json,WIPHFSP_S5_P2_B1,WIPHFSP_S5_P2_B1.json,0.9999999999999998,0.9999999999999998,0.9999999999999998,0.9999999999999997,1.0,2,2,2,0,0.9720091743119262,0.9720091743119262,0.7324962082466226,0.580624982734252,0.17229544927265894,1.0,0.2951175224452739,3137.33,1.0,0.8036800909235842,1.0472157995155547,0.4051275668178279,0.21884555074583775,0.23255541857217807,0.18628201607199016,1,"candidate robustness, shortage robustness, finite-buffer relevance, rank inversion, hardness tie-break",True
S5_P2_B2,"[""WIPHFSP_S5_P2_B2_C050"",""WIPHFSP_S5_P2_B2_C032"",""WIPHFSP_S5_P2_B2_C077"",""WIPHFSP_S5_P2_B2_C095"",""WIPHFSP_S5_P2_B2_C015""]","[""WIPHFSP_S5_P2_B2_C015"",""WIPHFSP_S5_P2_B2_C032""]",WIPHFSP_S5_P2_B2_C015,/Users/chen/Documents/Code/WIP-aware/data/benchmark_candidates/candidates/S5_P2_B2/WIPHFSP_S5_P2_B2_C015.json,WIPHFSP_S5_P2_B2,WIPHFSP_S5_P2_B2.json,0.9999999999999998,0.9999999999999998,0.9999999999999998,0.9999999999999997,1.0,1,1,1,0,0.822839625187984,0.822839625187984,0.7211105097954325,0.6247416540913098,0.06482408345865719,0.9,0.27693628193476727,1465.3,1.0,0.5003516093983242,1.0599518648208357,0.469348688295404,0.0986236451707557,0.5279487437069352,0.37072504312464827,1,"candidate robustness, shortage robustness, finite-buffer relevance, rank inversion, hardness tie-break",True
S5_P2_B3,"[""WIPHFSP_S5_P2_B3_C016"",""WIPHFSP_S5_P2_B3_C041"",""WIPHFSP_S5_P2_B3_C019"",""WIPHFSP_S5_P2_B3_C056"",""WIPHFSP_S5_P2_B3_C082""]","[""WIPHFSP_S5_P2_B3_C056"",""WIPHFSP_S5_P2_B3_C019""]",WIPHFSP_S5_P2_B3_C056,/Users/chen/Documents/Code/WIP-aware/data/benchmark_candidates/candidates/S5_P2_B3/WIPHFSP_S5_P2_B3_C056.json,WIPHFSP_S5_P2_B3,WIPHFSP_S5_P2_B3.json,0.9999999999999998,0.9999999999999998,0.9999999999999998,0.9999999999999997,1.0,1,1,1,0,0.7559918132074681,0.6202156334231806,0.5520513022267686,0.9283789616909187,0.004594097423131971,0.425,0.1067682065765584,199.85,0.71,0.500783111388407,0.7608157207198427,0.4309938740781886,0.29724060226540594,0.3417813305501431,0.13375327181278268,1,"candidate robustness, shortage robustness, finite-buffer relevance, rank inversion, hardness tie-break",True
S5_P3_B1,"[""WIPHFSP_S5_P3_B1_C097"",""WIPHFSP_S5_P3_B1_C006"",""WIPHFSP_S5_P3_B1_C049"",""WIPHFSP_S5_P3_B1_C098"",""WIPHFSP_S5_P3_B1_C065""]","[""WIPHFSP_S5_P3_B1_C049"",""WIPHFSP_S5_P3_B1_C065""]",WIPHFSP_S5_P3_B1_C049,/Users/chen/Documents/Code/WIP-aware/data/benchmark_candidates/candidates/S5_P3_B1/WIPHFSP_S5_P3_B1_C049.json,WIPHFSP_S5_P3_B1,WIPHFSP_S5_P3_B1.json,0.9999999999999998,0.9999999999999998,0.9999999999999998,0.9999999999999997,1.0,2,2,2,0,0.8417475728155333,0.8417475728155333,0.697837204762834,0.2505697537207665,0.183703347034434,0.99,0.4145344436033308,5042.63,1.0,0.9501704342158341,1.0672623412968818,0.21171158721648498,0.12394990317899568,0.10971239455395188,0.0877616840374893,1,"candidate robustness, shortage robustness, finite-buffer relevance, rank inversion, hardness tie-break",True
S5_P3_B2,"[""WIPHFSP_S5_P3_B2_C006"",""WIPHFSP_S5_P3_B2_C055"",""WIPHFSP_S5_P3_B2_C014"",""WIPHFSP_S5_P3_B2_C009"",""WIPHFSP_S5_P3_B2_C080""]","[""WIPHFSP_S5_P3_B2_C009"",""WIPHFSP_S5_P3_B2_C014""]",WIPHFSP_S5_P3_B2_C009,/Users/chen/Documents/Code/WIP-aware/data/benchmark_candidates/candidates/S5_P3_B2/WIPHFSP_S5_P3_B2_C009.json,WIPHFSP_S5_P3_B2,WIPHFSP_S5_P3_B2.json,0.9999999999999998,0.9999999999999998,0.9999999999999998,0.9999999999999997,1.0,2,2,2,0,0.644833530869518,0.644833530869518,0.5525630450153192,0.5241917579727415,0.05901936832768571,0.875,0.31696496092765314,3310.155,1.0,0.7098783686673626,0.8124827773587973,0.3474094688822599,0.11420307347772803,0.12628502603446276,0.23320639540453186,1,"candidate robustness, shortage robustness, finite-buffer relevance, rank inversion, hardness tie-break",True
S5_P3_B3,"[""WIPHFSP_S5_P3_B3_C095"",""WIPHFSP_S5_P3_B3_C004"",""WIPHFSP_S5_P3_B3_C023"",""WIPHFSP_S5_P3_B3_C008"",""WIPHFSP_S5_P3_B3_C070""]","[""WIPHFSP_S5_P3_B3_C004"",""WIPHFSP_S5_P3_B3_C023""]",WIPHFSP_S5_P3_B3_C004,/Users/chen/Documents/Code/WIP-aware/data/benchmark_candidates/candidates/S5_P3_B3/WIPHFSP_S5_P3_B3_C004.json,WIPHFSP_S5_P3_B3,WIPHFSP_S5_P3_B3.json,0.9999999999999998,0.9999999999999998,0.9999999999999998,0.9999999999999997,1.0,5,5,5,0,0.7576591604114515,0.6944007292966117,0.6220872627432257,0.678358309707034,0.017681766602741344,0.655,0.25305093292990416,1661.41,1.0,0.8347910630740598,0.9818464123312973,0.1916431405139361,0.07809248555041483,0.1497742899604016,0.11355065496352128,1,"candidate robustness, shortage robustness, finite-buffer relevance, rank inversion, hardness tie-break",True
S5_P4_B1,"[""WIPHFSP_S5_P4_B1_C093"",""WIPHFSP_S5_P4_B1_C070"",""WIPHFSP_S5_P4_B1_C058"",""WIPHFSP_S5_P4_B1_C081"",""WIPHFSP_S5_P4_B1_C060""]","[""WIPHFSP_S5_P4_B1_C058"",""WIPHFSP_S5_P4_B1_C060""]",WIPHFSP_S5_P4_B1_C058,/Users/chen/Documents/Code/WIP-aware/data/benchmark_candidates/candidates/S5_P4_B1/WIPHFSP_S5_P4_B1_C058.json,WIPHFSP_S5_P4_B1,WIPHFSP_S5_P4_B1.json,0.9999999999999998,0.9999999999999998,0.9999999999999998,0.9999999999999997,1.0,4,4,4,0,1.2445336787564756,1.2445336787564756,0.8670582669715364,0.3658216996332609,0.15611879912137816,0.995,0.3761592741935484,7641.795,1.0,0.8801140071675395,0.9735802419645794,0.15362861892380508,0.051165094975466584,0.09600260026676294,0.10246352394833849,1,"candidate robustness, shortage robustness, finite-buffer relevance, rank inversion, hardness tie-break",True
S5_P4_B2,"[""WIPHFSP_S5_P4_B2_C027"",""WIPHFSP_S5_P4_B2_C040"",""WIPHFSP_S5_P4_B2_C037"",""WIPHFSP_S5_P4_B2_C039"",""WIPHFSP_S5_P4_B2_C073""]","[""WIPHFSP_S5_P4_B2_C039"",""WIPHFSP_S5_P4_B2_C037""]",WIPHFSP_S5_P4_B2_C039,/Users/chen/Documents/Code/WIP-aware/data/benchmark_candidates/candidates/S5_P4_B2/WIPHFSP_S5_P4_B2_C039.json,WIPHFSP_S5_P4_B2,WIPHFSP_S5_P4_B2.json,0.9999999999999998,0.9999999999999998,0.9999999999999998,0.9999999999999997,1.0,3,3,3,0,1.0928154353896924,1.0928154353896924,0.9536288122233672,0.5691698374460975,0.04853579387300569,0.79,0.2996169740953533,4605.47,1.0,1.0686126791819763,1.1251278213399103,0.11919034093136194,0.03454413060970392,0.05022997484017422,0.08464621032165802,1,"candidate robustness, shortage robustness, finite-buffer relevance, rank inversion, hardness tie-break",True
S5_P4_B3,"[""WIPHFSP_S5_P4_B3_C099"",""WIPHFSP_S5_P4_B3_C057"",""WIPHFSP_S5_P4_B3_C001"",""WIPHFSP_S5_P4_B3_C040"",""WIPHFSP_S5_P4_B3_C091""]","[""WIPHFSP_S5_P4_B3_C040"",""WIPHFSP_S5_P4_B3_C057""]",WIPHFSP_S5_P4_B3_C040,/Users/chen/Documents/Code/WIP-aware/data/benchmark_candidates/candidates/S5_P4_B3/WIPHFSP_S5_P4_B3_C040.json,WIPHFSP_S5_P4_B3,WIPHFSP_S5_P4_B3.json,0.9999999999999998,0.9999999999999998,0.9999999999999998,0.9999999999999997,1.0,5,5,5,0,0.7824938574938562,0.8234558487113007,0.6982701475595898,0.7301887139182459,0.011954208785895733,0.56,0.22104573186103968,2152.615,1.0,0.8405106276356644,0.7894887287764396,0.23814180999411438,0.048455889231504456,-0.06462650700312672,0.18968592076260993,0,"candidate robustness, shortage robustness, finite-buffer relevance, rank inversion, hardness tie-break",True
S6_P1_B1,"[""WIPHFSP_S6_P1_B1_C064"",""WIPHFSP_S6_P1_B1_C086"",""WIPHFSP_S6_P1_B1_C009"",""WIPHFSP_S6_P1_B1_C018"",""WIPHFSP_S6_P1_B1_C045""]","[""WIPHFSP_S6_P1_B1_C009"",""WIPHFSP_S6_P1_B1_C086""]",WIPHFSP_S6_P1_B1_C009,/Users/chen/Documents/Code/WIP-aware/data/benchmark_candidates/candidates/S6_P1_B1/WIPHFSP_S6_P1_B1_C009.json,WIPHFSP_S6_P1_B1,WIPHFSP_S6_P1_B1.json,0.9999999999999998,0.9999999999999998,0.9999999999999998,0.9999999999999997,1.0,3,3,3,0,0.789518842530282,0.789518842530282,0.6562565657172011,0.332525416020558,0.1304103747339074,0.99,0.38773760903544596,5401.0,1.0,0.6338071272162183,0.8073261586897951,0.14339821439312847,0.05600279702150964,0.2149305204664306,0.08739541737161882,1,"candidate robustness, shortage robustness, finite-buffer relevance, rank inversion, hardness tie-break",True
S6_P1_B2,"[""WIPHFSP_S6_P1_B2_C059"",""WIPHFSP_S6_P1_B2_C060"",""WIPHFSP_S6_P1_B2_C019"",""WIPHFSP_S6_P1_B2_C009"",""WIPHFSP_S6_P1_B2_C090""]","[""WIPHFSP_S6_P1_B2_C059"",""WIPHFSP_S6_P1_B2_C019""]",WIPHFSP_S6_P1_B2_C059,/Users/chen/Documents/Code/WIP-aware/data/benchmark_candidates/candidates/S6_P1_B2/WIPHFSP_S6_P1_B2_C059.json,WIPHFSP_S6_P1_B2,WIPHFSP_S6_P1_B2.json,0.9999999999999998,0.9999999999999998,0.9999999999999998,0.9999999999999997,1.0,3,3,3,0,0.8210909090909081,0.8210909090909081,0.6953378204075888,0.3817771539226499,0.04118184336439029,0.845,0.36591896534303325,2257.33,1.0,0.7617898264538727,0.8050141224205092,0.3129567428263685,0.10416277897387669,0.05369383562690347,0.2087939638524918,1,"candidate robustness, shortage robustness, finite-buffer relevance, rank inversion, hardness tie-break",True
S6_P1_B3,"[""WIPHFSP_S6_P1_B3_C035"",""WIPHFSP_S6_P1_B3_C048"",""WIPHFSP_S6_P1_B3_C078"",""WIPHFSP_S6_P1_B3_C082"",""WIPHFSP_S6_P1_B3_C024""]","[""WIPHFSP_S6_P1_B3_C078"",""WIPHFSP_S6_P1_B3_C082""]",WIPHFSP_S6_P1_B3_C078,/Users/chen/Documents/Code/WIP-aware/data/benchmark_candidates/candidates/S6_P1_B3/WIPHFSP_S6_P1_B3_C078.json,WIPHFSP_S6_P1_B3,WIPHFSP_S6_P1_B3.json,0.9999999999999998,0.9999999999999998,0.9999999999999998,0.9999999999999997,1.0,5,5,5,0,0.7062225109956008,0.6320281335292879,0.5483170679875106,0.6246026153488241,0.010056249847691259,0.545,0.274076317383404,905.305,1.0,0.711919614420931,0.9047000729981541,0.11545915774219692,0.038873158502226744,0.2130877009196432,0.07658599923997017,1,"candidate robustness, shortage robustness, finite-buffer relevance, rank inversion, hardness tie-break",True
S6_P2_B1,"[""WIPHFSP_S6_P2_B1_C058"",""WIPHFSP_S6_P2_B1_C085"",""WIPHFSP_S6_P2_B1_C029"",""WIPHFSP_S6_P2_B1_C052"",""WIPHFSP_S6_P2_B1_C078""]","[""WIPHFSP_S6_P2_B1_C078"",""WIPHFSP_S6_P2_B1_C029""]",WIPHFSP_S6_P2_B1_C078,/Users/chen/Documents/Code/WIP-aware/data/benchmark_candidates/candidates/S6_P2_B1/WIPHFSP_S6_P2_B1_C078.json,WIPHFSP_S6_P2_B1,WIPHFSP_S6_P2_B1.json,0.9999999999999998,0.9999999999999998,0.9999999999999998,0.9999999999999997,1.0,2,2,2,0,0.7341136155219845,0.7341136155219845,0.5699580891769178,0.36248171788526984,0.16032108065191258,0.995,0.3741623419156548,3580.43,1.0,0.5647920218654632,0.8168694215310425,0.5210410356172706,0.2042332248199124,0.30858958974471945,0.31680781079735815,1,"candidate robustness, shortage robustness, finite-buffer relevance, rank inversion, hardness tie-break",True
S6_P2_B2,"[""WIPHFSP_S6_P2_B2_C039"",""WIPHFSP_S6_P2_B2_C044"",""WIPHFSP_S6_P2_B2_C027"",""WIPHFSP_S6_P2_B2_C016"",""WIPHFSP_S6_P2_B2_C013""]","[""WIPHFSP_S6_P2_B2_C044"",""WIPHFSP_S6_P2_B2_C039""]",WIPHFSP_S6_P2_B2_C044,/Users/chen/Documents/Code/WIP-aware/data/benchmark_candidates/candidates/S6_P2_B2/WIPHFSP_S6_P2_B2_C044.json,WIPHFSP_S6_P2_B2,WIPHFSP_S6_P2_B2.json,0.9999999999999998,0.9999999999999998,0.9999999999999998,0.9999999999999997,1.0,1,1,1,0,0.717236573847067,0.717236573847067,0.6188771837028547,0.5826350123919354,0.06782169199693966,0.915,0.2928268765133172,1645.16,1.0,0.5315039547309524,0.6781628381505324,0.26560252077048485,0.11067400355051642,0.21625909762222884,0.15492851721996842,1,"candidate robustness, shortage robustness, finite-buffer relevance, rank inversion, hardness tie-break",True
S6_P2_B3,"[""WIPHFSP_S6_P2_B3_C084"",""WIPHFSP_S6_P2_B3_C049"",""WIPHFSP_S6_P2_B3_C042"",""WIPHFSP_S6_P2_B3_C085"",""WIPHFSP_S6_P2_B3_C016""]","[""WIPHFSP_S6_P2_B3_C085"",""WIPHFSP_S6_P2_B3_C016""]",WIPHFSP_S6_P2_B3_C085,/Users/chen/Documents/Code/WIP-aware/data/benchmark_candidates/candidates/S6_P2_B3/WIPHFSP_S6_P2_B3_C085.json,WIPHFSP_S6_P2_B3,WIPHFSP_S6_P2_B3.json,0.9999999999999998,0.9999999999999998,0.9999999999999998,0.9999999999999997,1.0,1,1,1,0,0.703090300584905,0.5856117337189484,0.5159078656067537,0.6677812442827037,0.012805051145849487,0.635,0.2556800969403211,705.375,0.995,0.9115139839318911,1.0145523118924602,0.23690769665734568,0.0936681479268868,0.10156038949659338,0.14323954873045888,1,"candidate robustness, shortage robustness, finite-buffer relevance, rank inversion, hardness tie-break",True
S6_P3_B1,"[""WIPHFSP_S6_P3_B1_C033"",""WIPHFSP_S6_P3_B1_C055"",""WIPHFSP_S6_P3_B1_C041"",""WIPHFSP_S6_P3_B1_C071"",""WIPHFSP_S6_P3_B1_C047""]","[""WIPHFSP_S6_P3_B1_C041"",""WIPHFSP_S6_P3_B1_C033""]",WIPHFSP_S6_P3_B1_C041,/Users/chen/Documents/Code/WIP-aware/data/benchmark_candidates/candidates/S6_P3_B1/WIPHFSP_S6_P3_B1_C041.json,WIPHFSP_S6_P3_B1,WIPHFSP_S6_P3_B1.json,0.9999999999999998,0.9999999999999998,0.9999999999999998,0.9999999999999997,1.0,2,2,2,0,0.6743031416016265,0.6743031416016265,0.5133689839572193,0.4196630715966814,0.15879942808971886,1.0,0.35650857719475276,6521.28,1.0,0.7619785040579077,0.7547316663010897,0.30923671845676604,0.1849089328933764,-0.009601873195972907,0.12432778556338964,0,"candidate robustness, shortage robustness, finite-buffer relevance, rank inversion, hardness tie-break",True
S6_P3_B2,"[""WIPHFSP_S6_P3_B2_C100"",""WIPHFSP_S6_P3_B2_C060"",""WIPHFSP_S6_P3_B2_C059"",""WIPHFSP_S6_P3_B2_C081"",""WIPHFSP_S6_P3_B2_C058""]","[""WIPHFSP_S6_P3_B2_C081"",""WIPHFSP_S6_P3_B2_C059""]",WIPHFSP_S6_P3_B2_C081,/Users/chen/Documents/Code/WIP-aware/data/benchmark_candidates/candidates/S6_P3_B2/WIPHFSP_S6_P3_B2_C081.json,WIPHFSP_S6_P3_B2,WIPHFSP_S6_P3_B2.json,0.9999999999999998,0.9999999999999998,0.9999999999999998,0.9999999999999997,1.0,2,2,2,0,0.5828392954139828,0.5828392954139828,0.49904466658231045,0.40990499063568875,0.04902031652557553,0.86,0.35809889388352945,3783.02,1.0,0.7542947822046009,0.8705133033854147,0.16825168853112782,0.075860975567318,0.1335057381991843,0.09239071296380982,1,"candidate robustness, shortage robustness, finite-buffer relevance, rank inversion, hardness tie-break",True
S6_P3_B3,"[""WIPHFSP_S6_P3_B3_C056"",""WIPHFSP_S6_P3_B3_C055"",""WIPHFSP_S6_P3_B3_C097"",""WIPHFSP_S6_P3_B3_C007"",""WIPHFSP_S6_P3_B3_C032""]","[""WIPHFSP_S6_P3_B3_C097"",""WIPHFSP_S6_P3_B3_C056""]",WIPHFSP_S6_P3_B3_C097,/Users/chen/Documents/Code/WIP-aware/data/benchmark_candidates/candidates/S6_P3_B3/WIPHFSP_S6_P3_B3_C097.json,WIPHFSP_S6_P3_B3,WIPHFSP_S6_P3_B3.json,0.9999999999999998,0.9999999999999998,0.9999999999999998,0.9999999999999997,1.0,2,2,2,0,0.5156301364626733,0.4655904673146051,0.40435546846859827,0.7796347146572707,0.011083330537202056,0.555,0.20584972264246093,2325.69,1.0,0.4155709237056921,0.7837039804649837,0.457359419362977,0.18500837315935523,0.4697348309248128,0.2723510462036218,1,"candidate robustness, shortage robustness, finite-buffer relevance, rank inversion, hardness tie-break",True
S6_P4_B1,"[""WIPHFSP_S6_P4_B1_C066"",""WIPHFSP_S6_P4_B1_C039"",""WIPHFSP_S6_P4_B1_C057"",""WIPHFSP_S6_P4_B1_C038"",""WIPHFSP_S6_P4_B1_C099""]","[""WIPHFSP_S6_P4_B1_C039"",""WIPHFSP_S6_P4_B1_C057""]",WIPHFSP_S6_P4_B1_C039,/Users/chen/Documents/Code/WIP-aware/data/benchmark_candidates/candidates/S6_P4_B1/WIPHFSP_S6_P4_B1_C039.json,WIPHFSP_S6_P4_B1,WIPHFSP_S6_P4_B1.json,0.9999999999999998,0.9999999999999998,0.9999999999999998,0.9999999999999997,1.0,1,1,1,0,0.8333237616654696,0.8333237616654696,0.6896472248353711,0.42464294448064,0.12732082937293074,0.97,0.3555622763244115,10264.735,1.0,0.9390371038589207,0.9954318717054402,0.16795307829817469,0.035087465764713235,0.05665356861624654,0.13286561253346146,1,"candidate robustness, shortage robustness, finite-buffer relevance, rank inversion, hardness tie-break",True
S6_P4_B2,"[""WIPHFSP_S6_P4_B2_C053"",""WIPHFSP_S6_P4_B2_C098"",""WIPHFSP_S6_P4_B2_C041"",""WIPHFSP_S6_P4_B2_C043"",""WIPHFSP_S6_P4_B2_C023""]","[""WIPHFSP_S6_P4_B2_C098"",""WIPHFSP_S6_P4_B2_C023""]",WIPHFSP_S6_P4_B2_C098,/Users/chen/Documents/Code/WIP-aware/data/benchmark_candidates/candidates/S6_P4_B2/WIPHFSP_S6_P4_B2_C098.json,WIPHFSP_S6_P4_B2,WIPHFSP_S6_P4_B2.json,0.9999999999999998,0.9999999999999998,0.9999999999999998,0.9999999999999997,1.0,4,4,4,0,0.7946620749031418,0.7946620749031418,0.7339239317577085,0.5467042435223699,0.042163146821666615,0.77,0.30625,5013.415,1.0,0.9915346971760869,1.0471291583542706,0.09580718860125904,0.0345618776714712,0.0530922673049293,0.06124531092978784,1,"candidate robustness, shortage robustness, finite-buffer relevance, rank inversion, hardness tie-break",True
S6_P4_B3,"[""WIPHFSP_S6_P4_B3_C080"",""WIPHFSP_S6_P4_B3_C050"",""WIPHFSP_S6_P4_B3_C063"",""WIPHFSP_S6_P4_B3_C047"",""WIPHFSP_S6_P4_B3_C027""]","[""WIPHFSP_S6_P4_B3_C050"",""WIPHFSP_S6_P4_B3_C047""]",WIPHFSP_S6_P4_B3_C050,/Users/chen/Documents/Code/WIP-aware/data/benchmark_candidates/candidates/S6_P4_B3/WIPHFSP_S6_P4_B3_C050.json,WIPHFSP_S6_P4_B3,WIPHFSP_S6_P4_B3.json,0.9999999999999998,0.9999999999999998,0.9999999999999998,0.9999999999999997,1.0,5,5,5,0,0.5720062672535997,0.5822978265878195,0.5194763804622394,0.6665722854741005,0.0064032633193037425,0.515,0.26060177705977383,2008.27,1.0,0.9861866564560071,1.086936663878529,0.09065286375786916,0.03798599545023028,0.092691700234788,0.05266686830763888,1,"candidate robustness, shortage robustness, finite-buffer relevance, rank inversion, hardness tie-break",True
S7_P1_B1,"[""WIPHFSP_S7_P1_B1_C072"",""WIPHFSP_S7_P1_B1_C031"",""WIPHFSP_S7_P1_B1_C011"",""WIPHFSP_S7_P1_B1_C069"",""WIPHFSP_S7_P1_B1_C077""]","[""WIPHFSP_S7_P1_B1_C069"",""WIPHFSP_S7_P1_B1_C011""]",WIPHFSP_S7_P1_B1_C069,/Users/chen/Documents/Code/WIP-aware/data/benchmark_candidates/candidates/S7_P1_B1/WIPHFSP_S7_P1_B1_C069.json,WIPHFSP_S7_P1_B1,WIPHFSP_S7_P1_B1.json,0.9999999999999998,0.9999999999999998,0.9999999999999998,0.9999999999999997,1.0,1,1,1,0,1.2196606037877353,1.2196606037877353,0.9423421243648669,0.2806857733528542,0.217332091024068,1.0,0.4052923387096774,6792.01,1.0,0.7199217899996393,0.39246649616104545,0.29204393264378864,0.1267405476125559,-0.834352223796935,0.16530338503123274,0,"candidate robustness, shortage robustness, finite-buffer relevance, rank inversion, hardness tie-break",True
S7_P1_B2,"[""WIPHFSP_S7_P1_B2_C034"",""WIPHFSP_S7_P1_B2_C013"",""WIPHFSP_S7_P1_B2_C078"",""WIPHFSP_S7_P1_B2_C023"",""WIPHFSP_S7_P1_B2_C064""]","[""WIPHFSP_S7_P1_B2_C023"",""WIPHFSP_S7_P1_B2_C064""]",WIPHFSP_S7_P1_B2_C023,/Users/chen/Documents/Code/WIP-aware/data/benchmark_candidates/candidates/S7_P1_B2/WIPHFSP_S7_P1_B2_C023.json,WIPHFSP_S7_P1_B2,WIPHFSP_S7_P1_B2.json,0.9999999999999998,0.9999999999999998,0.9999999999999998,0.9999999999999997,1.0,1,1,1,0,1.3620170109356002,1.3620170109356002,1.1769427706141309,0.37444712544504244,0.09150420788908281,0.94,0.3678636271938673,3768.77,1.0,0.8841277278720443,0.8591845649575494,0.15058501608768113,0.07684351476964808,-0.029031204623302685,0.07374150131803305,0,"candidate robustness, shortage robustness, finite-buffer relevance, rank inversion, hardness tie-break",True
S7_P1_B3,"[""WIPHFSP_S7_P1_B3_C064"",""WIPHFSP_S7_P1_B3_C016"",""WIPHFSP_S7_P1_B3_C004"",""WIPHFSP_S7_P1_B3_C050"",""WIPHFSP_S7_P1_B3_C063""]","[""WIPHFSP_S7_P1_B3_C004"",""WIPHFSP_S7_P1_B3_C016""]",WIPHFSP_S7_P1_B3_C004,/Users/chen/Documents/Code/WIP-aware/data/benchmark_candidates/candidates/S7_P1_B3/WIPHFSP_S7_P1_B3_C004.json,WIPHFSP_S7_P1_B3,WIPHFSP_S7_P1_B3.json,0.9999999999999998,0.9999999999999998,0.9999999999999998,0.9999999999999997,1.0,5,5,5,0,1.1168754894283475,0.9199069311780551,0.79867425370911,0.6298307380636471,0.020982748518697317,0.685,0.2668348045397226,1756.445,1.0,0.9306887551000461,1.0200011584842683,0.16902487836692476,0.040115924839330436,0.08756108033921621,0.12890895352759432,1,"candidate robustness, shortage robustness, finite-buffer relevance, rank inversion, hardness tie-break",True
S7_P2_B1,"[""WIPHFSP_S7_P2_B1_C011"",""WIPHFSP_S7_P2_B1_C099"",""WIPHFSP_S7_P2_B1_C098"",""WIPHFSP_S7_P2_B1_C094"",""WIPHFSP_S7_P2_B1_C096""]","[""WIPHFSP_S7_P2_B1_C096"",""WIPHFSP_S7_P2_B1_C011""]",WIPHFSP_S7_P2_B1_C096,/Users/chen/Documents/Code/WIP-aware/data/benchmark_candidates/candidates/S7_P2_B1/WIPHFSP_S7_P2_B1_C096.json,WIPHFSP_S7_P2_B1,WIPHFSP_S7_P2_B1.json,0.9999999999999998,0.9999999999999998,0.9999999999999998,0.9999999999999997,1.0,2,2,2,0,0.9090356564019446,0.9090356564019446,0.6830586595318927,0.4777433304341637,0.17201992106103042,1.0,0.33323259796514554,3514.61,1.0,0.7448467051634406,0.9901088464363516,0.2014978293216408,0.10538868509410282,0.24771230168826666,0.09610914422753797,1,"candidate robustness, shortage robustness, finite-buffer relevance, rank inversion, hardness tie-break",True
S7_P2_B2,"[""WIPHFSP_S7_P2_B2_C056"",""WIPHFSP_S7_P2_B2_C010"",""WIPHFSP_S7_P2_B2_C068"",""WIPHFSP_S7_P2_B2_C100"",""WIPHFSP_S7_P2_B2_C077""]","[""WIPHFSP_S7_P2_B2_C010"",""WIPHFSP_S7_P2_B2_C100""]",WIPHFSP_S7_P2_B2_C010,/Users/chen/Documents/Code/WIP-aware/data/benchmark_candidates/candidates/S7_P2_B2/WIPHFSP_S7_P2_B2_C010.json,WIPHFSP_S7_P2_B2,WIPHFSP_S7_P2_B2.json,0.9999999999999998,0.9999999999999998,0.9999999999999998,0.9999999999999997,1.0,2,2,2,0,0.8308392085512843,0.8308392085512843,0.6905169745124341,0.5154463843890135,0.10651473911015563,0.975,0.31968329214786423,3058.71,1.0,0.8639072846111102,0.799401845957498,0.24707175308007606,0.11879546869911578,-0.08069213122252551,0.12827628438096028,0,"candidate robustness, shortage robustness, finite-buffer relevance, rank inversion, hardness tie-break",True
S7_P2_B3,"[""WIPHFSP_S7_P2_B3_C043"",""WIPHFSP_S7_P2_B3_C074"",""WIPHFSP_S7_P2_B3_C018"",""WIPHFSP_S7_P2_B3_C026"",""WIPHFSP_S7_P2_B3_C021""]","[""WIPHFSP_S7_P2_B3_C043"",""WIPHFSP_S7_P2_B3_C026""]",WIPHFSP_S7_P2_B3_C043,/Users/chen/Documents/Code/WIP-aware/data/benchmark_candidates/candidates/S7_P2_B3/WIPHFSP_S7_P2_B3_C043.json,WIPHFSP_S7_P2_B3,WIPHFSP_S7_P2_B3.json,0.9999999999999998,0.9999999999999998,0.9999999999999998,0.9999999999999997,1.0,1,1,1,0,0.9986156548090488,0.8328422201434353,0.7377440967930783,0.8596810455875246,0.03706507325112211,0.845,0.16410385681875472,967.395,0.99,0.6901497119900913,0.9345972840302584,0.3284669153822316,0.15426820750452136,0.26155390799529793,0.17419870787771025,1,"candidate robustness, shortage robustness, finite-buffer relevance, rank inversion, hardness tie-break",True
S7_P3_B1,"[""WIPHFSP_S7_P3_B1_C060"",""WIPHFSP_S7_P3_B1_C015"",""WIPHFSP_S7_P3_B1_C087"",""WIPHFSP_S7_P3_B1_C033"",""WIPHFSP_S7_P3_B1_C046""]","[""WIPHFSP_S7_P3_B1_C060"",""WIPHFSP_S7_P3_B1_C046""]",WIPHFSP_S7_P3_B1_C060,/Users/chen/Documents/Code/WIP-aware/data/benchmark_candidates/candidates/S7_P3_B1/WIPHFSP_S7_P3_B1_C060.json,WIPHFSP_S7_P3_B1,WIPHFSP_S7_P3_B1.json,0.9999999999999998,0.9999999999999998,0.9999999999999998,0.9999999999999997,1.0,1,1,1,0,0.8790624742097874,0.8790624742097874,0.6831108017465035,0.41015832871357666,0.2241524163963758,1.0,0.3578878419912329,8052.58,1.0,0.64678615027568,0.8194904954187519,0.3022003064711643,0.14543732853503288,0.21074600145863906,0.15676297793613142,1,"candidate robustness, shortage robustness, finite-buffer relevance, rank inversion, hardness tie-break",True
S7_P3_B2,"[""WIPHFSP_S7_P3_B2_C021"",""WIPHFSP_S7_P3_B2_C075"",""WIPHFSP_S7_P3_B2_C009"",""WIPHFSP_S7_P3_B2_C100"",""WIPHFSP_S7_P3_B2_C006""]","[""WIPHFSP_S7_P3_B2_C100"",""WIPHFSP_S7_P3_B2_C021""]",WIPHFSP_S7_P3_B2_C100,/Users/chen/Documents/Code/WIP-aware/data/benchmark_candidates/candidates/S7_P3_B2/WIPHFSP_S7_P3_B2_C100.json,WIPHFSP_S7_P3_B2,WIPHFSP_S7_P3_B2.json,0.9999999999999998,0.9999999999999998,0.9999999999999998,0.9999999999999997,1.0,3,3,3,0,0.9620085911587185,0.9620085911587185,0.7665567840368738,0.3893162434963635,0.10645419860688678,0.965,0.3667019507031604,5241.395,1.0,0.884027466555037,1.0655266240550458,0.24272444559968895,0.05147722284239342,0.1703375151801577,0.19124722275729553,1,"candidate robustness, shortage robustness, finite-buffer relevance, rank inversion, hardness tie-break",True
S7_P3_B3,"[""WIPHFSP_S7_P3_B3_C012"",""WIPHFSP_S7_P3_B3_C094"",""WIPHFSP_S7_P3_B3_C036"",""WIPHFSP_S7_P3_B3_C077"",""WIPHFSP_S7_P3_B3_C082""]","[""WIPHFSP_S7_P3_B3_C036"",""WIPHFSP_S7_P3_B3_C082""]",WIPHFSP_S7_P3_B3_C036,/Users/chen/Documents/Code/WIP-aware/data/benchmark_candidates/candidates/S7_P3_B3/WIPHFSP_S7_P3_B3_C036.json,WIPHFSP_S7_P3_B3,WIPHFSP_S7_P3_B3.json,0.9999999999999998,0.9999999999999998,0.9999999999999998,0.9999999999999997,1.0,2,2,2,0,0.8430680197936762,0.7316094918751607,0.6143142742902837,0.6778087756668714,0.0287922843167821,0.76,0.2520448348985156,3122.11,1.0,0.823309815169216,0.9672746703376323,0.1271240114063175,0.03366998667913317,0.1488355475265529,0.09345402472718431,1,"candidate robustness, shortage robustness, finite-buffer relevance, rank inversion, hardness tie-break",True
S7_P4_B1,"[""WIPHFSP_S7_P4_B1_C063"",""WIPHFSP_S7_P4_B1_C040"",""WIPHFSP_S7_P4_B1_C047"",""WIPHFSP_S7_P4_B1_C024"",""WIPHFSP_S7_P4_B1_C065""]","[""WIPHFSP_S7_P4_B1_C047"",""WIPHFSP_S7_P4_B1_C063""]",WIPHFSP_S7_P4_B1_C047,/Users/chen/Documents/Code/WIP-aware/data/benchmark_candidates/candidates/S7_P4_B1/WIPHFSP_S7_P4_B1_C047.json,WIPHFSP_S7_P4_B1,WIPHFSP_S7_P4_B1.json,0.9999999999999998,0.9999999999999998,0.9999999999999998,0.9999999999999997,1.0,5,5,5,0,1.511136939983093,1.511136939983093,1.0587672834835238,0.18198479225896674,0.20626871174661482,1.0,0.4382684942551905,12504.63,1.0,0.9008825651866963,1.0530004035157368,0.17934467315181962,0.08955671152527497,0.1444613295693031,0.08978796162654465,1,"candidate robustness, shortage robustness, finite-buffer relevance, rank inversion, hardness tie-break",True
S7_P4_B2,"[""WIPHFSP_S7_P4_B2_C014"",""WIPHFSP_S7_P4_B2_C081"",""WIPHFSP_S7_P4_B2_C085"",""WIPHFSP_S7_P4_B2_C079"",""WIPHFSP_S7_P4_B2_C066""]","[""WIPHFSP_S7_P4_B2_C081"",""WIPHFSP_S7_P4_B2_C066""]",WIPHFSP_S7_P4_B2_C081,/Users/chen/Documents/Code/WIP-aware/data/benchmark_candidates/candidates/S7_P4_B2/WIPHFSP_S7_P4_B2_C081.json,WIPHFSP_S7_P4_B2,WIPHFSP_S7_P4_B2.json,0.9999999999999998,0.9999999999999998,0.9999999999999998,0.9999999999999997,1.0,3,3,3,0,0.8849922037422036,0.8849922037422036,0.8130209955765989,0.5019624814697023,0.0899533812717843,0.935,0.3266612886961783,8159.22,1.0,0.8811277377475211,0.9213320554144464,0.17920656798596435,0.09159857371620139,0.04363716363781182,0.08760799426976296,1,"candidate robustness, shortage robustness, finite-buffer relevance, rank inversion, hardness tie-break",True
S7_P4_B3,"[""WIPHFSP_S7_P4_B3_C049"",""WIPHFSP_S7_P4_B3_C025"",""WIPHFSP_S7_P4_B3_C054"",""WIPHFSP_S7_P4_B3_C083"",""WIPHFSP_S7_P4_B3_C092""]","[""WIPHFSP_S7_P4_B3_C083"",""WIPHFSP_S7_P4_B3_C049""]",WIPHFSP_S7_P4_B3_C083,/Users/chen/Documents/Code/WIP-aware/data/benchmark_candidates/candidates/S7_P4_B3/WIPHFSP_S7_P4_B3_C083.json,WIPHFSP_S7_P4_B3,WIPHFSP_S7_P4_B3.json,0.9999999999999998,0.9999999999999998,0.9999999999999998,0.9999999999999997,1.0,3,3,3,0,0.9610757946210248,0.8747333814449518,0.7951058457952997,0.6916088327160419,0.0233004582257008,0.665,0.24376480072555046,4312.02,1.0,0.9361513926403167,1.009757490898025,0.17076812829309213,0.08628413994831118,0.07289482764042085,0.08448398834478095,1,"candidate robustness, shortage robustness, finite-buffer relevance, rank inversion, hardness tie-break",True
S8_P1_B1,"[""WIPHFSP_S8_P1_B1_C066"",""WIPHFSP_S8_P1_B1_C084"",""WIPHFSP_S8_P1_B1_C071"",""WIPHFSP_S8_P1_B1_C053"",""WIPHFSP_S8_P1_B1_C074""]","[""WIPHFSP_S8_P1_B1_C053"",""WIPHFSP_S8_P1_B1_C066""]",WIPHFSP_S8_P1_B1_C053,/Users/chen/Documents/Code/WIP-aware/data/benchmark_candidates/candidates/S8_P1_B1/WIPHFSP_S8_P1_B1_C053.json,WIPHFSP_S8_P1_B1,WIPHFSP_S8_P1_B1.json,0.9999999999999998,0.9999999999999998,0.9999999999999998,0.9999999999999997,1.0,2,2,2,0,0.9917777452272836,0.9917777452272836,0.820153479362241,0.18715840334359196,0.2056454301556423,0.995,0.4387070747819071,7115.335,1.0,0.8282960998994664,0.8958602468869513,0.21742002292762955,0.07183624873444444,0.07541817735767377,0.1455837741931851,1,"candidate robustness, shortage robustness, finite-buffer relevance, rank inversion, hardness tie-break",True
S8_P1_B2,"[""WIPHFSP_S8_P1_B2_C018"",""WIPHFSP_S8_P1_B2_C027"",""WIPHFSP_S8_P1_B2_C098"",""WIPHFSP_S8_P1_B2_C040"",""WIPHFSP_S8_P1_B2_C056""]","[""WIPHFSP_S8_P1_B2_C018"",""WIPHFSP_S8_P1_B2_C040""]",WIPHFSP_S8_P1_B2_C018,/Users/chen/Documents/Code/WIP-aware/data/benchmark_candidates/candidates/S8_P1_B2/WIPHFSP_S8_P1_B2_C018.json,WIPHFSP_S8_P1_B2,WIPHFSP_S8_P1_B2.json,0.9999999999999998,0.9999999999999998,0.9999999999999998,0.9999999999999997,1.0,1,1,1,0,0.9338664186269797,0.9338664186269797,0.8019110036824946,0.46345346253066644,0.07183122142063379,0.925,0.3412002017145739,3868.425,1.0,0.913791930759535,0.8303008476643026,0.14138228910605033,0.04322964430609544,-0.10055521842474142,0.09815264479995489,0,"candidate robustness, shortage robustness, finite-buffer relevance, rank inversion, hardness tie-break",True
S8_P1_B3,"[""WIPHFSP_S8_P1_B3_C078"",""WIPHFSP_S8_P1_B3_C068"",""WIPHFSP_S8_P1_B3_C086"",""WIPHFSP_S8_P1_B3_C091"",""WIPHFSP_S8_P1_B3_C059""]","[""WIPHFSP_S8_P1_B3_C059"",""WIPHFSP_S8_P1_B3_C091""]",WIPHFSP_S8_P1_B3_C059,/Users/chen/Documents/Code/WIP-aware/data/benchmark_candidates/candidates/S8_P1_B3/WIPHFSP_S8_P1_B3_C059.json,WIPHFSP_S8_P1_B3,WIPHFSP_S8_P1_B3.json,0.9999999999999998,0.9999999999999998,0.9999999999999998,0.9999999999999997,1.0,4,4,4,0,0.7525672935103239,0.6586622833522685,0.587556934552013,0.5644260450094847,0.021226022514516916,0.705,0.2976082349379352,2073.16,1.0,0.8613142017439783,0.9074552014423761,0.16578612418190936,0.05527918448762231,0.05084658683426692,0.11050693969428704,1,"candidate robustness, shortage robustness, finite-buffer relevance, rank inversion, hardness tie-break",True
S8_P2_B1,"[""WIPHFSP_S8_P2_B1_C061"",""WIPHFSP_S8_P2_B1_C050"",""WIPHFSP_S8_P2_B1_C082"",""WIPHFSP_S8_P2_B1_C087"",""WIPHFSP_S8_P2_B1_C043""]","[""WIPHFSP_S8_P2_B1_C082"",""WIPHFSP_S8_P2_B1_C061""]",WIPHFSP_S8_P2_B1_C082,/Users/chen/Documents/Code/WIP-aware/data/benchmark_candidates/candidates/S8_P2_B1/WIPHFSP_S8_P2_B1_C082.json,WIPHFSP_S8_P2_B1,WIPHFSP_S8_P2_B1.json,0.9999999999999998,0.9999999999999998,0.9999999999999998,0.9999999999999997,1.0,2,2,2,0,0.7650048275256736,0.7650048275256736,0.6209687832626639,0.4099852129743651,0.22537733123906065,1.0,0.3601613716591024,6145.965,1.0,0.4792597283794245,0.6872127639318342,0.3036670482152866,0.11260585296081152,0.3026035697624707,0.1910611952544751,1,"candidate robustness, shortage robustness, finite-buffer relevance, rank inversion, hardness tie-break",True
S8_P2_B2,"[""WIPHFSP_S8_P2_B2_C015"",""WIPHFSP_S8_P2_B2_C062"",""WIPHFSP_S8_P2_B2_C078"",""WIPHFSP_S8_P2_B2_C030"",""WIPHFSP_S8_P2_B2_C048""]","[""WIPHFSP_S8_P2_B2_C015"",""WIPHFSP_S8_P2_B2_C078""]",WIPHFSP_S8_P2_B2_C015,/Users/chen/Documents/Code/WIP-aware/data/benchmark_candidates/candidates/S8_P2_B2/WIPHFSP_S8_P2_B2_C015.json,WIPHFSP_S8_P2_B2,WIPHFSP_S8_P2_B2.json,0.9999999999999998,0.9999999999999998,0.9999999999999998,0.9999999999999997,1.0,4,4,4,0,0.6968956474008418,0.6968956474008418,0.5715271706621268,0.503296431331469,0.08214093796114318,0.96,0.3266767523953606,2502.17,1.0,0.775410973644151,0.8061742045091047,0.3784077211139027,0.08510449326178722,0.038159532633083776,0.2933032278521155,1,"candidate robustness, shortage robustness, finite-buffer relevance, rank inversion, hardness tie-break",True
S8_P2_B3,"[""WIPHFSP_S8_P2_B3_C091"",""WIPHFSP_S8_P2_B3_C039"",""WIPHFSP_S8_P2_B3_C067"",""WIPHFSP_S8_P2_B3_C029"",""WIPHFSP_S8_P2_B3_C056""]","[""WIPHFSP_S8_P2_B3_C029"",""WIPHFSP_S8_P2_B3_C091""]",WIPHFSP_S8_P2_B3_C029,/Users/chen/Documents/Code/WIP-aware/data/benchmark_candidates/candidates/S8_P2_B3/WIPHFSP_S8_P2_B3_C029.json,WIPHFSP_S8_P2_B3,WIPHFSP_S8_P2_B3.json,0.9999999999999998,0.9999999999999998,0.9999999999999998,0.9999999999999997,1.0,4,4,4,0,0.7427719405106337,0.6281046575112343,0.5380487849813,0.7924812966238907,0.019949661547016193,0.69,0.19656912209889002,849.945,0.99,0.9077734257272536,0.8205442199820971,0.27570268211988247,0.2198416896731328,-0.10630652635266062,0.05586099244674966,0,"candidate robustness, shortage robustness, finite-buffer relevance, rank inversion, hardness tie-break",True
S8_P3_B1,"[""WIPHFSP_S8_P3_B1_C089"",""WIPHFSP_S8_P3_B1_C060"",""WIPHFSP_S8_P3_B1_C076"",""WIPHFSP_S8_P3_B1_C069"",""WIPHFSP_S8_P3_B1_C054""]","[""WIPHFSP_S8_P3_B1_C060"",""WIPHFSP_S8_P3_B1_C069""]",WIPHFSP_S8_P3_B1_C060,/Users/chen/Documents/Code/WIP-aware/data/benchmark_candidates/candidates/S8_P3_B1/WIPHFSP_S8_P3_B1_C060.json,WIPHFSP_S8_P3_B1,WIPHFSP_S8_P3_B1.json,0.9999999999999998,0.9999999999999998,0.9999999999999998,0.9999999999999997,1.0,1,1,1,0,0.6828951791837555,0.6828951791837555,0.5063189519306538,0.20389983615060658,0.23770644951225406,1.0,0.43012273347138746,9805.835,1.0,0.7750719102562014,1.0412038049242116,0.2939583300971991,0.17597025023518628,0.25560019413022234,0.11798807986201285,1,"candidate robustness, shortage robustness, finite-buffer relevance, rank inversion, hardness tie-break",True
S8_P3_B2,"[""WIPHFSP_S8_P3_B2_C048"",""WIPHFSP_S8_P3_B2_C051"",""WIPHFSP_S8_P3_B2_C061"",""WIPHFSP_S8_P3_B2_C055"",""WIPHFSP_S8_P3_B2_C022""]","[""WIPHFSP_S8_P3_B2_C061"",""WIPHFSP_S8_P3_B2_C051""]",WIPHFSP_S8_P3_B2_C061,/Users/chen/Documents/Code/WIP-aware/data/benchmark_candidates/candidates/S8_P3_B2/WIPHFSP_S8_P3_B2_C061.json,WIPHFSP_S8_P3_B2,WIPHFSP_S8_P3_B2.json,0.9999999999999998,0.9999999999999998,0.9999999999999998,0.9999999999999997,1.0,1,1,1,0,0.614381212067904,0.614381212067904,0.5096151015000079,0.35631197217290095,0.09631968034613,0.975,0.3768218266175803,7124.64,1.0,0.530012984018736,0.6992240228615809,0.4079509934635799,0.27429272602833077,0.24199832000923704,0.1336582674352491,1,"candidate robustness, shortage robustness, finite-buffer relevance, rank inversion, hardness tie-break",True
S8_P3_B3,"[""WIPHFSP_S8_P3_B3_C097"",""WIPHFSP_S8_P3_B3_C052"",""WIPHFSP_S8_P3_B3_C007"",""WIPHFSP_S8_P3_B3_C042"",""WIPHFSP_S8_P3_B3_C067""]","[""WIPHFSP_S8_P3_B3_C007"",""WIPHFSP_S8_P3_B3_C042""]",WIPHFSP_S8_P3_B3_C007,/Users/chen/Documents/Code/WIP-aware/data/benchmark_candidates/candidates/S8_P3_B3/WIPHFSP_S8_P3_B3_C007.json,WIPHFSP_S8_P3_B3,WIPHFSP_S8_P3_B3.json,0.9999999999999998,0.9999999999999998,0.9999999999999998,0.9999999999999997,1.0,2,2,2,0,0.569344447128936,0.5077183073536277,0.45487957779332877,0.6492251543308679,0.026284232243512676,0.745,0.2633329972779514,3849.795,1.0,0.4935875624972348,0.6007989875079275,0.3257214111441069,0.22063792559225814,0.17844807870802146,0.10508348555184877,1,"candidate robustness, shortage robustness, finite-buffer relevance, rank inversion, hardness tie-break",True
S8_P4_B1,"[""WIPHFSP_S8_P4_B1_C052"",""WIPHFSP_S8_P4_B1_C054"",""WIPHFSP_S8_P4_B1_C006"",""WIPHFSP_S8_P4_B1_C078"",""WIPHFSP_S8_P4_B1_C023""]","[""WIPHFSP_S8_P4_B1_C052"",""WIPHFSP_S8_P4_B1_C078""]",WIPHFSP_S8_P4_B1_C052,/Users/chen/Documents/Code/WIP-aware/data/benchmark_candidates/candidates/S8_P4_B1/WIPHFSP_S8_P4_B1_C052.json,WIPHFSP_S8_P4_B1,WIPHFSP_S8_P4_B1.json,0.9999999999999998,0.9999999999999998,0.9999999999999998,0.9999999999999997,1.0,3,3,3,0,0.8354465709728864,0.8354465709728864,0.6752331172904033,0.23841312927172364,0.17003938964121623,0.995,0.41891415032514995,15764.55,1.0,1.0461899512175474,1.0479933958488947,0.24936621230100264,0.030353986106226607,0.0017208549581409808,0.21901222619477603,1,"candidate robustness, shortage robustness, finite-buffer relevance, rank inversion, hardness tie-break",True
S8_P4_B2,"[""WIPHFSP_S8_P4_B2_C009"",""WIPHFSP_S8_P4_B2_C001"",""WIPHFSP_S8_P4_B2_C052"",""WIPHFSP_S8_P4_B2_C008"",""WIPHFSP_S8_P4_B2_C046""]","[""WIPHFSP_S8_P4_B2_C001"",""WIPHFSP_S8_P4_B2_C009""]",WIPHFSP_S8_P4_B2_C001,/Users/chen/Documents/Code/WIP-aware/data/benchmark_candidates/candidates/S8_P4_B2/WIPHFSP_S8_P4_B2_C001.json,WIPHFSP_S8_P4_B2,WIPHFSP_S8_P4_B2.json,0.9999999999999998,0.9999999999999998,0.9999999999999998,0.9999999999999997,1.0,4,4,4,0,0.8654015717845499,0.8654015717845499,0.7986284602347622,0.4632750267484688,0.061196545331624705,0.865,0.3395817586293777,9656.405,1.0,1.0232855643044623,0.9907288057742785,0.19945804469804948,0.033628143915851116,-0.03286142316686457,0.16582990078219836,0,"candidate robustness, shortage robustness, finite-buffer relevance, rank inversion, hardness tie-break",True
S8_P4_B3,"[""WIPHFSP_S8_P4_B3_C041"",""WIPHFSP_S8_P4_B3_C022"",""WIPHFSP_S8_P4_B3_C077"",""WIPHFSP_S8_P4_B3_C032"",""WIPHFSP_S8_P4_B3_C071""]","[""WIPHFSP_S8_P4_B3_C032"",""WIPHFSP_S8_P4_B3_C022""]",WIPHFSP_S8_P4_B3_C032,/Users/chen/Documents/Code/WIP-aware/data/benchmark_candidates/candidates/S8_P4_B3/WIPHFSP_S8_P4_B3_C032.json,WIPHFSP_S8_P4_B3,WIPHFSP_S8_P4_B3.json,0.9999999999999998,0.9999999999999998,0.9999999999999998,0.9999999999999997,1.0,2,2,2,0,0.7122217275155828,0.66929320633038,0.6341373708199828,0.6103347602798618,0.014391691279124683,0.61,0.27703009224255254,3874.92,1.0,0.9872217999287891,1.0781504349298456,0.11104744075990342,0.0519353003066307,0.08433761380144399,0.05911214045327272,1,"candidate robustness, shortage robustness, finite-buffer relevance, rank inversion, hardness tie-break",True
