cell_id,candidate_id,small_mean_HV,large_mean_HV,small_mean_IGD,large_mean_IGD,HV_gap,IGD_gap,reference_front_size,elapsed_seconds
S1_P1_B1,WIPHFSP_S1_P1_B1_C005,0.8163424661431663,1.027313929668829,0.1974509929469166,0.07262003035388638,0.20536221444351221,0.12483096259303021,10,28.408541500000865
S1_P1_B1,WIPHFSP_S1_P1_B1_C085,0.788210998737216,1.0412109646079113,0.1973333587760211,0.07124885565145793,0.24298626740424736,0.12608450312456315,4,28.84348445798969
S1_P1_B2,WIPHFSP_S1_P1_B2_C090,0.9143996791604703,1.01940485938205,0.16964107153595143,0.06265717115293698,0.10300635636083728,0.10698390038301445,9,29.108864042005735
S1_P1_B2,WIPHFSP_S1_P1_B2_C006,1.0160143931896577,1.0517197203352646,0.1555406660697667,0.05219609772414481,0.033949470049102926,0.10334456834562188,11,27.9012801249919
S1_P1_B3,WIPHFSP_S1_P1_B3_C004,0.9791586422911724,1.1134428059729264,0.10619708828884387,0.050140701532076185,0.1206026595719893,0.05605638675676769,9,29.635807958999067
S1_P1_B3,WIPHFSP_S1_P1_B3_C088,0.749576475896246,1.0587049789570986,0.3559232116708072,0.1165645234895373,0.29198738950399067,0.2393586881812699,2,30.103369874996133
S1_P2_B1,WIPHFSP_S1_P2_B1_C066,0.7354216859886964,0.9056948692773437,0.18951008560715876,0.0631636662150389,0.18800281315971315,0.12634641939211988,8,30.320155042005354
S1_P2_B1,WIPHFSP_S1_P2_B1_C078,0.6732762709352307,0.9064935032854109,0.19750149801061576,0.04237945300960871,0.25727402513605674,0.15512204500100704,10,30.605129749994376
S1_P2_B2,WIPHFSP_S1_P2_B2_C073,0.9094561417515238,0.9870770280372476,0.1937984082593231,0.059613839321549594,0.07863711147243531,0.1341845689377735,8,29.874755875003757
S1_P2_B2,WIPHFSP_S1_P2_B2_C088,0.567714248206891,0.9009172007208242,0.3368798525270598,0.12770359448491392,0.3698485856935216,0.2091762580421459,5,30.115126792006777
S1_P2_B3,WIPHFSP_S1_P2_B3_C083,0.7665815217039216,0.9549793013196626,0.18586599228025324,0.03501703715379703,0.19727943773776188,0.1508489551264562,13,30.563117582991254
S1_P2_B3,WIPHFSP_S1_P2_B3_C051,0.7482746829701727,0.9973980875972654,0.19375751879590308,0.052832811275147766,0.24977329285539523,0.1409247075207553,7,30.598443458002293
S1_P3_B1,WIPHFSP_S1_P3_B1_C017,0.6263143782485951,1.0420783092794386,0.30668288398401444,0.03911159956602307,0.398975707802546,0.2675712844179914,7,35.32193662499776
S1_P3_B1,WIPHFSP_S1_P3_B1_C023,0.8121954937017961,0.9808273649686587,0.16030709231873808,0.06466079962119611,0.17192818766030163,0.09564629269754196,10,36.08928637500503
S1_P3_B2,WIPHFSP_S1_P3_B2_C028,0.7170162546569918,1.0018436340993477,0.24494031281228462,0.08984008047066565,0.28430322831579397,0.15510023234161896,6,37.016639250010485
S1_P3_B2,WIPHFSP_S1_P3_B2_C095,0.8393487758964195,0.9814134489112146,0.15705212219510611,0.045349683574778074,0.14475517242224228,0.11170243862032804,14,37.191655167000135
S1_P3_B3,WIPHFSP_S1_P3_B3_C075,0.6895603038457663,0.9403711990197523,0.21803554348279464,0.055575137157316365,0.2667147775635471,0.16246040632547826,6,42.236396624997724
S1_P3_B3,WIPHFSP_S1_P3_B3_C014,0.6411951149253179,0.8985203739671839,0.21250854604869335,0.06833345147856323,0.2863877842918871,0.1441750945701301,10,42.5949250410049
S1_P4_B1,WIPHFSP_S1_P4_B1_C074,0.8336635405773147,0.99634247545795,0.2467755717489909,0.07470182247468819,0.16327612130126207,0.1720737492743027,7,43.95412533300987
S1_P4_B1,WIPHFSP_S1_P4_B1_C002,0.8954253242225632,1.039359921907684,0.1788247034260712,0.0621849097318645,0.1384838828697558,0.11663979369420671,6,44.24801979199401
S1_P4_B2,WIPHFSP_S1_P4_B2_C038,0.9678067301965458,1.0612470220369272,0.15688442989844972,0.037705802068886525,0.08804763631840087,0.1191786278295632,14,42.72323341699666
S1_P4_B2,WIPHFSP_S1_P4_B2_C011,0.8998997856453692,1.0717872470876766,0.21150983589146355,0.08752604972770613,0.16037460970841902,0.12398378616375742,7,42.77145704199211
S1_P4_B3,WIPHFSP_S1_P4_B3_C079,0.9585250850006173,1.083689868375282,0.22794097916799105,0.07593298777898902,0.11549871141842645,0.15200799138900203,4,42.542823000010685
S1_P4_B3,WIPHFSP_S1_P4_B3_C010,0.7084683941008517,0.9292484672624899,0.14264863749604362,0.030335136818750642,0.23758992448145264,0.11231350067729298,15,42.09846858298988
S2_P1_B1,WIPHFSP_S2_P1_B1_C042,0.6854717214994279,0.9102733030627298,0.1597036300413558,0.05486295008507291,0.2469605346072235,0.10484067995628288,10,61.5550746670051
S2_P1_B1,WIPHFSP_S2_P1_B1_C016,0.8515437945513136,1.0073726524102466,0.1348773617193965,0.05345439321557005,0.15468839409720048,0.08142296850382644,11,62.03942391600867
S2_P1_B2,WIPHFSP_S2_P1_B2_C096,0.7050387430047355,0.8505354989082929,0.15764184292512834,0.04336265366578681,0.17106488334718442,0.11427918925934152,12,61.986831458998495
S2_P1_B2,WIPHFSP_S2_P1_B2_C025,0.7387443045704356,0.863302174832073,0.12173791423958209,0.0477162273288882,0.1442807326249604,0.07402168691069388,14,62.17937450000318
S2_P1_B3,WIPHFSP_S2_P1_B3_C009,0.9781416405742539,1.1007526843119066,0.12865208856363908,0.06458705732943378,0.11138836678303168,0.0640650312342053,8,68.60668704198906
S2_P1_B3,WIPHFSP_S2_P1_B3_C013,0.5596646047557842,0.9191157108307404,0.22199112424398804,0.0448401905446182,0.39108362727221385,0.17715093369936985,9,69.62815687501279
S2_P2_B1,WIPHFSP_S2_P2_B1_C086,0.7350163872302509,0.8937446357425978,0.20842532919055579,0.10580690612867681,0.17759910623719113,0.10261842306187897,7,70.33196987499832
S2_P2_B1,WIPHFSP_S2_P2_B1_C022,0.5747312714080515,0.9236513157894739,0.28505269982395004,0.06695552037541888,0.37776164924618955,0.21809717944853116,5,70.9353358750086
S2_P2_B2,WIPHFSP_S2_P2_B2_C013,0.5461551863055525,0.9476687422254894,0.3155354775296988,0.045860369109335,0.42368555385356016,0.2696751084203638,8,69.90041637499235
S2_P2_B2,WIPHFSP_S2_P2_B2_C023,0.7792131052963192,1.0304088573098618,0.22414456586788511,0.04046434438512997,0.24378260166465154,0.18368022148275515,10,69.89459545900172
S2_P2_B3,WIPHFSP_S2_P2_B3_C020,0.5648827619560747,0.7810080308166152,0.26810305359792663,0.10244575142357995,0.27672605188743715,0.16565730217434668,5,70.73849049999262
S2_P2_B3,WIPHFSP_S2_P2_B3_C089,0.5125749451140493,1.0274398225103107,0.5743533313336566,0.16086015883060872,0.5011143875441848,0.4134931725030479,2,69.31844804200227
S2_P3_B1,WIPHFSP_S2_P3_B1_C011,0.8139667022792025,0.992828881766382,0.24420095281733217,0.1505612351333895,0.18015408573608208,0.09363971768394266,5,62.14410745899659
S2_P3_B1,WIPHFSP_S2_P3_B1_C073,0.38164539620736915,0.6655211863388374,0.31745753500655005,0.056834408747320334,0.42654658628179537,0.26062312625922973,5,62.003954415995395
S2_P3_B2,WIPHFSP_S2_P3_B2_C004,0.7180797526130401,0.9108868131967982,0.16520151093983848,0.0584448450540196,0.2116696144791924,0.10675666588581889,11,64.45411508300458
S2_P3_B2,WIPHFSP_S2_P3_B2_C046,0.47089516567711787,1.0136823084846593,0.5068129992431577,0.08218601979086035,0.535460802920011,0.4246269794522973,3,63.36164512499818
S2_P3_B3,WIPHFSP_S2_P3_B3_C022,0.6804336900129704,0.9144856067156653,0.2972723850500281,0.06398298844823729,0.2559383274965104,0.23328939660179082,7,61.93904349999502
S2_P3_B3,WIPHFSP_S2_P3_B3_C002,0.3533003795106201,0.8381321857155839,0.44204041110835646,0.12427740485840003,0.5784669941895187,0.31776300624995646,4,62.30956687500293
S2_P4_B1,WIPHFSP_S2_P4_B1_C065,0.8727556487304917,1.0273936252814662,0.15561750794435125,0.08051159443963866,0.1505148297065393,0.07510591350471259,7,61.96460479199595
S2_P4_B1,WIPHFSP_S2_P4_B1_C030,0.8025010028228532,1.0356078601379786,0.1649970911356588,0.04915765310595943,0.22509181929523248,0.11583943802969937,8,63.60970804101089
S2_P4_B2,WIPHFSP_S2_P4_B2_C004,0.9777087388567094,1.0801856920211352,0.11056248875755478,0.02022262031242705,0.09486975611812294,0.09033986844512773,17,61.22769933400559
S2_P4_B2,WIPHFSP_S2_P4_B2_C093,0.7003471806387227,0.867430389221557,0.18562863156024523,0.05832113600060736,0.19261857857272477,0.12730749555963788,5,61.720233792002546
S2_P4_B3,WIPHFSP_S2_P4_B3_C055,0.7998452686090916,0.9908798451639904,0.13717857017396795,0.029870359345678825,0.19279287744831453,0.10730821082828912,14,62.2202675830049
S2_P4_B3,WIPHFSP_S2_P4_B3_C022,0.7361519294818824,0.9297118019905565,0.17379750026618282,0.03894902647181541,0.20819341229620317,0.1348484737943674,15,62.960852624994004
S3_P1_B1,WIPHFSP_S3_P1_B1_C035,0.8775109735269958,1.010769433942837,0.2006688290507742,0.058279520724206876,0.13183863296685885,0.14238930832656732,8,106.05970695799624
S3_P1_B1,WIPHFSP_S3_P1_B1_C068,0.7288013988978383,0.85235710753144,0.2019510202273596,0.07546811506339127,0.14495767975853857,0.12648290516396835,6,106.62946141698922
S3_P1_B2,WIPHFSP_S3_P1_B2_C094,0.7179976851851851,0.9130292093079924,0.1749369654248769,0.06612061377413792,0.21360929325625067,0.108816351650739,10,104.85042149999936
S3_P1_B2,WIPHFSP_S3_P1_B2_C028,0.9224928154259759,1.0068689162881248,0.2250096532712184,0.11756916386752148,0.08380048236380361,0.10744048940369694,3,107.54434920799395
S3_P1_B3,WIPHFSP_S3_P1_B3_C093,0.7783054164735291,0.8797922182256388,0.1743660096885585,0.03786015592093944,0.11535314776558546,0.13650585376761906,9,109.42879175000417
S3_P1_B3,WIPHFSP_S3_P1_B3_C072,0.9630516861392369,1.0657097467056098,0.10658900478255123,0.05262510943074018,0.09632834914348844,0.05396389535181105,14,110.61370004199853
S3_P2_B1,WIPHFSP_S3_P2_B1_C051,0.5991854740241839,0.9871467958564735,0.3200505604318973,0.0974624951002607,0.3930127955237818,0.22258806533163658,5,109.31612716701056
S3_P2_B1,WIPHFSP_S3_P2_B1_C043,0.9978194694936878,0.9855612252379069,0.14817522078599338,0.06638379978836374,-0.012437831300444518,0.08179142099762964,6,114.01308683399111
S3_P2_B2,WIPHFSP_S3_P2_B2_C036,0.7143094506315835,0.8121610135994617,0.2984080620102062,0.12494634310760404,0.12048296006488166,0.17346171890260215,6,114.94513912500406
S3_P2_B2,WIPHFSP_S3_P2_B2_C084,0.865159277516026,0.9957054237115873,0.19750565428794542,0.07084501566105894,0.13110920467702888,0.12666063862688648,5,117.60510245800833
S3_P2_B3,WIPHFSP_S3_P2_B3_C027,0.5885759184428072,0.9361220716794763,0.2987369225920252,0.07238619657406259,0.3712615734107976,0.22635072601796263,7,115.1522085829929
S3_P2_B3,WIPHFSP_S3_P2_B3_C045,0.6936798421178132,0.7488374790936319,0.21212071829511972,0.08764231893932733,0.07365768743640608,0.12447839935579239,5,121.31088620900118
S3_P3_B1,WIPHFSP_S3_P3_B1_C082,0.7361684080440402,0.9813388945062356,0.2263418465796489,0.07708183825391143,0.24983263970730932,0.14926000832573746,8,123.10670004099666
S3_P3_B1,WIPHFSP_S3_P3_B1_C052,0.8135362512501156,0.8827186966862484,0.22089099780565072,0.10144331754371132,0.07837428355802054,0.1194476802619394,5,123.70432129099208
S3_P3_B2,WIPHFSP_S3_P3_B2_C093,0.9242169527704249,1.1147705093862113,0.18429068184759742,0.09429887223189982,0.170935232867376,0.0899918096156976,8,120.7782592500007
S3_P3_B2,WIPHFSP_S3_P3_B2_C027,0.9102349841338206,1.086856976368577,0.244306715984823,0.10646237076538663,0.16250711554037758,0.1378443452194364,6,121.63048737500503
S3_P3_B3,WIPHFSP_S3_P3_B3_C016,0.868391463000679,0.9637601832993892,0.1701401585960408,0.04425719544392905,0.09895482501893853,0.12588296315211175,12,118.63507474999642
S3_P3_B3,WIPHFSP_S3_P3_B3_C075,0.9372929910678364,0.9913522242624201,0.2637085353627142,0.12190761645463714,0.05453080335271353,0.14180091890807706,4,116.91801749999286
S3_P4_B1,WIPHFSP_S3_P4_B1_C089,0.8439666258226698,1.0346507206649576,0.22885352854060664,0.04168120315897596,0.18429803510845968,0.1871723253816307,6,121.84558929099876
S3_P4_B1,WIPHFSP_S3_P4_B1_C004,0.8560973538919765,1.0104258835494535,0.20103334225485564,0.05047521790949943,0.15273612064963588,0.1505581243453562,6,121.62928158299474
S3_P4_B2,WIPHFSP_S3_P4_B2_C049,1.008591323543137,1.0143623725333455,0.10180130337449106,0.041698892338440714,0.005689336618224296,0.060102411036050345,10,122.00561729198671
S3_P4_B2,WIPHFSP_S3_P4_B2_C100,0.9401895622151866,0.9568385571345592,0.20269626821955272,0.040207091882421477,0.017400004206784836,0.16248917633713125,9,118.98277508399042
S3_P4_B3,WIPHFSP_S3_P4_B3_C031,1.0166952603202706,1.1106899493039353,0.10474334378997763,0.06680084116818186,0.0846272976922913,0.03794250262179577,11,120.84481591600343
S3_P4_B3,WIPHFSP_S3_P4_B3_C093,0.8241390773405699,0.9481340569877885,0.16816601294209843,0.12143489612003507,0.1307778986876798,0.046731116822063365,6,123.27959079199354
S4_P1_B1,WIPHFSP_S4_P1_B1_C041,0.9863998552685711,1.1054894103185582,0.2473224920567787,0.14434855658385484,0.10772564073278862,0.10297393547292386,4,228.0430802910123
S4_P1_B1,WIPHFSP_S4_P1_B1_C093,0.8853959407677985,0.8434259209521082,0.2532940890058872,0.05601423067323487,-0.04976135873114061,0.19727985833265232,5,223.67462333399453
S4_P1_B2,WIPHFSP_S4_P1_B2_C038,0.8777040349109309,0.9823991553746585,0.1372557484462323,0.07411073963044104,0.1065708575692875,0.06314500881579127,9,229.10855012500542
S4_P1_B2,WIPHFSP_S4_P1_B2_C072,0.528083904020463,0.799170142839085,0.2960506231221355,0.1420547932191842,0.3392096679878927,0.15399582990295127,6,233.37526937499933
S4_P1_B3,WIPHFSP_S4_P1_B3_C037,0.7436181379856619,0.8942279151206906,0.20049155438886462,0.0667331913930634,0.1684243743548679,0.13375836299580124,9,220.8611382500094
S4_P1_B3,WIPHFSP_S4_P1_B3_C041,0.89346392772868,1.0635366202770293,0.1619506284371161,0.05995894641679948,0.15991239916486277,0.10199168202031662,8,227.67893166700378
S4_P2_B1,WIPHFSP_S4_P2_B1_C079,0.481010907313126,0.7453691122424897,0.38052387836526025,0.21467006321453058,0.354667507127671,0.16585381515072967,4,232.56506233300024
S4_P2_B1,WIPHFSP_S4_P2_B1_C013,0.7122535531329575,1.0253232432985597,0.26053345215434454,0.07820450873637894,0.30533755302193555,0.1823289434179656,3,235.25145295799302
S4_P2_B2,WIPHFSP_S4_P2_B2_C015,0.7413227657685013,0.8731794600559601,0.2008339116642002,0.06256889548027086,0.15100755379525008,0.13826501618392933,7,216.89127175000613
S4_P2_B2,WIPHFSP_S4_P2_B2_C006,0.5596889253785806,0.7911603721948551,0.24176574292255615,0.06492302200572497,0.29257209404185475,0.17684272091683118,10,223.83162512499257
S4_P2_B3,WIPHFSP_S4_P2_B3_C073,0.8449584376950452,0.8973266886332871,0.21713636553604482,0.07060506374760965,0.05836029575576911,0.14653130178843515,12,227.10518291700282
S4_P2_B3,WIPHFSP_S4_P2_B3_C096,0.6075946281358037,0.7098093032532579,0.28856283143205874,0.09327271816978848,0.1440030084824632,0.19529011326227025,5,230.98705537499336
S4_P3_B1,WIPHFSP_S4_P3_B1_C094,0.7094114187477382,0.945278320665943,0.3063422587234199,0.13758007869501504,0.24952111643879493,0.16876218002840487,3,228.51706270799332
S4_P3_B1,WIPHFSP_S4_P3_B1_C025,0.6297812500000002,0.8322522321428574,0.3509025567360964,0.058241582964696365,0.2432807919557006,0.2926609737714,5,228.61302058301226
S4_P3_B2,WIPHFSP_S4_P3_B2_C030,0.7526402298162045,1.0494541148924754,0.24498995221435996,0.04828962330753089,0.28282692960463446,0.19670032890682906,8,226.47881979199883
S4_P3_B2,WIPHFSP_S4_P3_B2_C061,0.6981619423880943,0.945032027923747,0.19312414353443352,0.051679405159664474,0.2612293321717039,0.14144473837476906,9,228.44561229199462
S4_P3_B3,WIPHFSP_S4_P3_B3_C061,0.5291025989951889,0.9026261175867012,0.3193619570661401,0.09322152131935378,0.41381864684989017,0.22614043574678633,5,227.57077487501374
S4_P3_B3,WIPHFSP_S4_P3_B3_C045,0.8694358156806404,0.9303120392192947,0.2526930950026453,0.07030360860214296,0.06543634928090941,0.18238948640050234,7,231.47906458299258
S4_P4_B1,WIPHFSP_S4_P4_B1_C094,0.877654519004812,1.0447481389512054,0.16627317545824088,0.0647167989006376,0.1599367481180434,0.10155637655760329,12,235.32818137500726
S4_P4_B1,WIPHFSP_S4_P4_B1_C026,1.0101758074426095,1.066753427942363,0.16470843084628203,0.06679705885369107,0.05303720524135717,0.09791137199259096,12,241.75838845799444
S4_P4_B2,WIPHFSP_S4_P4_B2_C018,0.8657111793125192,1.003602031312171,0.26666661635737354,0.07584308540976144,0.1373959474944739,0.19082353094761212,9,227.78934899999877
S4_P4_B2,WIPHFSP_S4_P4_B2_C066,0.9367846881581517,0.9689190334887665,0.11551282824538713,0.04405674644108537,0.033165150254997194,0.07145608180430175,8,233.3403817090002
S4_P4_B3,WIPHFSP_S4_P4_B3_C030,0.955665950801426,1.0035633826757344,0.13009565404778275,0.032168304287839775,0.04772736102283338,0.09792734975994298,14,232.87303004100977
S4_P4_B3,WIPHFSP_S4_P4_B3_C094,0.918066236724352,1.057171613024961,0.1333944314731647,0.029820927884649902,0.13158258752563867,0.1035735035885148,10,234.0355435419915
S5_P1_B1,WIPHFSP_S5_P1_B1_C038,0.924142228887583,1.1090981496868857,0.17757187937728183,0.04315641502735919,0.1667624464537711,0.13441546434992263,5,480.6253163749934
S5_P1_B1,WIPHFSP_S5_P1_B1_C050,0.7689169770058093,0.7163238267725701,0.26359020666504446,0.05223928385010693,-0.07342091421156073,0.21135092281493753,8,482.50619045899657
S5_P1_B2,WIPHFSP_S5_P1_B2_C068,0.9512740776533288,1.0665792293892604,0.14185992716231427,0.044728296065769335,0.10810744158392149,0.09713163109654493,10,482.130159332999
S5_P1_B2,WIPHFSP_S5_P1_B2_C086,0.743814030749039,0.8921601799795535,0.2614299460195012,0.10443013682732684,0.1662774830790454,0.15699980919217438,8,481.97592937499576
S5_P1_B3,WIPHFSP_S5_P1_B3_C018,0.9373366004565902,1.0873959752632638,0.11480357340762275,0.044663750783827214,0.13799883227469692,0.07013982262379553,9,451.1470912090008
S5_P1_B3,WIPHFSP_S5_P1_B3_C049,0.8504880339815454,0.8634093927625754,0.2007362933567312,0.07295488722564786,0.01496550638587769,0.12778140613108335,11,446.38714245900337
S5_P2_B1,WIPHFSP_S5_P2_B1_C010,0.8036800909235842,1.0472157995155547,0.4051275668178279,0.21884555074583775,0.23255541857217807,0.18628201607199016,3,446.73418629200023
S5_P2_B1,WIPHFSP_S5_P2_B1_C084,0.9613831256688401,0.9673747059461348,0.3139681571287508,0.14000912126958426,0.006193649927437908,0.17395903585916656,4,435.17644850000215
S5_P2_B2,WIPHFSP_S5_P2_B2_C015,0.5003516093983242,1.0599518648208357,0.469348688295404,0.0986236451707557,0.5279487437069352,0.37072504312464827,4,347.2613704579999
S5_P2_B2,WIPHFSP_S5_P2_B2_C032,0.6233626631785724,0.8098607624635232,0.46874791237873875,0.42001510847254875,0.23028415244789763,0.04873280390619,2,351.69117495899263
S5_P2_B3,WIPHFSP_S5_P2_B3_C056,0.500783111388407,0.7608157207198427,0.4309938740781886,0.29724060226540594,0.3417813305501431,0.13375327181278268,3,352.56084837499657
S5_P2_B3,WIPHFSP_S5_P2_B3_C019,0.571764276944029,0.8363730315752225,0.24058843959265167,0.07618500349845518,0.31637647872566355,0.1644034360941965,9,348.6267530840123
S5_P3_B1,WIPHFSP_S5_P3_B1_C049,0.9501704342158341,1.0672623412968818,0.21171158721648498,0.12394990317899568,0.10971239455395188,0.0877616840374893,6,351.11258049999014
S5_P3_B1,WIPHFSP_S5_P3_B1_C065,0.6159058786984548,0.6453635163469753,0.2839193231423546,0.13272715875488297,0.04564503090477949,0.1511921643874716,4,355.72777737499564
S5_P3_B2,WIPHFSP_S5_P3_B2_C009,0.7098783686673626,0.8124827773587973,0.3474094688822599,0.11420307347772803,0.12628502603446276,0.23320639540453186,6,354.0358697500051
S5_P3_B2,WIPHFSP_S5_P3_B2_C014,0.796040932491237,0.9848305803072539,0.2964078280121455,0.20309526653641732,0.19169758899741457,0.09331256147572817,4,352.2133321250003
S5_P3_B3,WIPHFSP_S5_P3_B3_C004,0.8347910630740598,0.9818464123312973,0.1916431405139361,0.07809248555041483,0.1497742899604016,0.11355065496352128,7,346.8755305829982
S5_P3_B3,WIPHFSP_S5_P3_B3_C023,0.5950315174763621,0.9537769827922631,0.25719454476314474,0.08361865839248356,0.3761313931746047,0.17357588637066118,7,350.90768150000076
S5_P4_B1,WIPHFSP_S5_P4_B1_C058,0.8801140071675395,0.9735802419645794,0.15362861892380508,0.051165094975466584,0.09600260026676294,0.10246352394833849,7,353.91337437499897
S5_P4_B1,WIPHFSP_S5_P4_B1_C060,0.9975224938089141,1.0274015114335304,0.14137578390362,0.03815829089101669,0.029082123485390944,0.1032174930126033,11,352.92666550001013
S5_P4_B2,WIPHFSP_S5_P4_B2_C039,1.0686126791819763,1.1251278213399103,0.11919034093136194,0.03454413060970392,0.05022997484017422,0.08464621032165802,11,347.9965419999935
S5_P4_B2,WIPHFSP_S5_P4_B2_C037,0.8898590334396789,1.0524640198511168,0.17883080997095605,0.04859907052133834,0.15449933047049513,0.1302317394496177,5,352.03944604098797
S5_P4_B3,WIPHFSP_S5_P4_B3_C040,0.8405106276356644,0.7894887287764396,0.23814180999411438,0.048455889231504456,-0.06462650700312672,0.18968592076260993,10,349.72122237501026
S5_P4_B3,WIPHFSP_S5_P4_B3_C057,1.0669868165189134,1.0619421803146023,0.16557967814737892,0.04546661674118313,-0.0047503868834100045,0.12011306140619579,7,351.9302805420011
S6_P1_B1,WIPHFSP_S6_P1_B1_C009,0.6338071272162183,0.8073261586897951,0.14339821439312847,0.05600279702150964,0.2149305204664306,0.08739541737161882,6,672.6657594580029
S6_P1_B1,WIPHFSP_S6_P1_B1_C086,0.8733471197099152,1.0307258252096516,0.13592268866744778,0.08004090058183148,0.152687263334624,0.055881788085616294,6,691.3198895419919
S6_P1_B2,WIPHFSP_S6_P1_B2_C059,0.7617898264538727,0.8050141224205092,0.3129567428263685,0.10416277897387669,0.05369383562690347,0.2087939638524918,6,696.3267707920022
S6_P1_B2,WIPHFSP_S6_P1_B2_C019,0.8676607326183354,1.0372803346366402,0.23817292209486474,0.07257161720247131,0.16352339512689115,0.16560130489239344,6,704.9967925829988
S6_P1_B3,WIPHFSP_S6_P1_B3_C078,0.711919614420931,0.9047000729981541,0.11545915774219692,0.038873158502226744,0.2130877009196432,0.07658599923997017,13,733.3086690000055
S6_P1_B3,WIPHFSP_S6_P1_B3_C082,0.8490075353614406,0.8953652317566458,0.1560873058362662,0.056008797143700904,0.05177518039672239,0.1000785086925653,5,751.0464155409863
S6_P2_B1,WIPHFSP_S6_P2_B1_C078,0.5647920218654632,0.8168694215310425,0.5210410356172706,0.2042332248199124,0.30858958974471945,0.31680781079735815,2,757.3499170419964
S6_P2_B1,WIPHFSP_S6_P2_B1_C029,0.7525332728234463,0.9614846750588604,0.27976636664383336,0.11333964585295273,0.2173216148477927,0.16642672079088064,5,754.4572341250023
S6_P2_B2,WIPHFSP_S6_P2_B2_C044,0.5315039547309524,0.6781628381505324,0.26560252077048485,0.11067400355051642,0.21625909762222884,0.15492851721996842,5,753.5642849169963
S6_P2_B2,WIPHFSP_S6_P2_B2_C039,0.7867953461179034,0.9354921834279364,0.1862953107368911,0.062189713749309775,0.15895037921642732,0.12410559698758132,7,763.8517814590014
S6_P2_B3,WIPHFSP_S6_P2_B3_C085,0.9115139839318911,1.0145523118924602,0.23690769665734568,0.0936681479268868,0.10156038949659338,0.14323954873045888,7,763.5101981670014
S6_P2_B3,WIPHFSP_S6_P2_B3_C016,0.5967847838571361,0.8994756658244975,0.29212386886114894,0.08853371469318405,0.3365192561263629,0.2035901541679649,6,759.1986429590033
S6_P3_B1,WIPHFSP_S6_P3_B1_C041,0.7619785040579077,0.7547316663010897,0.30923671845676604,0.1849089328933764,-0.009601873195972907,0.12432778556338964,5,834.5926141250093
S6_P3_B1,WIPHFSP_S6_P3_B1_C033,0.6879859734951698,1.062341311617538,0.2456458116749401,0.05313099000506152,0.3523870662169923,0.19251482166987857,6,852.987779957999
S6_P3_B2,WIPHFSP_S6_P3_B2_C081,0.7542947822046009,0.8705133033854147,0.16825168853112782,0.075860975567318,0.1335057381991843,0.09239071296380982,8,845.504743499987
S6_P3_B2,WIPHFSP_S6_P3_B2_C059,0.61460968762838,0.8361129094837425,0.3214065344710285,0.08625072937661767,0.2649202270921336,0.23515580509441086,3,848.4584268750041
S6_P3_B3,WIPHFSP_S6_P3_B3_C097,0.4155709237056921,0.7837039804649837,0.457359419362977,0.18500837315935523,0.4697348309248128,0.2723510462036218,2,872.6283697499894
S6_P3_B3,WIPHFSP_S6_P3_B3_C056,0.8709969264464857,0.8230452614780068,0.302424576875427,0.06545371533809492,-0.058261273362184354,0.2369708615373321,6,893.466070333001
S6_P4_B1,WIPHFSP_S6_P4_B1_C039,0.9390371038589207,0.9954318717054402,0.16795307829817469,0.035087465764713235,0.05665356861624654,0.13286561253346146,12,910.0572249999968
S6_P4_B1,WIPHFSP_S6_P4_B1_C057,0.8242372899446744,1.0040849695508083,0.15101725101778368,0.05240473084277715,0.17911599621535237,0.09861252017500653,6,910.1291789999959
S6_P4_B2,WIPHFSP_S6_P4_B2_C098,0.9915346971760869,1.0471291583542706,0.09580718860125904,0.0345618776714712,0.0530922673049293,0.06124531092978784,12,841.7026178749948
S6_P4_B2,WIPHFSP_S6_P4_B2_C023,0.9986052262642401,1.0321144108923175,0.1283360216496294,0.06321281842723003,0.032466540796649145,0.06512320322239937,10,830.2372851250111
S6_P4_B3,WIPHFSP_S6_P4_B3_C050,0.9861866564560071,1.086936663878529,0.09065286375786916,0.03798599545023028,0.092691700234788,0.05266686830763888,10,822.4389172499941
S6_P4_B3,WIPHFSP_S6_P4_B3_C047,0.9894562593481875,1.082934126645404,0.15149344768578693,0.06795087780329809,0.08631907056682737,0.08354256988248884,9,818.2480938330118
S7_P1_B1,WIPHFSP_S7_P1_B1_C069,0.7199217899996393,0.39246649616104545,0.29204393264378864,0.1267405476125559,-0.834352223796935,0.16530338503123274,5,938.2088486660068
S7_P1_B1,WIPHFSP_S7_P1_B1_C011,0.911307009763971,1.0211240152132577,0.18174923491997483,0.058363588268671183,0.10754521861504181,0.12338564665130364,12,958.7039939169917
S7_P1_B2,WIPHFSP_S7_P1_B2_C023,0.8841277278720443,0.8591845649575494,0.15058501608768113,0.07684351476964808,-0.029031204623302685,0.07374150131803305,8,949.3473094999936
S7_P1_B2,WIPHFSP_S7_P1_B2_C064,0.9861025543271066,1.0714608590672259,0.1430011150818849,0.08107272096112479,0.07966535036506084,0.06192839412076011,6,949.1956558749953
S7_P1_B3,WIPHFSP_S7_P1_B3_C004,0.9306887551000461,1.0200011584842683,0.16902487836692476,0.040115924839330436,0.08756108033921621,0.12890895352759432,9,884.327628375002
S7_P1_B3,WIPHFSP_S7_P1_B3_C016,0.9638958896621058,1.0545358241577023,0.13463202137824598,0.06898248334401759,0.08595244696206321,0.06564953803422839,12,876.9300806669926
S7_P2_B1,WIPHFSP_S7_P2_B1_C096,0.7448467051634406,0.9901088464363516,0.2014978293216408,0.10538868509410282,0.24771230168826666,0.09610914422753797,5,886.9803834170016
S7_P2_B1,WIPHFSP_S7_P2_B1_C011,0.5434266523524234,0.8615563176284835,0.27642719493881046,0.07072036872813961,0.369249994186536,0.20570682621067085,7,887.1669097080012
S7_P2_B2,WIPHFSP_S7_P2_B2_C010,0.8639072846111102,0.799401845957498,0.24707175308007606,0.11879546869911578,-0.08069213122252551,0.12827628438096028,5,911.6280810000026
S7_P2_B2,WIPHFSP_S7_P2_B2_C100,0.7632457776195785,1.0210679931355153,0.22527067660281194,0.08698180686202767,0.2525024946908373,0.13828886974078428,8,905.7524665829987
S7_P2_B3,WIPHFSP_S7_P2_B3_C043,0.6901497119900913,0.9345972840302584,0.3284669153822316,0.15426820750452136,0.26155390799529793,0.17419870787771025,3,899.9802758329897
S7_P2_B3,WIPHFSP_S7_P2_B3_C026,0.9102456466225185,1.0263167025365962,0.1329245454504378,0.14568503198466115,0.11309477437820982,-0.012760486534223348,4,890.8980159170023
S7_P3_B1,WIPHFSP_S7_P3_B1_C060,0.64678615027568,0.8194904954187519,0.3022003064711643,0.14543732853503288,0.21074600145863906,0.15676297793613142,3,672.1875288339943
S7_P3_B1,WIPHFSP_S7_P3_B1_C046,0.966005304120455,0.8870775568580657,0.3788255761948335,0.06013449401350287,-0.08897502439567301,0.31869108218133063,6,643.4864123750012
S7_P3_B2,WIPHFSP_S7_P3_B2_C100,0.884027466555037,1.0655266240550458,0.24272444559968895,0.05147722284239342,0.1703375151801577,0.19124722275729553,4,627.1209224579943
S7_P3_B2,WIPHFSP_S7_P3_B2_C021,0.6653142972351413,0.880775124129895,0.22547909609851494,0.10609594760209236,0.24462637623577263,0.11938314849642258,5,627.8317987920018
S7_P3_B3,WIPHFSP_S7_P3_B3_C036,0.823309815169216,0.9672746703376323,0.1271240114063175,0.03366998667913317,0.1488355475265529,0.09345402472718431,12,580.3679214999866
S7_P3_B3,WIPHFSP_S7_P3_B3_C082,0.8092479427880659,0.9937273676802183,0.22092780839626386,0.10840499777440411,0.18564390082424728,0.11252281062185975,3,582.0380569999979
S7_P4_B1,WIPHFSP_S7_P4_B1_C047,0.9008825651866963,1.0530004035157368,0.17934467315181962,0.08955671152527497,0.1444613295693031,0.08978796162654465,7,589.0967882080004
S7_P4_B1,WIPHFSP_S7_P4_B1_C063,0.9365272690574427,1.0215942399837765,0.17082222456718604,0.07570962544994371,0.08326884353576768,0.09511259911724233,9,590.4216033330013
S7_P4_B2,WIPHFSP_S7_P4_B2_C081,0.8811277377475211,0.9213320554144464,0.17920656798596435,0.09159857371620139,0.04363716363781182,0.08760799426976296,7,578.5153835840028
S7_P4_B2,WIPHFSP_S7_P4_B2_C066,1.0454536896835318,1.0687245557039424,0.2404429741668216,0.03177669780136057,0.021774428121997157,0.20866627636546103,9,580.809738291995
S7_P4_B3,WIPHFSP_S7_P4_B3_C083,0.9361513926403167,1.009757490898025,0.17076812829309213,0.08628413994831118,0.07289482764042085,0.08448398834478095,11,574.5230874160043
S7_P4_B3,WIPHFSP_S7_P4_B3_C049,0.7970252243904018,0.9849268912905278,0.22995822959539017,0.10575365914375627,0.19077727348243265,0.1242045704516339,6,574.8528329169931
S8_P1_B1,WIPHFSP_S8_P1_B1_C053,0.8282960998994664,0.8958602468869513,0.21742002292762955,0.07183624873444444,0.07541817735767377,0.1455837741931851,9,919.1661713329959
S8_P1_B1,WIPHFSP_S8_P1_B1_C066,0.9289123401231358,1.0574010573367825,0.19602756480602573,0.09607354974073228,0.12151370222490843,0.09995401506529346,6,922.3477812920028
S8_P1_B2,WIPHFSP_S8_P1_B2_C018,0.913791930759535,0.8303008476643026,0.14138228910605033,0.04322964430609544,-0.10055521842474142,0.09815264479995489,11,907.5017727079976
S8_P1_B2,WIPHFSP_S8_P1_B2_C040,0.7922740711662369,0.9275453131881417,0.2528806727555256,0.093571350654268,0.14583787993796993,0.15930932210125762,3,914.9200853329967
S8_P1_B3,WIPHFSP_S8_P1_B3_C059,0.8613142017439783,0.9074552014423761,0.16578612418190936,0.05527918448762231,0.05084658683426692,0.11050693969428704,10,889.515387833002
S8_P1_B3,WIPHFSP_S8_P1_B3_C091,0.9490354223500674,1.0275646653672776,0.0927475418520024,0.07187916544266011,0.07642267748576721,0.02086837640934229,9,888.7938195830066
S8_P2_B1,WIPHFSP_S8_P2_B1_C082,0.4792597283794245,0.6872127639318342,0.3036670482152866,0.11260585296081152,0.3026035697624707,0.1910611952544751,5,917.3867472080019
S8_P2_B1,WIPHFSP_S8_P2_B1_C061,0.7079827513460824,0.8754440476363683,0.547227567389643,0.25467407322707075,0.1912872635803822,0.2925534941625722,3,920.0552215409989
S8_P2_B2,WIPHFSP_S8_P2_B2_C015,0.775410973644151,0.8061742045091047,0.3784077211139027,0.08510449326178722,0.038159532633083776,0.2933032278521155,6,893.1771544999938
S8_P2_B2,WIPHFSP_S8_P2_B2_C078,0.3304604347521353,0.8144959598690338,0.6403128312990387,0.36562890272103016,0.5942761523263225,0.27468392857800855,2,900.4922423750104
S8_P2_B3,WIPHFSP_S8_P2_B3_C029,0.9077734257272536,0.8205442199820971,0.27570268211988247,0.2198416896731328,-0.10630652635266062,0.05586099244674966,3,897.3228369580029
S8_P2_B3,WIPHFSP_S8_P2_B3_C091,0.7055830272463135,0.6073096321473604,0.21852182004645287,0.12037860860355803,-0.16181761311986853,0.09814321144289484,3,896.0138507500087
S8_P3_B1,WIPHFSP_S8_P3_B1_C060,0.7750719102562014,1.0412038049242116,0.2939583300971991,0.17597025023518628,0.25560019413022234,0.11798807986201285,4,900.7487002080015
S8_P3_B1,WIPHFSP_S8_P3_B1_C069,0.8545410932793877,0.9077397813343793,0.2048804519696238,0.09800553669156292,0.058605658966197155,0.10687491527806087,5,901.9314058340096
S8_P3_B2,WIPHFSP_S8_P3_B2_C061,0.530012984018736,0.6992240228615809,0.4079509934635799,0.27429272602833077,0.24199832000923704,0.1336582674352491,2,896.3399603750004
S8_P3_B2,WIPHFSP_S8_P3_B2_C051,0.4816791635228036,0.8098114992035549,0.4280227138793886,0.19985944998869895,0.4051959449860399,0.22816326389068967,3,897.8044775839953
S8_P3_B3,WIPHFSP_S8_P3_B3_C007,0.4935875624972348,0.6007989875079275,0.3257214111441069,0.22063792559225814,0.17844807870802146,0.10508348555184877,3,881.920202416004
S8_P3_B3,WIPHFSP_S8_P3_B3_C042,0.25790643332304164,0.6734537086416983,0.5449368286684659,0.3832238209268185,0.6170391074928742,0.16171300774164743,2,877.4591714999988
S8_P4_B1,WIPHFSP_S8_P4_B1_C052,1.0461899512175474,1.0479933958488947,0.24936621230100264,0.030353986106226607,0.0017208549581409808,0.21901222619477603,19,899.9965547499887
S8_P4_B1,WIPHFSP_S8_P4_B1_C078,0.8905832085981402,0.9662162448163326,0.15303214038059096,0.048110935639372014,0.07827754565696746,0.10492120474121894,7,904.0755290420057
S8_P4_B2,WIPHFSP_S8_P4_B2_C001,1.0232855643044623,0.9907288057742785,0.19945804469804948,0.033628143915851116,-0.03286142316686457,0.16582990078219836,11,880.015967208994
S8_P4_B2,WIPHFSP_S8_P4_B2_C009,0.9891984769868956,1.020672441969284,0.18370265875939434,0.07466614426823968,0.030836499241256927,0.10903651449115466,11,865.1012166249857
S8_P4_B3,WIPHFSP_S8_P4_B3_C032,0.9872217999287891,1.0781504349298456,0.11104744075990342,0.0519353003066307,0.08433761380144399,0.05911214045327272,7,852.7594817089994
S8_P4_B3,WIPHFSP_S8_P4_B3_C022,1.1101737505618812,1.132149458776634,0.12253024315269936,0.06797833710235739,0.01941060700455555,0.05455190605034198,9,842.9009352499997
