formal_instance_id,formal_filename,cell_id,size_id,profile_id,tightness_id,source_candidate_id,source_candidate_path,source_candidate_seed
WIPHFSP_S1_P1_B1,WIPHFSP_S1_P1_B1.json,S1_P1_B1,S1,P1,B1,WIPHFSP_S1_P1_B1_C005,data/benchmark_candidates/candidates/S1_P1_B1/WIPHFSP_S1_P1_B1_C005.json,63868291
WIPHFSP_S1_P1_B2,WIPHFSP_S1_P1_B2.json,S1_P1_B2,S1,P1,B2,WIPHFSP_S1_P1_B2_C090,data/benchmark_candidates/candidates/S1_P1_B2/WIPHFSP_S1_P1_B2_C090.json,759529811
WIPHFSP_S1_P1_B3,WIPHFSP_S1_P1_B3.json,S1_P1_B3,S1,P1,B3,WIPHFSP_S1_P1_B3_C004,data/benchmark_candidates/candidates/S1_P1_B3/WIPHFSP_S1_P1_B3_C004.json,1672408128
WIPHFSP_S1_P2_B1,WIPHFSP_S1_P2_B1.json,S1_P2_B1,S1,P2,B1,WIPHFSP_S1_P2_B1_C066,data/benchmark_candidates/candidates/S1_P2_B1/WIPHFSP_S1_P2_B1_C066.json,2109868556
WIPHFSP_S1_P2_B2,WIPHFSP_S1_P2_B2.json,S1_P2_B2,S1,P2,B2,WIPHFSP_S1_P2_B2_C073,data/benchmark_candidates/candidates/S1_P2_B2/WIPHFSP_S1_P2_B2_C073.json,1975074907
WIPHFSP_S1_P2_B3,WIPHFSP_S1_P2_B3.json,S1_P2_B3,S1,P2,B3,WIPHFSP_S1_P2_B3_C083,data/benchmark_candidates/candidates/S1_P2_B3/WIPHFSP_S1_P2_B3_C083.json,265952760
WIPHFSP_S1_P3_B1,WIPHFSP_S1_P3_B1.json,S1_P3_B1,S1,P3,B1,WIPHFSP_S1_P3_B1_C017,data/benchmark_candidates/candidates/S1_P3_B1/WIPHFSP_S1_P3_B1_C017.json,677517650
WIPHFSP_S1_P3_B2,WIPHFSP_S1_P3_B2.json,S1_P3_B2,S1,P3,B2,WIPHFSP_S1_P3_B2_C028,data/benchmark_candidates/candidates/S1_P3_B2/WIPHFSP_S1_P3_B2_C028.json,1534603987
WIPHFSP_S1_P3_B3,WIPHFSP_S1_P3_B3.json,S1_P3_B3,S1,P3,B3,WIPHFSP_S1_P3_B3_C075,data/benchmark_candidates/candidates/S1_P3_B3/WIPHFSP_S1_P3_B3_C075.json,516624944
WIPHFSP_S1_P4_B1,WIPHFSP_S1_P4_B1.json,S1_P4_B1,S1,P4,B1,WIPHFSP_S1_P4_B1_C074,data/benchmark_candidates/candidates/S1_P4_B1/WIPHFSP_S1_P4_B1_C074.json,1780956469
WIPHFSP_S1_P4_B2,WIPHFSP_S1_P4_B2.json,S1_P4_B2,S1,P4,B2,WIPHFSP_S1_P4_B2_C038,data/benchmark_candidates/candidates/S1_P4_B2/WIPHFSP_S1_P4_B2_C038.json,960929564
WIPHFSP_S1_P4_B3,WIPHFSP_S1_P4_B3.json,S1_P4_B3,S1,P4,B3,WIPHFSP_S1_P4_B3_C079,data/benchmark_candidates/candidates/S1_P4_B3/WIPHFSP_S1_P4_B3_C079.json,277893706
WIPHFSP_S2_P1_B1,WIPHFSP_S2_P1_B1.json,S2_P1_B1,S2,P1,B1,WIPHFSP_S2_P1_B1_C042,data/benchmark_candidates/candidates/S2_P1_B1/WIPHFSP_S2_P1_B1_C042.json,2111187331
WIPHFSP_S2_P1_B2,WIPHFSP_S2_P1_B2.json,S2_P1_B2,S2,P1,B2,WIPHFSP_S2_P1_B2_C096,data/benchmark_candidates/candidates/S2_P1_B2/WIPHFSP_S2_P1_B2_C096.json,397537709
WIPHFSP_S2_P1_B3,WIPHFSP_S2_P1_B3.json,S2_P1_B3,S2,P1,B3,WIPHFSP_S2_P1_B3_C009,data/benchmark_candidates/candidates/S2_P1_B3/WIPHFSP_S2_P1_B3_C009.json,823400656
WIPHFSP_S2_P2_B1,WIPHFSP_S2_P2_B1.json,S2_P2_B1,S2,P2,B1,WIPHFSP_S2_P2_B1_C086,data/benchmark_candidates/candidates/S2_P2_B1/WIPHFSP_S2_P2_B1_C086.json,224730398
WIPHFSP_S2_P2_B2,WIPHFSP_S2_P2_B2.json,S2_P2_B2,S2,P2,B2,WIPHFSP_S2_P2_B2_C013,data/benchmark_candidates/candidates/S2_P2_B2/WIPHFSP_S2_P2_B2_C013.json,770315632
WIPHFSP_S2_P2_B3,WIPHFSP_S2_P2_B3.json,S2_P2_B3,S2,P2,B3,WIPHFSP_S2_P2_B3_C020,data/benchmark_candidates/candidates/S2_P2_B3/WIPHFSP_S2_P2_B3_C020.json,2089549296
WIPHFSP_S2_P3_B1,WIPHFSP_S2_P3_B1.json,S2_P3_B1,S2,P3,B1,WIPHFSP_S2_P3_B1_C011,data/benchmark_candidates/candidates/S2_P3_B1/WIPHFSP_S2_P3_B1_C011.json,1545413930
WIPHFSP_S2_P3_B2,WIPHFSP_S2_P3_B2.json,S2_P3_B2,S2,P3,B2,WIPHFSP_S2_P3_B2_C004,data/benchmark_candidates/candidates/S2_P3_B2/WIPHFSP_S2_P3_B2_C004.json,695824329
WIPHFSP_S2_P3_B3,WIPHFSP_S2_P3_B3.json,S2_P3_B3,S2,P3,B3,WIPHFSP_S2_P3_B3_C022,data/benchmark_candidates/candidates/S2_P3_B3/WIPHFSP_S2_P3_B3_C022.json,1468524690
WIPHFSP_S2_P4_B1,WIPHFSP_S2_P4_B1.json,S2_P4_B1,S2,P4,B1,WIPHFSP_S2_P4_B1_C065,data/benchmark_candidates/candidates/S2_P4_B1/WIPHFSP_S2_P4_B1_C065.json,1429310654
WIPHFSP_S2_P4_B2,WIPHFSP_S2_P4_B2.json,S2_P4_B2,S2,P4,B2,WIPHFSP_S2_P4_B2_C004,data/benchmark_candidates/candidates/S2_P4_B2/WIPHFSP_S2_P4_B2_C004.json,1861004295
WIPHFSP_S2_P4_B3,WIPHFSP_S2_P4_B3.json,S2_P4_B3,S2,P4,B3,WIPHFSP_S2_P4_B3_C055,data/benchmark_candidates/candidates/S2_P4_B3/WIPHFSP_S2_P4_B3_C055.json,1852996978
WIPHFSP_S3_P1_B1,WIPHFSP_S3_P1_B1.json,S3_P1_B1,S3,P1,B1,WIPHFSP_S3_P1_B1_C035,data/benchmark_candidates/candidates/S3_P1_B1/WIPHFSP_S3_P1_B1_C035.json,702907897
WIPHFSP_S3_P1_B2,WIPHFSP_S3_P1_B2.json,S3_P1_B2,S3,P1,B2,WIPHFSP_S3_P1_B2_C094,data/benchmark_candidates/candidates/S3_P1_B2/WIPHFSP_S3_P1_B2_C094.json,1705222248
WIPHFSP_S3_P1_B3,WIPHFSP_S3_P1_B3.json,S3_P1_B3,S3,P1,B3,WIPHFSP_S3_P1_B3_C093,data/benchmark_candidates/candidates/S3_P1_B3/WIPHFSP_S3_P1_B3_C093.json,1631399199
WIPHFSP_S3_P2_B1,WIPHFSP_S3_P2_B1.json,S3_P2_B1,S3,P2,B1,WIPHFSP_S3_P2_B1_C051,data/benchmark_candidates/candidates/S3_P2_B1/WIPHFSP_S3_P2_B1_C051.json,945223375
WIPHFSP_S3_P2_B2,WIPHFSP_S3_P2_B2.json,S3_P2_B2,S3,P2,B2,WIPHFSP_S3_P2_B2_C036,data/benchmark_candidates/candidates/S3_P2_B2/WIPHFSP_S3_P2_B2_C036.json,2042281287
WIPHFSP_S3_P2_B3,WIPHFSP_S3_P2_B3.json,S3_P2_B3,S3,P2,B3,WIPHFSP_S3_P2_B3_C027,data/benchmark_candidates/candidates/S3_P2_B3/WIPHFSP_S3_P2_B3_C027.json,606489996
WIPHFSP_S3_P3_B1,WIPHFSP_S3_P3_B1.json,S3_P3_B1,S3,P3,B1,WIPHFSP_S3_P3_B1_C082,data/benchmark_candidates/candidates/S3_P3_B1/WIPHFSP_S3_P3_B1_C082.json,1358512504
WIPHFSP_S3_P3_B2,WIPHFSP_S3_P3_B2.json,S3_P3_B2,S3,P3,B2,WIPHFSP_S3_P3_B2_C093,data/benchmark_candidates/candidates/S3_P3_B2/WIPHFSP_S3_P3_B2_C093.json,182390744
WIPHFSP_S3_P3_B3,WIPHFSP_S3_P3_B3.json,S3_P3_B3,S3,P3,B3,WIPHFSP_S3_P3_B3_C016,data/benchmark_candidates/candidates/S3_P3_B3/WIPHFSP_S3_P3_B3_C016.json,594820594
WIPHFSP_S3_P4_B1,WIPHFSP_S3_P4_B1.json,S3_P4_B1,S3,P4,B1,WIPHFSP_S3_P4_B1_C089,data/benchmark_candidates/candidates/S3_P4_B1/WIPHFSP_S3_P4_B1_C089.json,193878901
WIPHFSP_S3_P4_B2,WIPHFSP_S3_P4_B2.json,S3_P4_B2,S3,P4,B2,WIPHFSP_S3_P4_B2_C049,data/benchmark_candidates/candidates/S3_P4_B2/WIPHFSP_S3_P4_B2_C049.json,1178895927
WIPHFSP_S3_P4_B3,WIPHFSP_S3_P4_B3.json,S3_P4_B3,S3,P4,B3,WIPHFSP_S3_P4_B3_C031,data/benchmark_candidates/candidates/S3_P4_B3/WIPHFSP_S3_P4_B3_C031.json,1133853691
WIPHFSP_S4_P1_B1,WIPHFSP_S4_P1_B1.json,S4_P1_B1,S4,P1,B1,WIPHFSP_S4_P1_B1_C041,data/benchmark_candidates/candidates/S4_P1_B1/WIPHFSP_S4_P1_B1_C041.json,129331053
WIPHFSP_S4_P1_B2,WIPHFSP_S4_P1_B2.json,S4_P1_B2,S4,P1,B2,WIPHFSP_S4_P1_B2_C038,data/benchmark_candidates/candidates/S4_P1_B2/WIPHFSP_S4_P1_B2_C038.json,2077277783
WIPHFSP_S4_P1_B3,WIPHFSP_S4_P1_B3.json,S4_P1_B3,S4,P1,B3,WIPHFSP_S4_P1_B3_C037,data/benchmark_candidates/candidates/S4_P1_B3/WIPHFSP_S4_P1_B3_C037.json,1364531432
WIPHFSP_S4_P2_B1,WIPHFSP_S4_P2_B1.json,S4_P2_B1,S4,P2,B1,WIPHFSP_S4_P2_B1_C079,data/benchmark_candidates/candidates/S4_P2_B1/WIPHFSP_S4_P2_B1_C079.json,767902877
WIPHFSP_S4_P2_B2,WIPHFSP_S4_P2_B2.json,S4_P2_B2,S4,P2,B2,WIPHFSP_S4_P2_B2_C015,data/benchmark_candidates/candidates/S4_P2_B2/WIPHFSP_S4_P2_B2_C015.json,308872811
WIPHFSP_S4_P2_B3,WIPHFSP_S4_P2_B3.json,S4_P2_B3,S4,P2,B3,WIPHFSP_S4_P2_B3_C073,data/benchmark_candidates/candidates/S4_P2_B3/WIPHFSP_S4_P2_B3_C073.json,69828793
WIPHFSP_S4_P3_B1,WIPHFSP_S4_P3_B1.json,S4_P3_B1,S4,P3,B1,WIPHFSP_S4_P3_B1_C094,data/benchmark_candidates/candidates/S4_P3_B1/WIPHFSP_S4_P3_B1_C094.json,1055619508
WIPHFSP_S4_P3_B2,WIPHFSP_S4_P3_B2.json,S4_P3_B2,S4,P3,B2,WIPHFSP_S4_P3_B2_C030,data/benchmark_candidates/candidates/S4_P3_B2/WIPHFSP_S4_P3_B2_C030.json,2026416582
WIPHFSP_S4_P3_B3,WIPHFSP_S4_P3_B3.json,S4_P3_B3,S4,P3,B3,WIPHFSP_S4_P3_B3_C061,data/benchmark_candidates/candidates/S4_P3_B3/WIPHFSP_S4_P3_B3_C061.json,1527291319
WIPHFSP_S4_P4_B1,WIPHFSP_S4_P4_B1.json,S4_P4_B1,S4,P4,B1,WIPHFSP_S4_P4_B1_C094,data/benchmark_candidates/candidates/S4_P4_B1/WIPHFSP_S4_P4_B1_C094.json,427152579
WIPHFSP_S4_P4_B2,WIPHFSP_S4_P4_B2.json,S4_P4_B2,S4,P4,B2,WIPHFSP_S4_P4_B2_C018,data/benchmark_candidates/candidates/S4_P4_B2/WIPHFSP_S4_P4_B2_C018.json,1126229041
WIPHFSP_S4_P4_B3,WIPHFSP_S4_P4_B3.json,S4_P4_B3,S4,P4,B3,WIPHFSP_S4_P4_B3_C030,data/benchmark_candidates/candidates/S4_P4_B3/WIPHFSP_S4_P4_B3_C030.json,1135626761
WIPHFSP_S5_P1_B1,WIPHFSP_S5_P1_B1.json,S5_P1_B1,S5,P1,B1,WIPHFSP_S5_P1_B1_C038,data/benchmark_candidates/candidates/S5_P1_B1/WIPHFSP_S5_P1_B1_C038.json,1281379208
WIPHFSP_S5_P1_B2,WIPHFSP_S5_P1_B2.json,S5_P1_B2,S5,P1,B2,WIPHFSP_S5_P1_B2_C068,data/benchmark_candidates/candidates/S5_P1_B2/WIPHFSP_S5_P1_B2_C068.json,150990210
WIPHFSP_S5_P1_B3,WIPHFSP_S5_P1_B3.json,S5_P1_B3,S5,P1,B3,WIPHFSP_S5_P1_B3_C018,data/benchmark_candidates/candidates/S5_P1_B3/WIPHFSP_S5_P1_B3_C018.json,1721578080
WIPHFSP_S5_P2_B1,WIPHFSP_S5_P2_B1.json,S5_P2_B1,S5,P2,B1,WIPHFSP_S5_P2_B1_C010,data/benchmark_candidates/candidates/S5_P2_B1/WIPHFSP_S5_P2_B1_C010.json,115989967
WIPHFSP_S5_P2_B2,WIPHFSP_S5_P2_B2.json,S5_P2_B2,S5,P2,B2,WIPHFSP_S5_P2_B2_C015,data/benchmark_candidates/candidates/S5_P2_B2/WIPHFSP_S5_P2_B2_C015.json,184656269
WIPHFSP_S5_P2_B3,WIPHFSP_S5_P2_B3.json,S5_P2_B3,S5,P2,B3,WIPHFSP_S5_P2_B3_C056,data/benchmark_candidates/candidates/S5_P2_B3/WIPHFSP_S5_P2_B3_C056.json,1107068773
WIPHFSP_S5_P3_B1,WIPHFSP_S5_P3_B1.json,S5_P3_B1,S5,P3,B1,WIPHFSP_S5_P3_B1_C049,data/benchmark_candidates/candidates/S5_P3_B1/WIPHFSP_S5_P3_B1_C049.json,525977311
WIPHFSP_S5_P3_B2,WIPHFSP_S5_P3_B2.json,S5_P3_B2,S5,P3,B2,WIPHFSP_S5_P3_B2_C009,data/benchmark_candidates/candidates/S5_P3_B2/WIPHFSP_S5_P3_B2_C009.json,226301831
WIPHFSP_S5_P3_B3,WIPHFSP_S5_P3_B3.json,S5_P3_B3,S5,P3,B3,WIPHFSP_S5_P3_B3_C004,data/benchmark_candidates/candidates/S5_P3_B3/WIPHFSP_S5_P3_B3_C004.json,1883763858
WIPHFSP_S5_P4_B1,WIPHFSP_S5_P4_B1.json,S5_P4_B1,S5,P4,B1,WIPHFSP_S5_P4_B1_C058,data/benchmark_candidates/candidates/S5_P4_B1/WIPHFSP_S5_P4_B1_C058.json,1802967117
WIPHFSP_S5_P4_B2,WIPHFSP_S5_P4_B2.json,S5_P4_B2,S5,P4,B2,WIPHFSP_S5_P4_B2_C039,data/benchmark_candidates/candidates/S5_P4_B2/WIPHFSP_S5_P4_B2_C039.json,2034107372
WIPHFSP_S5_P4_B3,WIPHFSP_S5_P4_B3.json,S5_P4_B3,S5,P4,B3,WIPHFSP_S5_P4_B3_C040,data/benchmark_candidates/candidates/S5_P4_B3/WIPHFSP_S5_P4_B3_C040.json,462294994
WIPHFSP_S6_P1_B1,WIPHFSP_S6_P1_B1.json,S6_P1_B1,S6,P1,B1,WIPHFSP_S6_P1_B1_C009,data/benchmark_candidates/candidates/S6_P1_B1/WIPHFSP_S6_P1_B1_C009.json,1980249691
WIPHFSP_S6_P1_B2,WIPHFSP_S6_P1_B2.json,S6_P1_B2,S6,P1,B2,WIPHFSP_S6_P1_B2_C059,data/benchmark_candidates/candidates/S6_P1_B2/WIPHFSP_S6_P1_B2_C059.json,1277266444
WIPHFSP_S6_P1_B3,WIPHFSP_S6_P1_B3.json,S6_P1_B3,S6,P1,B3,WIPHFSP_S6_P1_B3_C078,data/benchmark_candidates/candidates/S6_P1_B3/WIPHFSP_S6_P1_B3_C078.json,1098983579
WIPHFSP_S6_P2_B1,WIPHFSP_S6_P2_B1.json,S6_P2_B1,S6,P2,B1,WIPHFSP_S6_P2_B1_C078,data/benchmark_candidates/candidates/S6_P2_B1/WIPHFSP_S6_P2_B1_C078.json,2041532342
WIPHFSP_S6_P2_B2,WIPHFSP_S6_P2_B2.json,S6_P2_B2,S6,P2,B2,WIPHFSP_S6_P2_B2_C044,data/benchmark_candidates/candidates/S6_P2_B2/WIPHFSP_S6_P2_B2_C044.json,1446455090
WIPHFSP_S6_P2_B3,WIPHFSP_S6_P2_B3.json,S6_P2_B3,S6,P2,B3,WIPHFSP_S6_P2_B3_C085,data/benchmark_candidates/candidates/S6_P2_B3/WIPHFSP_S6_P2_B3_C085.json,432000516
WIPHFSP_S6_P3_B1,WIPHFSP_S6_P3_B1.json,S6_P3_B1,S6,P3,B1,WIPHFSP_S6_P3_B1_C041,data/benchmark_candidates/candidates/S6_P3_B1/WIPHFSP_S6_P3_B1_C041.json,189461083
WIPHFSP_S6_P3_B2,WIPHFSP_S6_P3_B2.json,S6_P3_B2,S6,P3,B2,WIPHFSP_S6_P3_B2_C081,data/benchmark_candidates/candidates/S6_P3_B2/WIPHFSP_S6_P3_B2_C081.json,1222282677
WIPHFSP_S6_P3_B3,WIPHFSP_S6_P3_B3.json,S6_P3_B3,S6,P3,B3,WIPHFSP_S6_P3_B3_C097,data/benchmark_candidates/candidates/S6_P3_B3/WIPHFSP_S6_P3_B3_C097.json,162581673
WIPHFSP_S6_P4_B1,WIPHFSP_S6_P4_B1.json,S6_P4_B1,S6,P4,B1,WIPHFSP_S6_P4_B1_C039,data/benchmark_candidates/candidates/S6_P4_B1/WIPHFSP_S6_P4_B1_C039.json,358918500
WIPHFSP_S6_P4_B2,WIPHFSP_S6_P4_B2.json,S6_P4_B2,S6,P4,B2,WIPHFSP_S6_P4_B2_C098,data/benchmark_candidates/candidates/S6_P4_B2/WIPHFSP_S6_P4_B2_C098.json,977266402
WIPHFSP_S6_P4_B3,WIPHFSP_S6_P4_B3.json,S6_P4_B3,S6,P4,B3,WIPHFSP_S6_P4_B3_C050,data/benchmark_candidates/candidates/S6_P4_B3/WIPHFSP_S6_P4_B3_C050.json,1707292144
WIPHFSP_S7_P1_B1,WIPHFSP_S7_P1_B1.json,S7_P1_B1,S7,P1,B1,WIPHFSP_S7_P1_B1_C069,data/benchmark_candidates/candidates/S7_P1_B1/WIPHFSP_S7_P1_B1_C069.json,1009941051
WIPHFSP_S7_P1_B2,WIPHFSP_S7_P1_B2.json,S7_P1_B2,S7,P1,B2,WIPHFSP_S7_P1_B2_C023,data/benchmark_candidates/candidates/S7_P1_B2/WIPHFSP_S7_P1_B2_C023.json,970403076
WIPHFSP_S7_P1_B3,WIPHFSP_S7_P1_B3.json,S7_P1_B3,S7,P1,B3,WIPHFSP_S7_P1_B3_C004,data/benchmark_candidates/candidates/S7_P1_B3/WIPHFSP_S7_P1_B3_C004.json,329483167
WIPHFSP_S7_P2_B1,WIPHFSP_S7_P2_B1.json,S7_P2_B1,S7,P2,B1,WIPHFSP_S7_P2_B1_C096,data/benchmark_candidates/candidates/S7_P2_B1/WIPHFSP_S7_P2_B1_C096.json,1739846653
WIPHFSP_S7_P2_B2,WIPHFSP_S7_P2_B2.json,S7_P2_B2,S7,P2,B2,WIPHFSP_S7_P2_B2_C010,data/benchmark_candidates/candidates/S7_P2_B2/WIPHFSP_S7_P2_B2_C010.json,1487503153
WIPHFSP_S7_P2_B3,WIPHFSP_S7_P2_B3.json,S7_P2_B3,S7,P2,B3,WIPHFSP_S7_P2_B3_C043,data/benchmark_candidates/candidates/S7_P2_B3/WIPHFSP_S7_P2_B3_C043.json,983551273
WIPHFSP_S7_P3_B1,WIPHFSP_S7_P3_B1.json,S7_P3_B1,S7,P3,B1,WIPHFSP_S7_P3_B1_C060,data/benchmark_candidates/candidates/S7_P3_B1/WIPHFSP_S7_P3_B1_C060.json,1994833029
WIPHFSP_S7_P3_B2,WIPHFSP_S7_P3_B2.json,S7_P3_B2,S7,P3,B2,WIPHFSP_S7_P3_B2_C100,data/benchmark_candidates/candidates/S7_P3_B2/WIPHFSP_S7_P3_B2_C100.json,383791968
WIPHFSP_S7_P3_B3,WIPHFSP_S7_P3_B3.json,S7_P3_B3,S7,P3,B3,WIPHFSP_S7_P3_B3_C036,data/benchmark_candidates/candidates/S7_P3_B3/WIPHFSP_S7_P3_B3_C036.json,1611888845
WIPHFSP_S7_P4_B1,WIPHFSP_S7_P4_B1.json,S7_P4_B1,S7,P4,B1,WIPHFSP_S7_P4_B1_C047,data/benchmark_candidates/candidates/S7_P4_B1/WIPHFSP_S7_P4_B1_C047.json,49340147
WIPHFSP_S7_P4_B2,WIPHFSP_S7_P4_B2.json,S7_P4_B2,S7,P4,B2,WIPHFSP_S7_P4_B2_C081,data/benchmark_candidates/candidates/S7_P4_B2/WIPHFSP_S7_P4_B2_C081.json,999266886
WIPHFSP_S7_P4_B3,WIPHFSP_S7_P4_B3.json,S7_P4_B3,S7,P4,B3,WIPHFSP_S7_P4_B3_C083,data/benchmark_candidates/candidates/S7_P4_B3/WIPHFSP_S7_P4_B3_C083.json,759190860
WIPHFSP_S8_P1_B1,WIPHFSP_S8_P1_B1.json,S8_P1_B1,S8,P1,B1,WIPHFSP_S8_P1_B1_C053,data/benchmark_candidates/candidates/S8_P1_B1/WIPHFSP_S8_P1_B1_C053.json,1040481831
WIPHFSP_S8_P1_B2,WIPHFSP_S8_P1_B2.json,S8_P1_B2,S8,P1,B2,WIPHFSP_S8_P1_B2_C018,data/benchmark_candidates/candidates/S8_P1_B2/WIPHFSP_S8_P1_B2_C018.json,1468627968
WIPHFSP_S8_P1_B3,WIPHFSP_S8_P1_B3.json,S8_P1_B3,S8,P1,B3,WIPHFSP_S8_P1_B3_C059,data/benchmark_candidates/candidates/S8_P1_B3/WIPHFSP_S8_P1_B3_C059.json,1698958080
WIPHFSP_S8_P2_B1,WIPHFSP_S8_P2_B1.json,S8_P2_B1,S8,P2,B1,WIPHFSP_S8_P2_B1_C082,data/benchmark_candidates/candidates/S8_P2_B1/WIPHFSP_S8_P2_B1_C082.json,1656177333
WIPHFSP_S8_P2_B2,WIPHFSP_S8_P2_B2.json,S8_P2_B2,S8,P2,B2,WIPHFSP_S8_P2_B2_C015,data/benchmark_candidates/candidates/S8_P2_B2/WIPHFSP_S8_P2_B2_C015.json,237759037
WIPHFSP_S8_P2_B3,WIPHFSP_S8_P2_B3.json,S8_P2_B3,S8,P2,B3,WIPHFSP_S8_P2_B3_C029,data/benchmark_candidates/candidates/S8_P2_B3/WIPHFSP_S8_P2_B3_C029.json,1252758175
WIPHFSP_S8_P3_B1,WIPHFSP_S8_P3_B1.json,S8_P3_B1,S8,P3,B1,WIPHFSP_S8_P3_B1_C060,data/benchmark_candidates/candidates/S8_P3_B1/WIPHFSP_S8_P3_B1_C060.json,6009842
WIPHFSP_S8_P3_B2,WIPHFSP_S8_P3_B2.json,S8_P3_B2,S8,P3,B2,WIPHFSP_S8_P3_B2_C061,data/benchmark_candidates/candidates/S8_P3_B2/WIPHFSP_S8_P3_B2_C061.json,1861812316
WIPHFSP_S8_P3_B3,WIPHFSP_S8_P3_B3.json,S8_P3_B3,S8,P3,B3,WIPHFSP_S8_P3_B3_C007,data/benchmark_candidates/candidates/S8_P3_B3/WIPHFSP_S8_P3_B3_C007.json,1989714261
WIPHFSP_S8_P4_B1,WIPHFSP_S8_P4_B1.json,S8_P4_B1,S8,P4,B1,WIPHFSP_S8_P4_B1_C052,data/benchmark_candidates/candidates/S8_P4_B1/WIPHFSP_S8_P4_B1_C052.json,504601767
WIPHFSP_S8_P4_B2,WIPHFSP_S8_P4_B2.json,S8_P4_B2,S8,P4,B2,WIPHFSP_S8_P4_B2_C001,data/benchmark_candidates/candidates/S8_P4_B2/WIPHFSP_S8_P4_B2_C001.json,1844114666
WIPHFSP_S8_P4_B3,WIPHFSP_S8_P4_B3.json,S8_P4_B3,S8,P4,B3,WIPHFSP_S8_P4_B3_C032,data/benchmark_candidates/candidates/S8_P4_B3/WIPHFSP_S8_P4_B3_C032.json,1935732237
