cell_id,top5_candidate_ids,top2_candidate_ids,top2_candidate_low_wip_robustness,candidate_rank_details,rank_corr_L25_L33,rank_corr_L33_L50,rank_corr_L25_L50,mean_rank_stability,selection_method
S1_P1_B1,"[""WIPHFSP_S1_P1_B1_C085"",""WIPHFSP_S1_P1_B1_C005"",""WIPHFSP_S1_P1_B1_C042"",""WIPHFSP_S1_P1_B1_C008"",""WIPHFSP_S1_P1_B1_C013""]","[""WIPHFSP_S1_P1_B1_C005"",""WIPHFSP_S1_P1_B1_C085""]","{""WIPHFSP_S1_P1_B1_C005"":1.0,""WIPHFSP_S1_P1_B1_C085"":1.0}","{""WIPHFSP_S1_P1_B1_C085"":{""rank_L25"":2,""rank_L33"":2,""rank_L50"":2,""rank_span"":0,""candidate_low_wip_robustness"":1.0},""WIPHFSP_S1_P1_B1_C005"":{""rank_L25"":5,""rank_L33"":5,""rank_L50"":5,""rank_span"":0,""candidate_low_wip_robustness"":1.0},""WIPHFSP_S1_P1_B1_C042"":{""rank_L25"":1,""rank_L33"":1,""rank_L50"":1,""rank_span"":0,""candidate_low_wip_robustness"":1.0},""WIPHFSP_S1_P1_B1_C008"":{""rank_L25"":4,""rank_L33"":4,""rank_L50"":4,""rank_span"":0,""candidate_low_wip_robustness"":1.0},""WIPHFSP_S1_P1_B1_C013"":{""rank_L25"":3,""rank_L33"":3,""rank_L50"":3,""rank_span"":0,""candidate_low_wip_robustness"":1.0}}",0.9999999999999998,0.9999999999999998,0.9999999999999998,0.9999999999999997,hierarchical_low_wip_buffer_relevance
S1_P1_B2,"[""WIPHFSP_S1_P1_B2_C061"",""WIPHFSP_S1_P1_B2_C006"",""WIPHFSP_S1_P1_B2_C085"",""WIPHFSP_S1_P1_B2_C003"",""WIPHFSP_S1_P1_B2_C090""]","[""WIPHFSP_S1_P1_B2_C090"",""WIPHFSP_S1_P1_B2_C006""]","{""WIPHFSP_S1_P1_B2_C090"":1.0,""WIPHFSP_S1_P1_B2_C006"":1.0}","{""WIPHFSP_S1_P1_B2_C061"":{""rank_L25"":4,""rank_L33"":4,""rank_L50"":4,""rank_span"":0,""candidate_low_wip_robustness"":1.0},""WIPHFSP_S1_P1_B2_C006"":{""rank_L25"":2,""rank_L33"":2,""rank_L50"":2,""rank_span"":0,""candidate_low_wip_robustness"":1.0},""WIPHFSP_S1_P1_B2_C085"":{""rank_L25"":5,""rank_L33"":5,""rank_L50"":5,""rank_span"":0,""candidate_low_wip_robustness"":1.0},""WIPHFSP_S1_P1_B2_C003"":{""rank_L25"":1,""rank_L33"":1,""rank_L50"":1,""rank_span"":0,""candidate_low_wip_robustness"":1.0},""WIPHFSP_S1_P1_B2_C090"":{""rank_L25"":3,""rank_L33"":3,""rank_L50"":3,""rank_span"":0,""candidate_low_wip_robustness"":1.0}}",0.9999999999999998,0.9999999999999998,0.9999999999999998,0.9999999999999997,hierarchical_low_wip_buffer_relevance
S1_P1_B3,"[""WIPHFSP_S1_P1_B3_C004"",""WIPHFSP_S1_P1_B3_C088"",""WIPHFSP_S1_P1_B3_C094"",""WIPHFSP_S1_P1_B3_C085"",""WIPHFSP_S1_P1_B3_C047""]","[""WIPHFSP_S1_P1_B3_C004"",""WIPHFSP_S1_P1_B3_C088""]","{""WIPHFSP_S1_P1_B3_C004"":1.0,""WIPHFSP_S1_P1_B3_C088"":1.0}","{""WIPHFSP_S1_P1_B3_C004"":{""rank_L25"":1,""rank_L33"":1,""rank_L50"":1,""rank_span"":0,""candidate_low_wip_robustness"":1.0},""WIPHFSP_S1_P1_B3_C088"":{""rank_L25"":4,""rank_L33"":4,""rank_L50"":4,""rank_span"":0,""candidate_low_wip_robustness"":1.0},""WIPHFSP_S1_P1_B3_C094"":{""rank_L25"":3,""rank_L33"":3,""rank_L50"":3,""rank_span"":0,""candidate_low_wip_robustness"":1.0},""WIPHFSP_S1_P1_B3_C085"":{""rank_L25"":5,""rank_L33"":5,""rank_L50"":5,""rank_span"":0,""candidate_low_wip_robustness"":1.0},""WIPHFSP_S1_P1_B3_C047"":{""rank_L25"":2,""rank_L33"":2,""rank_L50"":2,""rank_span"":0,""candidate_low_wip_robustness"":1.0}}",0.9999999999999998,0.9999999999999998,0.9999999999999998,0.9999999999999997,hierarchical_low_wip_buffer_relevance
S1_P2_B1,"[""WIPHFSP_S1_P2_B1_C069"",""WIPHFSP_S1_P2_B1_C066"",""WIPHFSP_S1_P2_B1_C078"",""WIPHFSP_S1_P2_B1_C032"",""WIPHFSP_S1_P2_B1_C016""]","[""WIPHFSP_S1_P2_B1_C066"",""WIPHFSP_S1_P2_B1_C078""]","{""WIPHFSP_S1_P2_B1_C066"":1.0,""WIPHFSP_S1_P2_B1_C078"":1.0}","{""WIPHFSP_S1_P2_B1_C069"":{""rank_L25"":2,""rank_L33"":2,""rank_L50"":2,""rank_span"":0,""candidate_low_wip_robustness"":1.0},""WIPHFSP_S1_P2_B1_C066"":{""rank_L25"":1,""rank_L33"":1,""rank_L50"":1,""rank_span"":0,""candidate_low_wip_robustness"":1.0},""WIPHFSP_S1_P2_B1_C078"":{""rank_L25"":3,""rank_L33"":3,""rank_L50"":3,""rank_span"":0,""candidate_low_wip_robustness"":1.0},""WIPHFSP_S1_P2_B1_C032"":{""rank_L25"":5,""rank_L33"":5,""rank_L50"":5,""rank_span"":0,""candidate_low_wip_robustness"":1.0},""WIPHFSP_S1_P2_B1_C016"":{""rank_L25"":4,""rank_L33"":4,""rank_L50"":4,""rank_span"":0,""candidate_low_wip_robustness"":1.0}}",0.9999999999999998,0.9999999999999998,0.9999999999999998,0.9999999999999997,hierarchical_low_wip_buffer_relevance
S1_P2_B2,"[""WIPHFSP_S1_P2_B2_C043"",""WIPHFSP_S1_P2_B2_C059"",""WIPHFSP_S1_P2_B2_C086"",""WIPHFSP_S1_P2_B2_C073"",""WIPHFSP_S1_P2_B2_C088""]","[""WIPHFSP_S1_P2_B2_C073"",""WIPHFSP_S1_P2_B2_C088""]","{""WIPHFSP_S1_P2_B2_C073"":1.0,""WIPHFSP_S1_P2_B2_C088"":1.0}","{""WIPHFSP_S1_P2_B2_C043"":{""rank_L25"":1,""rank_L33"":1,""rank_L50"":1,""rank_span"":0,""candidate_low_wip_robustness"":1.0},""WIPHFSP_S1_P2_B2_C059"":{""rank_L25"":4,""rank_L33"":4,""rank_L50"":4,""rank_span"":0,""candidate_low_wip_robustness"":1.0},""WIPHFSP_S1_P2_B2_C086"":{""rank_L25"":5,""rank_L33"":5,""rank_L50"":5,""rank_span"":0,""candidate_low_wip_robustness"":1.0},""WIPHFSP_S1_P2_B2_C073"":{""rank_L25"":2,""rank_L33"":2,""rank_L50"":2,""rank_span"":0,""candidate_low_wip_robustness"":1.0},""WIPHFSP_S1_P2_B2_C088"":{""rank_L25"":3,""rank_L33"":3,""rank_L50"":3,""rank_span"":0,""candidate_low_wip_robustness"":1.0}}",0.9999999999999998,0.9999999999999998,0.9999999999999998,0.9999999999999997,hierarchical_low_wip_buffer_relevance
S1_P2_B3,"[""WIPHFSP_S1_P2_B3_C051"",""WIPHFSP_S1_P2_B3_C028"",""WIPHFSP_S1_P2_B3_C022"",""WIPHFSP_S1_P2_B3_C058"",""WIPHFSP_S1_P2_B3_C083""]","[""WIPHFSP_S1_P2_B3_C083"",""WIPHFSP_S1_P2_B3_C051""]","{""WIPHFSP_S1_P2_B3_C083"":1.0,""WIPHFSP_S1_P2_B3_C051"":1.0}","{""WIPHFSP_S1_P2_B3_C051"":{""rank_L25"":1,""rank_L33"":1,""rank_L50"":1,""rank_span"":0,""candidate_low_wip_robustness"":1.0},""WIPHFSP_S1_P2_B3_C028"":{""rank_L25"":2,""rank_L33"":2,""rank_L50"":2,""rank_span"":0,""candidate_low_wip_robustness"":1.0},""WIPHFSP_S1_P2_B3_C022"":{""rank_L25"":3,""rank_L33"":3,""rank_L50"":3,""rank_span"":0,""candidate_low_wip_robustness"":1.0},""WIPHFSP_S1_P2_B3_C058"":{""rank_L25"":5,""rank_L33"":5,""rank_L50"":5,""rank_span"":0,""candidate_low_wip_robustness"":1.0},""WIPHFSP_S1_P2_B3_C083"":{""rank_L25"":4,""rank_L33"":4,""rank_L50"":4,""rank_span"":0,""candidate_low_wip_robustness"":1.0}}",0.9999999999999998,0.9999999999999998,0.9999999999999998,0.9999999999999997,hierarchical_low_wip_buffer_relevance
S1_P3_B1,"[""WIPHFSP_S1_P3_B1_C017"",""WIPHFSP_S1_P3_B1_C053"",""WIPHFSP_S1_P3_B1_C099"",""WIPHFSP_S1_P3_B1_C023"",""WIPHFSP_S1_P3_B1_C014""]","[""WIPHFSP_S1_P3_B1_C017"",""WIPHFSP_S1_P3_B1_C023""]","{""WIPHFSP_S1_P3_B1_C017"":1.0,""WIPHFSP_S1_P3_B1_C023"":1.0}","{""WIPHFSP_S1_P3_B1_C017"":{""rank_L25"":3,""rank_L33"":3,""rank_L50"":3,""rank_span"":0,""candidate_low_wip_robustness"":1.0},""WIPHFSP_S1_P3_B1_C053"":{""rank_L25"":1,""rank_L33"":1,""rank_L50"":1,""rank_span"":0,""candidate_low_wip_robustness"":1.0},""WIPHFSP_S1_P3_B1_C099"":{""rank_L25"":4,""rank_L33"":4,""rank_L50"":4,""rank_span"":0,""candidate_low_wip_robustness"":1.0},""WIPHFSP_S1_P3_B1_C023"":{""rank_L25"":5,""rank_L33"":5,""rank_L50"":5,""rank_span"":0,""candidate_low_wip_robustness"":1.0},""WIPHFSP_S1_P3_B1_C014"":{""rank_L25"":2,""rank_L33"":2,""rank_L50"":2,""rank_span"":0,""candidate_low_wip_robustness"":1.0}}",0.9999999999999998,0.9999999999999998,0.9999999999999998,0.9999999999999997,hierarchical_low_wip_buffer_relevance
S1_P3_B2,"[""WIPHFSP_S1_P3_B2_C087"",""WIPHFSP_S1_P3_B2_C075"",""WIPHFSP_S1_P3_B2_C028"",""WIPHFSP_S1_P3_B2_C095"",""WIPHFSP_S1_P3_B2_C090""]","[""WIPHFSP_S1_P3_B2_C028"",""WIPHFSP_S1_P3_B2_C095""]","{""WIPHFSP_S1_P3_B2_C028"":1.0,""WIPHFSP_S1_P3_B2_C095"":1.0}","{""WIPHFSP_S1_P3_B2_C087"":{""rank_L25"":2,""rank_L33"":2,""rank_L50"":2,""rank_span"":0,""candidate_low_wip_robustness"":1.0},""WIPHFSP_S1_P3_B2_C075"":{""rank_L25"":5,""rank_L33"":5,""rank_L50"":5,""rank_span"":0,""candidate_low_wip_robustness"":1.0},""WIPHFSP_S1_P3_B2_C028"":{""rank_L25"":1,""rank_L33"":1,""rank_L50"":1,""rank_span"":0,""candidate_low_wip_robustness"":1.0},""WIPHFSP_S1_P3_B2_C095"":{""rank_L25"":4,""rank_L33"":4,""rank_L50"":4,""rank_span"":0,""candidate_low_wip_robustness"":1.0},""WIPHFSP_S1_P3_B2_C090"":{""rank_L25"":3,""rank_L33"":3,""rank_L50"":3,""rank_span"":0,""candidate_low_wip_robustness"":1.0}}",0.9999999999999998,0.9999999999999998,0.9999999999999998,0.9999999999999997,hierarchical_low_wip_buffer_relevance
S1_P3_B3,"[""WIPHFSP_S1_P3_B3_C039"",""WIPHFSP_S1_P3_B3_C075"",""WIPHFSP_S1_P3_B3_C056"",""WIPHFSP_S1_P3_B3_C066"",""WIPHFSP_S1_P3_B3_C014""]","[""WIPHFSP_S1_P3_B3_C075"",""WIPHFSP_S1_P3_B3_C014""]","{""WIPHFSP_S1_P3_B3_C075"":1.0,""WIPHFSP_S1_P3_B3_C014"":1.0}","{""WIPHFSP_S1_P3_B3_C039"":{""rank_L25"":1,""rank_L33"":1,""rank_L50"":1,""rank_span"":0,""candidate_low_wip_robustness"":1.0},""WIPHFSP_S1_P3_B3_C075"":{""rank_L25"":5,""rank_L33"":5,""rank_L50"":5,""rank_span"":0,""candidate_low_wip_robustness"":1.0},""WIPHFSP_S1_P3_B3_C056"":{""rank_L25"":3,""rank_L33"":3,""rank_L50"":3,""rank_span"":0,""candidate_low_wip_robustness"":1.0},""WIPHFSP_S1_P3_B3_C066"":{""rank_L25"":4,""rank_L33"":4,""rank_L50"":4,""rank_span"":0,""candidate_low_wip_robustness"":1.0},""WIPHFSP_S1_P3_B3_C014"":{""rank_L25"":2,""rank_L33"":2,""rank_L50"":2,""rank_span"":0,""candidate_low_wip_robustness"":1.0}}",0.9999999999999998,0.9999999999999998,0.9999999999999998,0.9999999999999997,hierarchical_low_wip_buffer_relevance
S1_P4_B1,"[""WIPHFSP_S1_P4_B1_C035"",""WIPHFSP_S1_P4_B1_C084"",""WIPHFSP_S1_P4_B1_C074"",""WIPHFSP_S1_P4_B1_C067"",""WIPHFSP_S1_P4_B1_C002""]","[""WIPHFSP_S1_P4_B1_C074"",""WIPHFSP_S1_P4_B1_C002""]","{""WIPHFSP_S1_P4_B1_C074"":1.0,""WIPHFSP_S1_P4_B1_C002"":1.0}","{""WIPHFSP_S1_P4_B1_C035"":{""rank_L25"":1,""rank_L33"":1,""rank_L50"":1,""rank_span"":0,""candidate_low_wip_robustness"":1.0},""WIPHFSP_S1_P4_B1_C084"":{""rank_L25"":2,""rank_L33"":2,""rank_L50"":2,""rank_span"":0,""candidate_low_wip_robustness"":1.0},""WIPHFSP_S1_P4_B1_C074"":{""rank_L25"":3,""rank_L33"":3,""rank_L50"":3,""rank_span"":0,""candidate_low_wip_robustness"":1.0},""WIPHFSP_S1_P4_B1_C067"":{""rank_L25"":4,""rank_L33"":4,""rank_L50"":4,""rank_span"":0,""candidate_low_wip_robustness"":1.0},""WIPHFSP_S1_P4_B1_C002"":{""rank_L25"":5,""rank_L33"":5,""rank_L50"":5,""rank_span"":0,""candidate_low_wip_robustness"":1.0}}",0.9999999999999998,0.9999999999999998,0.9999999999999998,0.9999999999999997,hierarchical_low_wip_buffer_relevance
S1_P4_B2,"[""WIPHFSP_S1_P4_B2_C090"",""WIPHFSP_S1_P4_B2_C038"",""WIPHFSP_S1_P4_B2_C004"",""WIPHFSP_S1_P4_B2_C011"",""WIPHFSP_S1_P4_B2_C040""]","[""WIPHFSP_S1_P4_B2_C038"",""WIPHFSP_S1_P4_B2_C011""]","{""WIPHFSP_S1_P4_B2_C038"":1.0,""WIPHFSP_S1_P4_B2_C011"":1.0}","{""WIPHFSP_S1_P4_B2_C090"":{""rank_L25"":1,""rank_L33"":1,""rank_L50"":1,""rank_span"":0,""candidate_low_wip_robustness"":1.0},""WIPHFSP_S1_P4_B2_C038"":{""rank_L25"":5,""rank_L33"":5,""rank_L50"":5,""rank_span"":0,""candidate_low_wip_robustness"":1.0},""WIPHFSP_S1_P4_B2_C004"":{""rank_L25"":3,""rank_L33"":3,""rank_L50"":3,""rank_span"":0,""candidate_low_wip_robustness"":1.0},""WIPHFSP_S1_P4_B2_C011"":{""rank_L25"":2,""rank_L33"":2,""rank_L50"":2,""rank_span"":0,""candidate_low_wip_robustness"":1.0},""WIPHFSP_S1_P4_B2_C040"":{""rank_L25"":4,""rank_L33"":4,""rank_L50"":4,""rank_span"":0,""candidate_low_wip_robustness"":1.0}}",0.9999999999999998,0.9999999999999998,0.9999999999999998,0.9999999999999997,hierarchical_low_wip_buffer_relevance
S1_P4_B3,"[""WIPHFSP_S1_P4_B3_C045"",""WIPHFSP_S1_P4_B3_C010"",""WIPHFSP_S1_P4_B3_C079"",""WIPHFSP_S1_P4_B3_C043"",""WIPHFSP_S1_P4_B3_C081""]","[""WIPHFSP_S1_P4_B3_C079"",""WIPHFSP_S1_P4_B3_C010""]","{""WIPHFSP_S1_P4_B3_C079"":1.0,""WIPHFSP_S1_P4_B3_C010"":1.0}","{""WIPHFSP_S1_P4_B3_C045"":{""rank_L25"":1,""rank_L33"":1,""rank_L50"":1,""rank_span"":0,""candidate_low_wip_robustness"":1.0},""WIPHFSP_S1_P4_B3_C010"":{""rank_L25"":5,""rank_L33"":5,""rank_L50"":5,""rank_span"":0,""candidate_low_wip_robustness"":1.0},""WIPHFSP_S1_P4_B3_C079"":{""rank_L25"":4,""rank_L33"":4,""rank_L50"":4,""rank_span"":0,""candidate_low_wip_robustness"":1.0},""WIPHFSP_S1_P4_B3_C043"":{""rank_L25"":2,""rank_L33"":2,""rank_L50"":2,""rank_span"":0,""candidate_low_wip_robustness"":1.0},""WIPHFSP_S1_P4_B3_C081"":{""rank_L25"":3,""rank_L33"":3,""rank_L50"":3,""rank_span"":0,""candidate_low_wip_robustness"":1.0}}",0.9999999999999998,0.9999999999999998,0.9999999999999998,0.9999999999999997,hierarchical_low_wip_buffer_relevance
S2_P1_B1,"[""WIPHFSP_S2_P1_B1_C034"",""WIPHFSP_S2_P1_B1_C042"",""WIPHFSP_S2_P1_B1_C016"",""WIPHFSP_S2_P1_B1_C063"",""WIPHFSP_S2_P1_B1_C037""]","[""WIPHFSP_S2_P1_B1_C042"",""WIPHFSP_S2_P1_B1_C016""]","{""WIPHFSP_S2_P1_B1_C042"":1.0,""WIPHFSP_S2_P1_B1_C016"":1.0}","{""WIPHFSP_S2_P1_B1_C034"":{""rank_L25"":4,""rank_L33"":4,""rank_L50"":4,""rank_span"":0,""candidate_low_wip_robustness"":1.0},""WIPHFSP_S2_P1_B1_C042"":{""rank_L25"":3,""rank_L33"":3,""rank_L50"":3,""rank_span"":0,""candidate_low_wip_robustness"":1.0},""WIPHFSP_S2_P1_B1_C016"":{""rank_L25"":2,""rank_L33"":2,""rank_L50"":2,""rank_span"":0,""candidate_low_wip_robustness"":1.0},""WIPHFSP_S2_P1_B1_C063"":{""rank_L25"":1,""rank_L33"":1,""rank_L50"":1,""rank_span"":0,""candidate_low_wip_robustness"":1.0},""WIPHFSP_S2_P1_B1_C037"":{""rank_L25"":5,""rank_L33"":5,""rank_L50"":5,""rank_span"":0,""candidate_low_wip_robustness"":1.0}}",0.9999999999999998,0.9999999999999998,0.9999999999999998,0.9999999999999997,hierarchical_low_wip_buffer_relevance
S2_P1_B2,"[""WIPHFSP_S2_P1_B2_C096"",""WIPHFSP_S2_P1_B2_C032"",""WIPHFSP_S2_P1_B2_C025"",""WIPHFSP_S2_P1_B2_C076"",""WIPHFSP_S2_P1_B2_C027""]","[""WIPHFSP_S2_P1_B2_C096"",""WIPHFSP_S2_P1_B2_C025""]","{""WIPHFSP_S2_P1_B2_C096"":1.0,""WIPHFSP_S2_P1_B2_C025"":1.0}","{""WIPHFSP_S2_P1_B2_C096"":{""rank_L25"":3,""rank_L33"":3,""rank_L50"":3,""rank_span"":0,""candidate_low_wip_robustness"":1.0},""WIPHFSP_S2_P1_B2_C032"":{""rank_L25"":5,""rank_L33"":5,""rank_L50"":5,""rank_span"":0,""candidate_low_wip_robustness"":1.0},""WIPHFSP_S2_P1_B2_C025"":{""rank_L25"":2,""rank_L33"":2,""rank_L50"":2,""rank_span"":0,""candidate_low_wip_robustness"":1.0},""WIPHFSP_S2_P1_B2_C076"":{""rank_L25"":1,""rank_L33"":1,""rank_L50"":1,""rank_span"":0,""candidate_low_wip_robustness"":1.0},""WIPHFSP_S2_P1_B2_C027"":{""rank_L25"":4,""rank_L33"":4,""rank_L50"":4,""rank_span"":0,""candidate_low_wip_robustness"":1.0}}",0.9999999999999998,0.9999999999999998,0.9999999999999998,0.9999999999999997,hierarchical_low_wip_buffer_relevance
S2_P1_B3,"[""WIPHFSP_S2_P1_B3_C090"",""WIPHFSP_S2_P1_B3_C009"",""WIPHFSP_S2_P1_B3_C013"",""WIPHFSP_S2_P1_B3_C095"",""WIPHFSP_S2_P1_B3_C027""]","[""WIPHFSP_S2_P1_B3_C009"",""WIPHFSP_S2_P1_B3_C013""]","{""WIPHFSP_S2_P1_B3_C009"":1.0,""WIPHFSP_S2_P1_B3_C013"":1.0}","{""WIPHFSP_S2_P1_B3_C090"":{""rank_L25"":1,""rank_L33"":1,""rank_L50"":1,""rank_span"":0,""candidate_low_wip_robustness"":1.0},""WIPHFSP_S2_P1_B3_C009"":{""rank_L25"":2,""rank_L33"":2,""rank_L50"":2,""rank_span"":0,""candidate_low_wip_robustness"":1.0},""WIPHFSP_S2_P1_B3_C013"":{""rank_L25"":5,""rank_L33"":5,""rank_L50"":5,""rank_span"":0,""candidate_low_wip_robustness"":1.0},""WIPHFSP_S2_P1_B3_C095"":{""rank_L25"":3,""rank_L33"":3,""rank_L50"":3,""rank_span"":0,""candidate_low_wip_robustness"":1.0},""WIPHFSP_S2_P1_B3_C027"":{""rank_L25"":4,""rank_L33"":4,""rank_L50"":4,""rank_span"":0,""candidate_low_wip_robustness"":1.0}}",0.9999999999999998,0.9999999999999998,0.9999999999999998,0.9999999999999997,hierarchical_low_wip_buffer_relevance
S2_P2_B1,"[""WIPHFSP_S2_P2_B1_C001"",""WIPHFSP_S2_P2_B1_C086"",""WIPHFSP_S2_P2_B1_C089"",""WIPHFSP_S2_P2_B1_C022"",""WIPHFSP_S2_P2_B1_C006""]","[""WIPHFSP_S2_P2_B1_C086"",""WIPHFSP_S2_P2_B1_C022""]","{""WIPHFSP_S2_P2_B1_C086"":1.0,""WIPHFSP_S2_P2_B1_C022"":1.0}","{""WIPHFSP_S2_P2_B1_C001"":{""rank_L25"":2,""rank_L33"":2,""rank_L50"":2,""rank_span"":0,""candidate_low_wip_robustness"":1.0},""WIPHFSP_S2_P2_B1_C086"":{""rank_L25"":1,""rank_L33"":1,""rank_L50"":1,""rank_span"":0,""candidate_low_wip_robustness"":1.0},""WIPHFSP_S2_P2_B1_C089"":{""rank_L25"":3,""rank_L33"":3,""rank_L50"":3,""rank_span"":0,""candidate_low_wip_robustness"":1.0},""WIPHFSP_S2_P2_B1_C022"":{""rank_L25"":4,""rank_L33"":4,""rank_L50"":4,""rank_span"":0,""candidate_low_wip_robustness"":1.0},""WIPHFSP_S2_P2_B1_C006"":{""rank_L25"":5,""rank_L33"":5,""rank_L50"":5,""rank_span"":0,""candidate_low_wip_robustness"":1.0}}",0.9999999999999998,0.9999999999999998,0.9999999999999998,0.9999999999999997,hierarchical_low_wip_buffer_relevance
S2_P2_B2,"[""WIPHFSP_S2_P2_B2_C023"",""WIPHFSP_S2_P2_B2_C082"",""WIPHFSP_S2_P2_B2_C017"",""WIPHFSP_S2_P2_B2_C013"",""WIPHFSP_S2_P2_B2_C089""]","[""WIPHFSP_S2_P2_B2_C013"",""WIPHFSP_S2_P2_B2_C023""]","{""WIPHFSP_S2_P2_B2_C013"":1.0,""WIPHFSP_S2_P2_B2_C023"":1.0}","{""WIPHFSP_S2_P2_B2_C023"":{""rank_L25"":2,""rank_L33"":2,""rank_L50"":2,""rank_span"":0,""candidate_low_wip_robustness"":1.0},""WIPHFSP_S2_P2_B2_C082"":{""rank_L25"":1,""rank_L33"":1,""rank_L50"":1,""rank_span"":0,""candidate_low_wip_robustness"":1.0},""WIPHFSP_S2_P2_B2_C017"":{""rank_L25"":4,""rank_L33"":4,""rank_L50"":4,""rank_span"":0,""candidate_low_wip_robustness"":1.0},""WIPHFSP_S2_P2_B2_C013"":{""rank_L25"":3,""rank_L33"":3,""rank_L50"":3,""rank_span"":0,""candidate_low_wip_robustness"":1.0},""WIPHFSP_S2_P2_B2_C089"":{""rank_L25"":5,""rank_L33"":5,""rank_L50"":5,""rank_span"":0,""candidate_low_wip_robustness"":1.0}}",0.9999999999999998,0.9999999999999998,0.9999999999999998,0.9999999999999997,hierarchical_low_wip_buffer_relevance
S2_P2_B3,"[""WIPHFSP_S2_P2_B3_C089"",""WIPHFSP_S2_P2_B3_C030"",""WIPHFSP_S2_P2_B3_C019"",""WIPHFSP_S2_P2_B3_C020"",""WIPHFSP_S2_P2_B3_C050""]","[""WIPHFSP_S2_P2_B3_C020"",""WIPHFSP_S2_P2_B3_C089""]","{""WIPHFSP_S2_P2_B3_C020"":1.0,""WIPHFSP_S2_P2_B3_C089"":1.0}","{""WIPHFSP_S2_P2_B3_C089"":{""rank_L25"":2,""rank_L33"":2,""rank_L50"":2,""rank_span"":0,""candidate_low_wip_robustness"":1.0},""WIPHFSP_S2_P2_B3_C030"":{""rank_L25"":4,""rank_L33"":4,""rank_L50"":4,""rank_span"":0,""candidate_low_wip_robustness"":1.0},""WIPHFSP_S2_P2_B3_C019"":{""rank_L25"":1,""rank_L33"":1,""rank_L50"":1,""rank_span"":0,""candidate_low_wip_robustness"":1.0},""WIPHFSP_S2_P2_B3_C020"":{""rank_L25"":3,""rank_L33"":3,""rank_L50"":3,""rank_span"":0,""candidate_low_wip_robustness"":1.0},""WIPHFSP_S2_P2_B3_C050"":{""rank_L25"":5,""rank_L33"":5,""rank_L50"":5,""rank_span"":0,""candidate_low_wip_robustness"":1.0}}",0.9999999999999998,0.9999999999999998,0.9999999999999998,0.9999999999999997,hierarchical_low_wip_buffer_relevance
S2_P3_B1,"[""WIPHFSP_S2_P3_B1_C054"",""WIPHFSP_S2_P3_B1_C011"",""WIPHFSP_S2_P3_B1_C001"",""WIPHFSP_S2_P3_B1_C073"",""WIPHFSP_S2_P3_B1_C027""]","[""WIPHFSP_S2_P3_B1_C011"",""WIPHFSP_S2_P3_B1_C073""]","{""WIPHFSP_S2_P3_B1_C011"":1.0,""WIPHFSP_S2_P3_B1_C073"":1.0}","{""WIPHFSP_S2_P3_B1_C054"":{""rank_L25"":4,""rank_L33"":4,""rank_L50"":4,""rank_span"":0,""candidate_low_wip_robustness"":1.0},""WIPHFSP_S2_P3_B1_C011"":{""rank_L25"":5,""rank_L33"":5,""rank_L50"":5,""rank_span"":0,""candidate_low_wip_robustness"":1.0},""WIPHFSP_S2_P3_B1_C001"":{""rank_L25"":2,""rank_L33"":2,""rank_L50"":2,""rank_span"":0,""candidate_low_wip_robustness"":1.0},""WIPHFSP_S2_P3_B1_C073"":{""rank_L25"":1,""rank_L33"":1,""rank_L50"":1,""rank_span"":0,""candidate_low_wip_robustness"":1.0},""WIPHFSP_S2_P3_B1_C027"":{""rank_L25"":3,""rank_L33"":3,""rank_L50"":3,""rank_span"":0,""candidate_low_wip_robustness"":1.0}}",0.9999999999999998,0.9999999999999998,0.9999999999999998,0.9999999999999997,hierarchical_low_wip_buffer_relevance
S2_P3_B2,"[""WIPHFSP_S2_P3_B2_C046"",""WIPHFSP_S2_P3_B2_C075"",""WIPHFSP_S2_P3_B2_C009"",""WIPHFSP_S2_P3_B2_C070"",""WIPHFSP_S2_P3_B2_C004""]","[""WIPHFSP_S2_P3_B2_C004"",""WIPHFSP_S2_P3_B2_C046""]","{""WIPHFSP_S2_P3_B2_C004"":1.0,""WIPHFSP_S2_P3_B2_C046"":1.0}","{""WIPHFSP_S2_P3_B2_C046"":{""rank_L25"":1,""rank_L33"":1,""rank_L50"":1,""rank_span"":0,""candidate_low_wip_robustness"":1.0},""WIPHFSP_S2_P3_B2_C075"":{""rank_L25"":2,""rank_L33"":2,""rank_L50"":2,""rank_span"":0,""candidate_low_wip_robustness"":1.0},""WIPHFSP_S2_P3_B2_C009"":{""rank_L25"":3,""rank_L33"":3,""rank_L50"":3,""rank_span"":0,""candidate_low_wip_robustness"":1.0},""WIPHFSP_S2_P3_B2_C070"":{""rank_L25"":5,""rank_L33"":5,""rank_L50"":5,""rank_span"":0,""candidate_low_wip_robustness"":1.0},""WIPHFSP_S2_P3_B2_C004"":{""rank_L25"":4,""rank_L33"":4,""rank_L50"":4,""rank_span"":0,""candidate_low_wip_robustness"":1.0}}",0.9999999999999998,0.9999999999999998,0.9999999999999998,0.9999999999999997,hierarchical_low_wip_buffer_relevance
S2_P3_B3,"[""WIPHFSP_S2_P3_B3_C041"",""WIPHFSP_S2_P3_B3_C019"",""WIPHFSP_S2_P3_B3_C090"",""WIPHFSP_S2_P3_B3_C022"",""WIPHFSP_S2_P3_B3_C002""]","[""WIPHFSP_S2_P3_B3_C022"",""WIPHFSP_S2_P3_B3_C002""]","{""WIPHFSP_S2_P3_B3_C022"":1.0,""WIPHFSP_S2_P3_B3_C002"":1.0}","{""WIPHFSP_S2_P3_B3_C041"":{""rank_L25"":1,""rank_L33"":1,""rank_L50"":1,""rank_span"":0,""candidate_low_wip_robustness"":1.0},""WIPHFSP_S2_P3_B3_C019"":{""rank_L25"":5,""rank_L33"":5,""rank_L50"":5,""rank_span"":0,""candidate_low_wip_robustness"":1.0},""WIPHFSP_S2_P3_B3_C090"":{""rank_L25"":3,""rank_L33"":3,""rank_L50"":3,""rank_span"":0,""candidate_low_wip_robustness"":1.0},""WIPHFSP_S2_P3_B3_C022"":{""rank_L25"":2,""rank_L33"":2,""rank_L50"":2,""rank_span"":0,""candidate_low_wip_robustness"":1.0},""WIPHFSP_S2_P3_B3_C002"":{""rank_L25"":4,""rank_L33"":4,""rank_L50"":4,""rank_span"":0,""candidate_low_wip_robustness"":1.0}}",0.9999999999999998,0.9999999999999998,0.9999999999999998,0.9999999999999997,hierarchical_low_wip_buffer_relevance
S2_P4_B1,"[""WIPHFSP_S2_P4_B1_C078"",""WIPHFSP_S2_P4_B1_C030"",""WIPHFSP_S2_P4_B1_C097"",""WIPHFSP_S2_P4_B1_C065"",""WIPHFSP_S2_P4_B1_C073""]","[""WIPHFSP_S2_P4_B1_C065"",""WIPHFSP_S2_P4_B1_C030""]","{""WIPHFSP_S2_P4_B1_C065"":1.0,""WIPHFSP_S2_P4_B1_C030"":1.0}","{""WIPHFSP_S2_P4_B1_C078"":{""rank_L25"":3,""rank_L33"":3,""rank_L50"":3,""rank_span"":0,""candidate_low_wip_robustness"":1.0},""WIPHFSP_S2_P4_B1_C030"":{""rank_L25"":1,""rank_L33"":1,""rank_L50"":1,""rank_span"":0,""candidate_low_wip_robustness"":1.0},""WIPHFSP_S2_P4_B1_C097"":{""rank_L25"":2,""rank_L33"":2,""rank_L50"":2,""rank_span"":0,""candidate_low_wip_robustness"":1.0},""WIPHFSP_S2_P4_B1_C065"":{""rank_L25"":4,""rank_L33"":4,""rank_L50"":4,""rank_span"":0,""candidate_low_wip_robustness"":1.0},""WIPHFSP_S2_P4_B1_C073"":{""rank_L25"":5,""rank_L33"":5,""rank_L50"":5,""rank_span"":0,""candidate_low_wip_robustness"":1.0}}",0.9999999999999998,0.9999999999999998,0.9999999999999998,0.9999999999999997,hierarchical_low_wip_buffer_relevance
S2_P4_B2,"[""WIPHFSP_S2_P4_B2_C074"",""WIPHFSP_S2_P4_B2_C093"",""WIPHFSP_S2_P4_B2_C004"",""WIPHFSP_S2_P4_B2_C006"",""WIPHFSP_S2_P4_B2_C035""]","[""WIPHFSP_S2_P4_B2_C004"",""WIPHFSP_S2_P4_B2_C093""]","{""WIPHFSP_S2_P4_B2_C004"":1.0,""WIPHFSP_S2_P4_B2_C093"":1.0}","{""WIPHFSP_S2_P4_B2_C074"":{""rank_L25"":4,""rank_L33"":4,""rank_L50"":4,""rank_span"":0,""candidate_low_wip_robustness"":1.0},""WIPHFSP_S2_P4_B2_C093"":{""rank_L25"":3,""rank_L33"":3,""rank_L50"":3,""rank_span"":0,""candidate_low_wip_robustness"":1.0},""WIPHFSP_S2_P4_B2_C004"":{""rank_L25"":5,""rank_L33"":5,""rank_L50"":5,""rank_span"":0,""candidate_low_wip_robustness"":1.0},""WIPHFSP_S2_P4_B2_C006"":{""rank_L25"":1,""rank_L33"":1,""rank_L50"":1,""rank_span"":0,""candidate_low_wip_robustness"":1.0},""WIPHFSP_S2_P4_B2_C035"":{""rank_L25"":2,""rank_L33"":2,""rank_L50"":2,""rank_span"":0,""candidate_low_wip_robustness"":1.0}}",0.9999999999999998,0.9999999999999998,0.9999999999999998,0.9999999999999997,hierarchical_low_wip_buffer_relevance
S2_P4_B3,"[""WIPHFSP_S2_P4_B3_C012"",""WIPHFSP_S2_P4_B3_C055"",""WIPHFSP_S2_P4_B3_C062"",""WIPHFSP_S2_P4_B3_C022"",""WIPHFSP_S2_P4_B3_C064""]","[""WIPHFSP_S2_P4_B3_C055"",""WIPHFSP_S2_P4_B3_C022""]","{""WIPHFSP_S2_P4_B3_C055"":1.0,""WIPHFSP_S2_P4_B3_C022"":1.0}","{""WIPHFSP_S2_P4_B3_C012"":{""rank_L25"":4,""rank_L33"":4,""rank_L50"":4,""rank_span"":0,""candidate_low_wip_robustness"":1.0},""WIPHFSP_S2_P4_B3_C055"":{""rank_L25"":5,""rank_L33"":5,""rank_L50"":5,""rank_span"":0,""candidate_low_wip_robustness"":1.0},""WIPHFSP_S2_P4_B3_C062"":{""rank_L25"":3,""rank_L33"":3,""rank_L50"":3,""rank_span"":0,""candidate_low_wip_robustness"":1.0},""WIPHFSP_S2_P4_B3_C022"":{""rank_L25"":1,""rank_L33"":1,""rank_L50"":1,""rank_span"":0,""candidate_low_wip_robustness"":1.0},""WIPHFSP_S2_P4_B3_C064"":{""rank_L25"":2,""rank_L33"":2,""rank_L50"":2,""rank_span"":0,""candidate_low_wip_robustness"":1.0}}",0.9999999999999998,0.9999999999999998,0.9999999999999998,0.9999999999999997,hierarchical_low_wip_buffer_relevance
S3_P1_B1,"[""WIPHFSP_S3_P1_B1_C097"",""WIPHFSP_S3_P1_B1_C068"",""WIPHFSP_S3_P1_B1_C021"",""WIPHFSP_S3_P1_B1_C035"",""WIPHFSP_S3_P1_B1_C052""]","[""WIPHFSP_S3_P1_B1_C035"",""WIPHFSP_S3_P1_B1_C068""]","{""WIPHFSP_S3_P1_B1_C035"":1.0,""WIPHFSP_S3_P1_B1_C068"":1.0}","{""WIPHFSP_S3_P1_B1_C097"":{""rank_L25"":3,""rank_L33"":3,""rank_L50"":3,""rank_span"":0,""candidate_low_wip_robustness"":1.0},""WIPHFSP_S3_P1_B1_C068"":{""rank_L25"":1,""rank_L33"":1,""rank_L50"":1,""rank_span"":0,""candidate_low_wip_robustness"":1.0},""WIPHFSP_S3_P1_B1_C021"":{""rank_L25"":2,""rank_L33"":2,""rank_L50"":2,""rank_span"":0,""candidate_low_wip_robustness"":1.0},""WIPHFSP_S3_P1_B1_C035"":{""rank_L25"":5,""rank_L33"":5,""rank_L50"":5,""rank_span"":0,""candidate_low_wip_robustness"":1.0},""WIPHFSP_S3_P1_B1_C052"":{""rank_L25"":4,""rank_L33"":4,""rank_L50"":4,""rank_span"":0,""candidate_low_wip_robustness"":1.0}}",0.9999999999999998,0.9999999999999998,0.9999999999999998,0.9999999999999997,hierarchical_low_wip_buffer_relevance
S3_P1_B2,"[""WIPHFSP_S3_P1_B2_C052"",""WIPHFSP_S3_P1_B2_C028"",""WIPHFSP_S3_P1_B2_C059"",""WIPHFSP_S3_P1_B2_C094"",""WIPHFSP_S3_P1_B2_C033""]","[""WIPHFSP_S3_P1_B2_C094"",""WIPHFSP_S3_P1_B2_C028""]","{""WIPHFSP_S3_P1_B2_C094"":1.0,""WIPHFSP_S3_P1_B2_C028"":1.0}","{""WIPHFSP_S3_P1_B2_C052"":{""rank_L25"":1,""rank_L33"":1,""rank_L50"":1,""rank_span"":0,""candidate_low_wip_robustness"":1.0},""WIPHFSP_S3_P1_B2_C028"":{""rank_L25"":2,""rank_L33"":2,""rank_L50"":2,""rank_span"":0,""candidate_low_wip_robustness"":1.0},""WIPHFSP_S3_P1_B2_C059"":{""rank_L25"":3,""rank_L33"":3,""rank_L50"":3,""rank_span"":0,""candidate_low_wip_robustness"":1.0},""WIPHFSP_S3_P1_B2_C094"":{""rank_L25"":4,""rank_L33"":4,""rank_L50"":4,""rank_span"":0,""candidate_low_wip_robustness"":1.0},""WIPHFSP_S3_P1_B2_C033"":{""rank_L25"":5,""rank_L33"":5,""rank_L50"":5,""rank_span"":0,""candidate_low_wip_robustness"":1.0}}",0.9999999999999998,0.9999999999999998,0.9999999999999998,0.9999999999999997,hierarchical_low_wip_buffer_relevance
S3_P1_B3,"[""WIPHFSP_S3_P1_B3_C049"",""WIPHFSP_S3_P1_B3_C063"",""WIPHFSP_S3_P1_B3_C072"",""WIPHFSP_S3_P1_B3_C017"",""WIPHFSP_S3_P1_B3_C093""]","[""WIPHFSP_S3_P1_B3_C093"",""WIPHFSP_S3_P1_B3_C072""]","{""WIPHFSP_S3_P1_B3_C093"":1.0,""WIPHFSP_S3_P1_B3_C072"":1.0}","{""WIPHFSP_S3_P1_B3_C049"":{""rank_L25"":1,""rank_L33"":1,""rank_L50"":1,""rank_span"":0,""candidate_low_wip_robustness"":1.0},""WIPHFSP_S3_P1_B3_C063"":{""rank_L25"":2,""rank_L33"":2,""rank_L50"":2,""rank_span"":0,""candidate_low_wip_robustness"":1.0},""WIPHFSP_S3_P1_B3_C072"":{""rank_L25"":4,""rank_L33"":4,""rank_L50"":4,""rank_span"":0,""candidate_low_wip_robustness"":1.0},""WIPHFSP_S3_P1_B3_C017"":{""rank_L25"":3,""rank_L33"":3,""rank_L50"":3,""rank_span"":0,""candidate_low_wip_robustness"":1.0},""WIPHFSP_S3_P1_B3_C093"":{""rank_L25"":5,""rank_L33"":5,""rank_L50"":5,""rank_span"":0,""candidate_low_wip_robustness"":1.0}}",0.9999999999999998,0.9999999999999998,0.9999999999999998,0.9999999999999997,hierarchical_low_wip_buffer_relevance
S3_P2_B1,"[""WIPHFSP_S3_P2_B1_C018"",""WIPHFSP_S3_P2_B1_C001"",""WIPHFSP_S3_P2_B1_C029"",""WIPHFSP_S3_P2_B1_C043"",""WIPHFSP_S3_P2_B1_C051""]","[""WIPHFSP_S3_P2_B1_C051"",""WIPHFSP_S3_P2_B1_C043""]","{""WIPHFSP_S3_P2_B1_C051"":1.0,""WIPHFSP_S3_P2_B1_C043"":1.0}","{""WIPHFSP_S3_P2_B1_C018"":{""rank_L25"":2,""rank_L33"":2,""rank_L50"":2,""rank_span"":0,""candidate_low_wip_robustness"":1.0},""WIPHFSP_S3_P2_B1_C001"":{""rank_L25"":1,""rank_L33"":1,""rank_L50"":1,""rank_span"":0,""candidate_low_wip_robustness"":1.0},""WIPHFSP_S3_P2_B1_C029"":{""rank_L25"":3,""rank_L33"":3,""rank_L50"":3,""rank_span"":0,""candidate_low_wip_robustness"":1.0},""WIPHFSP_S3_P2_B1_C043"":{""rank_L25"":5,""rank_L33"":5,""rank_L50"":5,""rank_span"":0,""candidate_low_wip_robustness"":1.0},""WIPHFSP_S3_P2_B1_C051"":{""rank_L25"":4,""rank_L33"":4,""rank_L50"":4,""rank_span"":0,""candidate_low_wip_robustness"":1.0}}",0.9999999999999998,0.9999999999999998,0.9999999999999998,0.9999999999999997,hierarchical_low_wip_buffer_relevance
S3_P2_B2,"[""WIPHFSP_S3_P2_B2_C036"",""WIPHFSP_S3_P2_B2_C082"",""WIPHFSP_S3_P2_B2_C084"",""WIPHFSP_S3_P2_B2_C097"",""WIPHFSP_S3_P2_B2_C026""]","[""WIPHFSP_S3_P2_B2_C036"",""WIPHFSP_S3_P2_B2_C084""]","{""WIPHFSP_S3_P2_B2_C036"":1.0,""WIPHFSP_S3_P2_B2_C084"":1.0}","{""WIPHFSP_S3_P2_B2_C036"":{""rank_L25"":4,""rank_L33"":4,""rank_L50"":4,""rank_span"":0,""candidate_low_wip_robustness"":1.0},""WIPHFSP_S3_P2_B2_C082"":{""rank_L25"":5,""rank_L33"":5,""rank_L50"":5,""rank_span"":0,""candidate_low_wip_robustness"":1.0},""WIPHFSP_S3_P2_B2_C084"":{""rank_L25"":2,""rank_L33"":2,""rank_L50"":2,""rank_span"":0,""candidate_low_wip_robustness"":1.0},""WIPHFSP_S3_P2_B2_C097"":{""rank_L25"":1,""rank_L33"":1,""rank_L50"":1,""rank_span"":0,""candidate_low_wip_robustness"":1.0},""WIPHFSP_S3_P2_B2_C026"":{""rank_L25"":3,""rank_L33"":3,""rank_L50"":3,""rank_span"":0,""candidate_low_wip_robustness"":1.0}}",0.9999999999999998,0.9999999999999998,0.9999999999999998,0.9999999999999997,hierarchical_low_wip_buffer_relevance
S3_P2_B3,"[""WIPHFSP_S3_P2_B3_C027"",""WIPHFSP_S3_P2_B3_C086"",""WIPHFSP_S3_P2_B3_C012"",""WIPHFSP_S3_P2_B3_C076"",""WIPHFSP_S3_P2_B3_C045""]","[""WIPHFSP_S3_P2_B3_C027"",""WIPHFSP_S3_P2_B3_C045""]","{""WIPHFSP_S3_P2_B3_C027"":1.0,""WIPHFSP_S3_P2_B3_C045"":1.0}","{""WIPHFSP_S3_P2_B3_C027"":{""rank_L25"":2,""rank_L33"":2,""rank_L50"":2,""rank_span"":0,""candidate_low_wip_robustness"":1.0},""WIPHFSP_S3_P2_B3_C086"":{""rank_L25"":4,""rank_L33"":4,""rank_L50"":4,""rank_span"":0,""candidate_low_wip_robustness"":1.0},""WIPHFSP_S3_P2_B3_C012"":{""rank_L25"":3,""rank_L33"":3,""rank_L50"":3,""rank_span"":0,""candidate_low_wip_robustness"":1.0},""WIPHFSP_S3_P2_B3_C076"":{""rank_L25"":5,""rank_L33"":5,""rank_L50"":5,""rank_span"":0,""candidate_low_wip_robustness"":1.0},""WIPHFSP_S3_P2_B3_C045"":{""rank_L25"":1,""rank_L33"":1,""rank_L50"":1,""rank_span"":0,""candidate_low_wip_robustness"":1.0}}",0.9999999999999998,0.9999999999999998,0.9999999999999998,0.9999999999999997,hierarchical_low_wip_buffer_relevance
S3_P3_B1,"[""WIPHFSP_S3_P3_B1_C008"",""WIPHFSP_S3_P3_B1_C082"",""WIPHFSP_S3_P3_B1_C065"",""WIPHFSP_S3_P3_B1_C061"",""WIPHFSP_S3_P3_B1_C052""]","[""WIPHFSP_S3_P3_B1_C082"",""WIPHFSP_S3_P3_B1_C052""]","{""WIPHFSP_S3_P3_B1_C082"":1.0,""WIPHFSP_S3_P3_B1_C052"":1.0}","{""WIPHFSP_S3_P3_B1_C008"":{""rank_L25"":4,""rank_L33"":4,""rank_L50"":4,""rank_span"":0,""candidate_low_wip_robustness"":1.0},""WIPHFSP_S3_P3_B1_C082"":{""rank_L25"":1,""rank_L33"":1,""rank_L50"":1,""rank_span"":0,""candidate_low_wip_robustness"":1.0},""WIPHFSP_S3_P3_B1_C065"":{""rank_L25"":3,""rank_L33"":3,""rank_L50"":3,""rank_span"":0,""candidate_low_wip_robustness"":1.0},""WIPHFSP_S3_P3_B1_C061"":{""rank_L25"":5,""rank_L33"":5,""rank_L50"":5,""rank_span"":0,""candidate_low_wip_robustness"":1.0},""WIPHFSP_S3_P3_B1_C052"":{""rank_L25"":2,""rank_L33"":2,""rank_L50"":2,""rank_span"":0,""candidate_low_wip_robustness"":1.0}}",0.9999999999999998,0.9999999999999998,0.9999999999999998,0.9999999999999997,hierarchical_low_wip_buffer_relevance
S3_P3_B2,"[""WIPHFSP_S3_P3_B2_C027"",""WIPHFSP_S3_P3_B2_C044"",""WIPHFSP_S3_P3_B2_C074"",""WIPHFSP_S3_P3_B2_C004"",""WIPHFSP_S3_P3_B2_C093""]","[""WIPHFSP_S3_P3_B2_C093"",""WIPHFSP_S3_P3_B2_C027""]","{""WIPHFSP_S3_P3_B2_C093"":1.0,""WIPHFSP_S3_P3_B2_C027"":1.0}","{""WIPHFSP_S3_P3_B2_C027"":{""rank_L25"":1,""rank_L33"":1,""rank_L50"":1,""rank_span"":0,""candidate_low_wip_robustness"":1.0},""WIPHFSP_S3_P3_B2_C044"":{""rank_L25"":4,""rank_L33"":4,""rank_L50"":4,""rank_span"":0,""candidate_low_wip_robustness"":1.0},""WIPHFSP_S3_P3_B2_C074"":{""rank_L25"":3,""rank_L33"":3,""rank_L50"":3,""rank_span"":0,""candidate_low_wip_robustness"":1.0},""WIPHFSP_S3_P3_B2_C004"":{""rank_L25"":2,""rank_L33"":2,""rank_L50"":2,""rank_span"":0,""candidate_low_wip_robustness"":1.0},""WIPHFSP_S3_P3_B2_C093"":{""rank_L25"":5,""rank_L33"":5,""rank_L50"":5,""rank_span"":0,""candidate_low_wip_robustness"":1.0}}",0.9999999999999998,0.9999999999999998,0.9999999999999998,0.9999999999999997,hierarchical_low_wip_buffer_relevance
S3_P3_B3,"[""WIPHFSP_S3_P3_B3_C079"",""WIPHFSP_S3_P3_B3_C016"",""WIPHFSP_S3_P3_B3_C014"",""WIPHFSP_S3_P3_B3_C075"",""WIPHFSP_S3_P3_B3_C022""]","[""WIPHFSP_S3_P3_B3_C016"",""WIPHFSP_S3_P3_B3_C075""]","{""WIPHFSP_S3_P3_B3_C016"":1.0,""WIPHFSP_S3_P3_B3_C075"":1.0}","{""WIPHFSP_S3_P3_B3_C079"":{""rank_L25"":3,""rank_L33"":3,""rank_L50"":3,""rank_span"":0,""candidate_low_wip_robustness"":1.0},""WIPHFSP_S3_P3_B3_C016"":{""rank_L25"":2,""rank_L33"":2,""rank_L50"":2,""rank_span"":0,""candidate_low_wip_robustness"":1.0},""WIPHFSP_S3_P3_B3_C014"":{""rank_L25"":5,""rank_L33"":5,""rank_L50"":5,""rank_span"":0,""candidate_low_wip_robustness"":1.0},""WIPHFSP_S3_P3_B3_C075"":{""rank_L25"":1,""rank_L33"":1,""rank_L50"":1,""rank_span"":0,""candidate_low_wip_robustness"":1.0},""WIPHFSP_S3_P3_B3_C022"":{""rank_L25"":4,""rank_L33"":4,""rank_L50"":4,""rank_span"":0,""candidate_low_wip_robustness"":1.0}}",0.9999999999999998,0.9999999999999998,0.9999999999999998,0.9999999999999997,hierarchical_low_wip_buffer_relevance
S3_P4_B1,"[""WIPHFSP_S3_P4_B1_C004"",""WIPHFSP_S3_P4_B1_C083"",""WIPHFSP_S3_P4_B1_C051"",""WIPHFSP_S3_P4_B1_C096"",""WIPHFSP_S3_P4_B1_C089""]","[""WIPHFSP_S3_P4_B1_C089"",""WIPHFSP_S3_P4_B1_C004""]","{""WIPHFSP_S3_P4_B1_C089"":1.0,""WIPHFSP_S3_P4_B1_C004"":1.0}","{""WIPHFSP_S3_P4_B1_C004"":{""rank_L25"":2,""rank_L33"":2,""rank_L50"":2,""rank_span"":0,""candidate_low_wip_robustness"":1.0},""WIPHFSP_S3_P4_B1_C083"":{""rank_L25"":5,""rank_L33"":5,""rank_L50"":5,""rank_span"":0,""candidate_low_wip_robustness"":1.0},""WIPHFSP_S3_P4_B1_C051"":{""rank_L25"":3,""rank_L33"":3,""rank_L50"":3,""rank_span"":0,""candidate_low_wip_robustness"":1.0},""WIPHFSP_S3_P4_B1_C096"":{""rank_L25"":1,""rank_L33"":1,""rank_L50"":1,""rank_span"":0,""candidate_low_wip_robustness"":1.0},""WIPHFSP_S3_P4_B1_C089"":{""rank_L25"":4,""rank_L33"":4,""rank_L50"":4,""rank_span"":0,""candidate_low_wip_robustness"":1.0}}",0.9999999999999998,0.9999999999999998,0.9999999999999998,0.9999999999999997,hierarchical_low_wip_buffer_relevance
S3_P4_B2,"[""WIPHFSP_S3_P4_B2_C036"",""WIPHFSP_S3_P4_B2_C091"",""WIPHFSP_S3_P4_B2_C100"",""WIPHFSP_S3_P4_B2_C049"",""WIPHFSP_S3_P4_B2_C066""]","[""WIPHFSP_S3_P4_B2_C049"",""WIPHFSP_S3_P4_B2_C100""]","{""WIPHFSP_S3_P4_B2_C049"":1.0,""WIPHFSP_S3_P4_B2_C100"":1.0}","{""WIPHFSP_S3_P4_B2_C036"":{""rank_L25"":2,""rank_L33"":2,""rank_L50"":2,""rank_span"":0,""candidate_low_wip_robustness"":1.0},""WIPHFSP_S3_P4_B2_C091"":{""rank_L25"":4,""rank_L33"":4,""rank_L50"":4,""rank_span"":0,""candidate_low_wip_robustness"":1.0},""WIPHFSP_S3_P4_B2_C100"":{""rank_L25"":3,""rank_L33"":3,""rank_L50"":3,""rank_span"":0,""candidate_low_wip_robustness"":1.0},""WIPHFSP_S3_P4_B2_C049"":{""rank_L25"":5,""rank_L33"":5,""rank_L50"":5,""rank_span"":0,""candidate_low_wip_robustness"":1.0},""WIPHFSP_S3_P4_B2_C066"":{""rank_L25"":1,""rank_L33"":1,""rank_L50"":1,""rank_span"":0,""candidate_low_wip_robustness"":1.0}}",0.9999999999999998,0.9999999999999998,0.9999999999999998,0.9999999999999997,hierarchical_low_wip_buffer_relevance
S3_P4_B3,"[""WIPHFSP_S3_P4_B3_C036"",""WIPHFSP_S3_P4_B3_C032"",""WIPHFSP_S3_P4_B3_C093"",""WIPHFSP_S3_P4_B3_C031"",""WIPHFSP_S3_P4_B3_C075""]","[""WIPHFSP_S3_P4_B3_C031"",""WIPHFSP_S3_P4_B3_C093""]","{""WIPHFSP_S3_P4_B3_C031"":1.0,""WIPHFSP_S3_P4_B3_C093"":1.0}","{""WIPHFSP_S3_P4_B3_C036"":{""rank_L25"":4,""rank_L33"":4,""rank_L50"":4,""rank_span"":0,""candidate_low_wip_robustness"":1.0},""WIPHFSP_S3_P4_B3_C032"":{""rank_L25"":2,""rank_L33"":2,""rank_L50"":2,""rank_span"":0,""candidate_low_wip_robustness"":1.0},""WIPHFSP_S3_P4_B3_C093"":{""rank_L25"":3,""rank_L33"":3,""rank_L50"":3,""rank_span"":0,""candidate_low_wip_robustness"":1.0},""WIPHFSP_S3_P4_B3_C031"":{""rank_L25"":1,""rank_L33"":1,""rank_L50"":1,""rank_span"":0,""candidate_low_wip_robustness"":1.0},""WIPHFSP_S3_P4_B3_C075"":{""rank_L25"":5,""rank_L33"":5,""rank_L50"":5,""rank_span"":0,""candidate_low_wip_robustness"":1.0}}",0.9999999999999998,0.9999999999999998,0.9999999999999998,0.9999999999999997,hierarchical_low_wip_buffer_relevance
S4_P1_B1,"[""WIPHFSP_S4_P1_B1_C093"",""WIPHFSP_S4_P1_B1_C009"",""WIPHFSP_S4_P1_B1_C033"",""WIPHFSP_S4_P1_B1_C003"",""WIPHFSP_S4_P1_B1_C041""]","[""WIPHFSP_S4_P1_B1_C041"",""WIPHFSP_S4_P1_B1_C093""]","{""WIPHFSP_S4_P1_B1_C041"":1.0,""WIPHFSP_S4_P1_B1_C093"":1.0}","{""WIPHFSP_S4_P1_B1_C093"":{""rank_L25"":4,""rank_L33"":4,""rank_L50"":4,""rank_span"":0,""candidate_low_wip_robustness"":1.0},""WIPHFSP_S4_P1_B1_C009"":{""rank_L25"":5,""rank_L33"":5,""rank_L50"":5,""rank_span"":0,""candidate_low_wip_robustness"":1.0},""WIPHFSP_S4_P1_B1_C033"":{""rank_L25"":3,""rank_L33"":3,""rank_L50"":3,""rank_span"":0,""candidate_low_wip_robustness"":1.0},""WIPHFSP_S4_P1_B1_C003"":{""rank_L25"":1,""rank_L33"":1,""rank_L50"":1,""rank_span"":0,""candidate_low_wip_robustness"":1.0},""WIPHFSP_S4_P1_B1_C041"":{""rank_L25"":2,""rank_L33"":2,""rank_L50"":2,""rank_span"":0,""candidate_low_wip_robustness"":1.0}}",0.9999999999999998,0.9999999999999998,0.9999999999999998,0.9999999999999997,hierarchical_low_wip_buffer_relevance
S4_P1_B2,"[""WIPHFSP_S4_P1_B2_C080"",""WIPHFSP_S4_P1_B2_C084"",""WIPHFSP_S4_P1_B2_C072"",""WIPHFSP_S4_P1_B2_C038"",""WIPHFSP_S4_P1_B2_C051""]","[""WIPHFSP_S4_P1_B2_C038"",""WIPHFSP_S4_P1_B2_C072""]","{""WIPHFSP_S4_P1_B2_C038"":1.0,""WIPHFSP_S4_P1_B2_C072"":1.0}","{""WIPHFSP_S4_P1_B2_C080"":{""rank_L25"":1,""rank_L33"":1,""rank_L50"":1,""rank_span"":0,""candidate_low_wip_robustness"":1.0},""WIPHFSP_S4_P1_B2_C084"":{""rank_L25"":4,""rank_L33"":4,""rank_L50"":4,""rank_span"":0,""candidate_low_wip_robustness"":1.0},""WIPHFSP_S4_P1_B2_C072"":{""rank_L25"":2,""rank_L33"":2,""rank_L50"":2,""rank_span"":0,""candidate_low_wip_robustness"":1.0},""WIPHFSP_S4_P1_B2_C038"":{""rank_L25"":5,""rank_L33"":5,""rank_L50"":5,""rank_span"":0,""candidate_low_wip_robustness"":1.0},""WIPHFSP_S4_P1_B2_C051"":{""rank_L25"":3,""rank_L33"":3,""rank_L50"":3,""rank_span"":0,""candidate_low_wip_robustness"":1.0}}",0.9999999999999998,0.9999999999999998,0.9999999999999998,0.9999999999999997,hierarchical_low_wip_buffer_relevance
S4_P1_B3,"[""WIPHFSP_S4_P1_B3_C027"",""WIPHFSP_S4_P1_B3_C006"",""WIPHFSP_S4_P1_B3_C037"",""WIPHFSP_S4_P1_B3_C061"",""WIPHFSP_S4_P1_B3_C041""]","[""WIPHFSP_S4_P1_B3_C037"",""WIPHFSP_S4_P1_B3_C041""]","{""WIPHFSP_S4_P1_B3_C037"":1.0,""WIPHFSP_S4_P1_B3_C041"":1.0}","{""WIPHFSP_S4_P1_B3_C027"":{""rank_L25"":1,""rank_L33"":1,""rank_L50"":1,""rank_span"":0,""candidate_low_wip_robustness"":1.0},""WIPHFSP_S4_P1_B3_C006"":{""rank_L25"":4,""rank_L33"":4,""rank_L50"":4,""rank_span"":0,""candidate_low_wip_robustness"":1.0},""WIPHFSP_S4_P1_B3_C037"":{""rank_L25"":3,""rank_L33"":3,""rank_L50"":3,""rank_span"":0,""candidate_low_wip_robustness"":1.0},""WIPHFSP_S4_P1_B3_C061"":{""rank_L25"":2,""rank_L33"":2,""rank_L50"":2,""rank_span"":0,""candidate_low_wip_robustness"":1.0},""WIPHFSP_S4_P1_B3_C041"":{""rank_L25"":5,""rank_L33"":5,""rank_L50"":5,""rank_span"":0,""candidate_low_wip_robustness"":1.0}}",0.9999999999999998,0.9999999999999998,0.9999999999999998,0.9999999999999997,hierarchical_low_wip_buffer_relevance
S4_P2_B1,"[""WIPHFSP_S4_P2_B1_C042"",""WIPHFSP_S4_P2_B1_C013"",""WIPHFSP_S4_P2_B1_C079"",""WIPHFSP_S4_P2_B1_C025"",""WIPHFSP_S4_P2_B1_C020""]","[""WIPHFSP_S4_P2_B1_C079"",""WIPHFSP_S4_P2_B1_C013""]","{""WIPHFSP_S4_P2_B1_C079"":1.0,""WIPHFSP_S4_P2_B1_C013"":1.0}","{""WIPHFSP_S4_P2_B1_C042"":{""rank_L25"":2,""rank_L33"":2,""rank_L50"":2,""rank_span"":0,""candidate_low_wip_robustness"":1.0},""WIPHFSP_S4_P2_B1_C013"":{""rank_L25"":4,""rank_L33"":4,""rank_L50"":4,""rank_span"":0,""candidate_low_wip_robustness"":1.0},""WIPHFSP_S4_P2_B1_C079"":{""rank_L25"":1,""rank_L33"":1,""rank_L50"":1,""rank_span"":0,""candidate_low_wip_robustness"":1.0},""WIPHFSP_S4_P2_B1_C025"":{""rank_L25"":3,""rank_L33"":3,""rank_L50"":3,""rank_span"":0,""candidate_low_wip_robustness"":1.0},""WIPHFSP_S4_P2_B1_C020"":{""rank_L25"":5,""rank_L33"":5,""rank_L50"":5,""rank_span"":0,""candidate_low_wip_robustness"":1.0}}",0.9999999999999998,0.9999999999999998,0.9999999999999998,0.9999999999999997,hierarchical_low_wip_buffer_relevance
S4_P2_B2,"[""WIPHFSP_S4_P2_B2_C083"",""WIPHFSP_S4_P2_B2_C015"",""WIPHFSP_S4_P2_B2_C006"",""WIPHFSP_S4_P2_B2_C021"",""WIPHFSP_S4_P2_B2_C023""]","[""WIPHFSP_S4_P2_B2_C015"",""WIPHFSP_S4_P2_B2_C006""]","{""WIPHFSP_S4_P2_B2_C015"":1.0,""WIPHFSP_S4_P2_B2_C006"":1.0}","{""WIPHFSP_S4_P2_B2_C083"":{""rank_L25"":1,""rank_L33"":1,""rank_L50"":1,""rank_span"":0,""candidate_low_wip_robustness"":1.0},""WIPHFSP_S4_P2_B2_C015"":{""rank_L25"":2,""rank_L33"":2,""rank_L50"":2,""rank_span"":0,""candidate_low_wip_robustness"":1.0},""WIPHFSP_S4_P2_B2_C006"":{""rank_L25"":5,""rank_L33"":5,""rank_L50"":5,""rank_span"":0,""candidate_low_wip_robustness"":1.0},""WIPHFSP_S4_P2_B2_C021"":{""rank_L25"":4,""rank_L33"":4,""rank_L50"":4,""rank_span"":0,""candidate_low_wip_robustness"":1.0},""WIPHFSP_S4_P2_B2_C023"":{""rank_L25"":3,""rank_L33"":3,""rank_L50"":3,""rank_span"":0,""candidate_low_wip_robustness"":1.0}}",0.9999999999999998,0.9999999999999998,0.9999999999999998,0.9999999999999997,hierarchical_low_wip_buffer_relevance
S4_P2_B3,"[""WIPHFSP_S4_P2_B3_C073"",""WIPHFSP_S4_P2_B3_C069"",""WIPHFSP_S4_P2_B3_C002"",""WIPHFSP_S4_P2_B3_C043"",""WIPHFSP_S4_P2_B3_C096""]","[""WIPHFSP_S4_P2_B3_C073"",""WIPHFSP_S4_P2_B3_C096""]","{""WIPHFSP_S4_P2_B3_C073"":1.0,""WIPHFSP_S4_P2_B3_C096"":1.0}","{""WIPHFSP_S4_P2_B3_C073"":{""rank_L25"":1,""rank_L33"":1,""rank_L50"":1,""rank_span"":0,""candidate_low_wip_robustness"":1.0},""WIPHFSP_S4_P2_B3_C069"":{""rank_L25"":4,""rank_L33"":4,""rank_L50"":4,""rank_span"":0,""candidate_low_wip_robustness"":1.0},""WIPHFSP_S4_P2_B3_C002"":{""rank_L25"":3,""rank_L33"":3,""rank_L50"":3,""rank_span"":0,""candidate_low_wip_robustness"":1.0},""WIPHFSP_S4_P2_B3_C043"":{""rank_L25"":5,""rank_L33"":5,""rank_L50"":5,""rank_span"":0,""candidate_low_wip_robustness"":1.0},""WIPHFSP_S4_P2_B3_C096"":{""rank_L25"":2,""rank_L33"":2,""rank_L50"":2,""rank_span"":0,""candidate_low_wip_robustness"":1.0}}",0.9999999999999998,0.9999999999999998,0.9999999999999998,0.9999999999999997,hierarchical_low_wip_buffer_relevance
S4_P3_B1,"[""WIPHFSP_S4_P3_B1_C068"",""WIPHFSP_S4_P3_B1_C025"",""WIPHFSP_S4_P3_B1_C095"",""WIPHFSP_S4_P3_B1_C094"",""WIPHFSP_S4_P3_B1_C084""]","[""WIPHFSP_S4_P3_B1_C094"",""WIPHFSP_S4_P3_B1_C025""]","{""WIPHFSP_S4_P3_B1_C094"":1.0,""WIPHFSP_S4_P3_B1_C025"":1.0}","{""WIPHFSP_S4_P3_B1_C068"":{""rank_L25"":3,""rank_L33"":3,""rank_L50"":3,""rank_span"":0,""candidate_low_wip_robustness"":1.0},""WIPHFSP_S4_P3_B1_C025"":{""rank_L25"":1,""rank_L33"":1,""rank_L50"":1,""rank_span"":0,""candidate_low_wip_robustness"":1.0},""WIPHFSP_S4_P3_B1_C095"":{""rank_L25"":2,""rank_L33"":2,""rank_L50"":2,""rank_span"":0,""candidate_low_wip_robustness"":1.0},""WIPHFSP_S4_P3_B1_C094"":{""rank_L25"":4,""rank_L33"":4,""rank_L50"":4,""rank_span"":0,""candidate_low_wip_robustness"":1.0},""WIPHFSP_S4_P3_B1_C084"":{""rank_L25"":5,""rank_L33"":5,""rank_L50"":5,""rank_span"":0,""candidate_low_wip_robustness"":1.0}}",0.9999999999999998,0.9999999999999998,0.9999999999999998,0.9999999999999997,hierarchical_low_wip_buffer_relevance
S4_P3_B2,"[""WIPHFSP_S4_P3_B2_C061"",""WIPHFSP_S4_P3_B2_C090"",""WIPHFSP_S4_P3_B2_C094"",""WIPHFSP_S4_P3_B2_C035"",""WIPHFSP_S4_P3_B2_C030""]","[""WIPHFSP_S4_P3_B2_C030"",""WIPHFSP_S4_P3_B2_C061""]","{""WIPHFSP_S4_P3_B2_C030"":1.0,""WIPHFSP_S4_P3_B2_C061"":1.0}","{""WIPHFSP_S4_P3_B2_C061"":{""rank_L25"":2,""rank_L33"":2,""rank_L50"":2,""rank_span"":0,""candidate_low_wip_robustness"":1.0},""WIPHFSP_S4_P3_B2_C090"":{""rank_L25"":4,""rank_L33"":4,""rank_L50"":4,""rank_span"":0,""candidate_low_wip_robustness"":1.0},""WIPHFSP_S4_P3_B2_C094"":{""rank_L25"":5,""rank_L33"":5,""rank_L50"":5,""rank_span"":0,""candidate_low_wip_robustness"":1.0},""WIPHFSP_S4_P3_B2_C035"":{""rank_L25"":1,""rank_L33"":1,""rank_L50"":1,""rank_span"":0,""candidate_low_wip_robustness"":1.0},""WIPHFSP_S4_P3_B2_C030"":{""rank_L25"":3,""rank_L33"":3,""rank_L50"":3,""rank_span"":0,""candidate_low_wip_robustness"":1.0}}",0.9999999999999998,0.9999999999999998,0.9999999999999998,0.9999999999999997,hierarchical_low_wip_buffer_relevance
S4_P3_B3,"[""WIPHFSP_S4_P3_B3_C045"",""WIPHFSP_S4_P3_B3_C058"",""WIPHFSP_S4_P3_B3_C072"",""WIPHFSP_S4_P3_B3_C018"",""WIPHFSP_S4_P3_B3_C061""]","[""WIPHFSP_S4_P3_B3_C061"",""WIPHFSP_S4_P3_B3_C045""]","{""WIPHFSP_S4_P3_B3_C061"":1.0,""WIPHFSP_S4_P3_B3_C045"":1.0}","{""WIPHFSP_S4_P3_B3_C045"":{""rank_L25"":3,""rank_L33"":3,""rank_L50"":3,""rank_span"":0,""candidate_low_wip_robustness"":1.0},""WIPHFSP_S4_P3_B3_C058"":{""rank_L25"":2,""rank_L33"":2,""rank_L50"":2,""rank_span"":0,""candidate_low_wip_robustness"":1.0},""WIPHFSP_S4_P3_B3_C072"":{""rank_L25"":5,""rank_L33"":5,""rank_L50"":5,""rank_span"":0,""candidate_low_wip_robustness"":1.0},""WIPHFSP_S4_P3_B3_C018"":{""rank_L25"":4,""rank_L33"":4,""rank_L50"":4,""rank_span"":0,""candidate_low_wip_robustness"":1.0},""WIPHFSP_S4_P3_B3_C061"":{""rank_L25"":1,""rank_L33"":1,""rank_L50"":1,""rank_span"":0,""candidate_low_wip_robustness"":1.0}}",0.9999999999999998,0.9999999999999998,0.9999999999999998,0.9999999999999997,hierarchical_low_wip_buffer_relevance
S4_P4_B1,"[""WIPHFSP_S4_P4_B1_C094"",""WIPHFSP_S4_P4_B1_C060"",""WIPHFSP_S4_P4_B1_C044"",""WIPHFSP_S4_P4_B1_C026"",""WIPHFSP_S4_P4_B1_C039""]","[""WIPHFSP_S4_P4_B1_C094"",""WIPHFSP_S4_P4_B1_C026""]","{""WIPHFSP_S4_P4_B1_C094"":1.0,""WIPHFSP_S4_P4_B1_C026"":1.0}","{""WIPHFSP_S4_P4_B1_C094"":{""rank_L25"":3,""rank_L33"":3,""rank_L50"":3,""rank_span"":0,""candidate_low_wip_robustness"":1.0},""WIPHFSP_S4_P4_B1_C060"":{""rank_L25"":2,""rank_L33"":2,""rank_L50"":2,""rank_span"":0,""candidate_low_wip_robustness"":1.0},""WIPHFSP_S4_P4_B1_C044"":{""rank_L25"":5,""rank_L33"":5,""rank_L50"":5,""rank_span"":0,""candidate_low_wip_robustness"":1.0},""WIPHFSP_S4_P4_B1_C026"":{""rank_L25"":4,""rank_L33"":4,""rank_L50"":4,""rank_span"":0,""candidate_low_wip_robustness"":1.0},""WIPHFSP_S4_P4_B1_C039"":{""rank_L25"":1,""rank_L33"":1,""rank_L50"":1,""rank_span"":0,""candidate_low_wip_robustness"":1.0}}",0.9999999999999998,0.9999999999999998,0.9999999999999998,0.9999999999999997,hierarchical_low_wip_buffer_relevance
S4_P4_B2,"[""WIPHFSP_S4_P4_B2_C056"",""WIPHFSP_S4_P4_B2_C066"",""WIPHFSP_S4_P4_B2_C070"",""WIPHFSP_S4_P4_B2_C059"",""WIPHFSP_S4_P4_B2_C018""]","[""WIPHFSP_S4_P4_B2_C018"",""WIPHFSP_S4_P4_B2_C066""]","{""WIPHFSP_S4_P4_B2_C018"":1.0,""WIPHFSP_S4_P4_B2_C066"":1.0}","{""WIPHFSP_S4_P4_B2_C056"":{""rank_L25"":3,""rank_L33"":3,""rank_L50"":3,""rank_span"":0,""candidate_low_wip_robustness"":1.0},""WIPHFSP_S4_P4_B2_C066"":{""rank_L25"":1,""rank_L33"":1,""rank_L50"":1,""rank_span"":0,""candidate_low_wip_robustness"":1.0},""WIPHFSP_S4_P4_B2_C070"":{""rank_L25"":2,""rank_L33"":2,""rank_L50"":2,""rank_span"":0,""candidate_low_wip_robustness"":1.0},""WIPHFSP_S4_P4_B2_C059"":{""rank_L25"":4,""rank_L33"":4,""rank_L50"":4,""rank_span"":0,""candidate_low_wip_robustness"":1.0},""WIPHFSP_S4_P4_B2_C018"":{""rank_L25"":5,""rank_L33"":5,""rank_L50"":5,""rank_span"":0,""candidate_low_wip_robustness"":1.0}}",0.9999999999999998,0.9999999999999998,0.9999999999999998,0.9999999999999997,hierarchical_low_wip_buffer_relevance
S4_P4_B3,"[""WIPHFSP_S4_P4_B3_C094"",""WIPHFSP_S4_P4_B3_C037"",""WIPHFSP_S4_P4_B3_C070"",""WIPHFSP_S4_P4_B3_C098"",""WIPHFSP_S4_P4_B3_C030""]","[""WIPHFSP_S4_P4_B3_C030"",""WIPHFSP_S4_P4_B3_C094""]","{""WIPHFSP_S4_P4_B3_C030"":1.0,""WIPHFSP_S4_P4_B3_C094"":1.0}","{""WIPHFSP_S4_P4_B3_C094"":{""rank_L25"":1,""rank_L33"":1,""rank_L50"":1,""rank_span"":0,""candidate_low_wip_robustness"":1.0},""WIPHFSP_S4_P4_B3_C037"":{""rank_L25"":2,""rank_L33"":2,""rank_L50"":2,""rank_span"":0,""candidate_low_wip_robustness"":1.0},""WIPHFSP_S4_P4_B3_C070"":{""rank_L25"":3,""rank_L33"":3,""rank_L50"":3,""rank_span"":0,""candidate_low_wip_robustness"":1.0},""WIPHFSP_S4_P4_B3_C098"":{""rank_L25"":5,""rank_L33"":5,""rank_L50"":5,""rank_span"":0,""candidate_low_wip_robustness"":1.0},""WIPHFSP_S4_P4_B3_C030"":{""rank_L25"":4,""rank_L33"":4,""rank_L50"":4,""rank_span"":0,""candidate_low_wip_robustness"":1.0}}",0.9999999999999998,0.9999999999999998,0.9999999999999998,0.9999999999999997,hierarchical_low_wip_buffer_relevance
S5_P1_B1,"[""WIPHFSP_S5_P1_B1_C050"",""WIPHFSP_S5_P1_B1_C090"",""WIPHFSP_S5_P1_B1_C058"",""WIPHFSP_S5_P1_B1_C038"",""WIPHFSP_S5_P1_B1_C049""]","[""WIPHFSP_S5_P1_B1_C038"",""WIPHFSP_S5_P1_B1_C050""]","{""WIPHFSP_S5_P1_B1_C038"":1.0,""WIPHFSP_S5_P1_B1_C050"":1.0}","{""WIPHFSP_S5_P1_B1_C050"":{""rank_L25"":3,""rank_L33"":3,""rank_L50"":3,""rank_span"":0,""candidate_low_wip_robustness"":1.0},""WIPHFSP_S5_P1_B1_C090"":{""rank_L25"":2,""rank_L33"":2,""rank_L50"":2,""rank_span"":0,""candidate_low_wip_robustness"":1.0},""WIPHFSP_S5_P1_B1_C058"":{""rank_L25"":4,""rank_L33"":4,""rank_L50"":4,""rank_span"":0,""candidate_low_wip_robustness"":1.0},""WIPHFSP_S5_P1_B1_C038"":{""rank_L25"":1,""rank_L33"":1,""rank_L50"":1,""rank_span"":0,""candidate_low_wip_robustness"":1.0},""WIPHFSP_S5_P1_B1_C049"":{""rank_L25"":5,""rank_L33"":5,""rank_L50"":5,""rank_span"":0,""candidate_low_wip_robustness"":1.0}}",0.9999999999999998,0.9999999999999998,0.9999999999999998,0.9999999999999997,hierarchical_low_wip_buffer_relevance
S5_P1_B2,"[""WIPHFSP_S5_P1_B2_C072"",""WIPHFSP_S5_P1_B2_C068"",""WIPHFSP_S5_P1_B2_C086"",""WIPHFSP_S5_P1_B2_C095"",""WIPHFSP_S5_P1_B2_C036""]","[""WIPHFSP_S5_P1_B2_C068"",""WIPHFSP_S5_P1_B2_C086""]","{""WIPHFSP_S5_P1_B2_C068"":1.0,""WIPHFSP_S5_P1_B2_C086"":1.0}","{""WIPHFSP_S5_P1_B2_C072"":{""rank_L25"":1,""rank_L33"":1,""rank_L50"":1,""rank_span"":0,""candidate_low_wip_robustness"":1.0},""WIPHFSP_S5_P1_B2_C068"":{""rank_L25"":3,""rank_L33"":3,""rank_L50"":3,""rank_span"":0,""candidate_low_wip_robustness"":1.0},""WIPHFSP_S5_P1_B2_C086"":{""rank_L25"":2,""rank_L33"":2,""rank_L50"":2,""rank_span"":0,""candidate_low_wip_robustness"":1.0},""WIPHFSP_S5_P1_B2_C095"":{""rank_L25"":4,""rank_L33"":4,""rank_L50"":4,""rank_span"":0,""candidate_low_wip_robustness"":1.0},""WIPHFSP_S5_P1_B2_C036"":{""rank_L25"":5,""rank_L33"":5,""rank_L50"":5,""rank_span"":0,""candidate_low_wip_robustness"":1.0}}",0.9999999999999998,0.9999999999999998,0.9999999999999998,0.9999999999999997,hierarchical_low_wip_buffer_relevance
S5_P1_B3,"[""WIPHFSP_S5_P1_B3_C062"",""WIPHFSP_S5_P1_B3_C069"",""WIPHFSP_S5_P1_B3_C049"",""WIPHFSP_S5_P1_B3_C018"",""WIPHFSP_S5_P1_B3_C066""]","[""WIPHFSP_S5_P1_B3_C018"",""WIPHFSP_S5_P1_B3_C049""]","{""WIPHFSP_S5_P1_B3_C018"":1.0,""WIPHFSP_S5_P1_B3_C049"":1.0}","{""WIPHFSP_S5_P1_B3_C062"":{""rank_L25"":1,""rank_L33"":1,""rank_L50"":1,""rank_span"":0,""candidate_low_wip_robustness"":1.0},""WIPHFSP_S5_P1_B3_C069"":{""rank_L25"":2,""rank_L33"":2,""rank_L50"":2,""rank_span"":0,""candidate_low_wip_robustness"":1.0},""WIPHFSP_S5_P1_B3_C049"":{""rank_L25"":5,""rank_L33"":5,""rank_L50"":5,""rank_span"":0,""candidate_low_wip_robustness"":1.0},""WIPHFSP_S5_P1_B3_C018"":{""rank_L25"":3,""rank_L33"":3,""rank_L50"":3,""rank_span"":0,""candidate_low_wip_robustness"":1.0},""WIPHFSP_S5_P1_B3_C066"":{""rank_L25"":4,""rank_L33"":4,""rank_L50"":4,""rank_span"":0,""candidate_low_wip_robustness"":1.0}}",0.9999999999999998,0.9999999999999998,0.9999999999999998,0.9999999999999997,hierarchical_low_wip_buffer_relevance
S5_P2_B1,"[""WIPHFSP_S5_P2_B1_C084"",""WIPHFSP_S5_P2_B1_C018"",""WIPHFSP_S5_P2_B1_C077"",""WIPHFSP_S5_P2_B1_C010"",""WIPHFSP_S5_P2_B1_C035""]","[""WIPHFSP_S5_P2_B1_C010"",""WIPHFSP_S5_P2_B1_C084""]","{""WIPHFSP_S5_P2_B1_C010"":1.0,""WIPHFSP_S5_P2_B1_C084"":1.0}","{""WIPHFSP_S5_P2_B1_C084"":{""rank_L25"":5,""rank_L33"":5,""rank_L50"":5,""rank_span"":0,""candidate_low_wip_robustness"":1.0},""WIPHFSP_S5_P2_B1_C018"":{""rank_L25"":3,""rank_L33"":3,""rank_L50"":3,""rank_span"":0,""candidate_low_wip_robustness"":1.0},""WIPHFSP_S5_P2_B1_C077"":{""rank_L25"":1,""rank_L33"":1,""rank_L50"":1,""rank_span"":0,""candidate_low_wip_robustness"":1.0},""WIPHFSP_S5_P2_B1_C010"":{""rank_L25"":2,""rank_L33"":2,""rank_L50"":2,""rank_span"":0,""candidate_low_wip_robustness"":1.0},""WIPHFSP_S5_P2_B1_C035"":{""rank_L25"":4,""rank_L33"":4,""rank_L50"":4,""rank_span"":0,""candidate_low_wip_robustness"":1.0}}",0.9999999999999998,0.9999999999999998,0.9999999999999998,0.9999999999999997,hierarchical_low_wip_buffer_relevance
S5_P2_B2,"[""WIPHFSP_S5_P2_B2_C050"",""WIPHFSP_S5_P2_B2_C032"",""WIPHFSP_S5_P2_B2_C077"",""WIPHFSP_S5_P2_B2_C095"",""WIPHFSP_S5_P2_B2_C015""]","[""WIPHFSP_S5_P2_B2_C015"",""WIPHFSP_S5_P2_B2_C032""]","{""WIPHFSP_S5_P2_B2_C015"":1.0,""WIPHFSP_S5_P2_B2_C032"":1.0}","{""WIPHFSP_S5_P2_B2_C050"":{""rank_L25"":5,""rank_L33"":5,""rank_L50"":5,""rank_span"":0,""candidate_low_wip_robustness"":1.0},""WIPHFSP_S5_P2_B2_C032"":{""rank_L25"":2,""rank_L33"":2,""rank_L50"":2,""rank_span"":0,""candidate_low_wip_robustness"":1.0},""WIPHFSP_S5_P2_B2_C077"":{""rank_L25"":4,""rank_L33"":4,""rank_L50"":4,""rank_span"":0,""candidate_low_wip_robustness"":1.0},""WIPHFSP_S5_P2_B2_C095"":{""rank_L25"":3,""rank_L33"":3,""rank_L50"":3,""rank_span"":0,""candidate_low_wip_robustness"":1.0},""WIPHFSP_S5_P2_B2_C015"":{""rank_L25"":1,""rank_L33"":1,""rank_L50"":1,""rank_span"":0,""candidate_low_wip_robustness"":1.0}}",0.9999999999999998,0.9999999999999998,0.9999999999999998,0.9999999999999997,hierarchical_low_wip_buffer_relevance
S5_P2_B3,"[""WIPHFSP_S5_P2_B3_C016"",""WIPHFSP_S5_P2_B3_C041"",""WIPHFSP_S5_P2_B3_C019"",""WIPHFSP_S5_P2_B3_C056"",""WIPHFSP_S5_P2_B3_C082""]","[""WIPHFSP_S5_P2_B3_C056"",""WIPHFSP_S5_P2_B3_C019""]","{""WIPHFSP_S5_P2_B3_C056"":1.0,""WIPHFSP_S5_P2_B3_C019"":1.0}","{""WIPHFSP_S5_P2_B3_C016"":{""rank_L25"":3,""rank_L33"":3,""rank_L50"":3,""rank_span"":0,""candidate_low_wip_robustness"":1.0},""WIPHFSP_S5_P2_B3_C041"":{""rank_L25"":4,""rank_L33"":4,""rank_L50"":4,""rank_span"":0,""candidate_low_wip_robustness"":1.0},""WIPHFSP_S5_P2_B3_C019"":{""rank_L25"":2,""rank_L33"":2,""rank_L50"":2,""rank_span"":0,""candidate_low_wip_robustness"":1.0},""WIPHFSP_S5_P2_B3_C056"":{""rank_L25"":1,""rank_L33"":1,""rank_L50"":1,""rank_span"":0,""candidate_low_wip_robustness"":1.0},""WIPHFSP_S5_P2_B3_C082"":{""rank_L25"":5,""rank_L33"":5,""rank_L50"":5,""rank_span"":0,""candidate_low_wip_robustness"":1.0}}",0.9999999999999998,0.9999999999999998,0.9999999999999998,0.9999999999999997,hierarchical_low_wip_buffer_relevance
S5_P3_B1,"[""WIPHFSP_S5_P3_B1_C097"",""WIPHFSP_S5_P3_B1_C006"",""WIPHFSP_S5_P3_B1_C049"",""WIPHFSP_S5_P3_B1_C098"",""WIPHFSP_S5_P3_B1_C065""]","[""WIPHFSP_S5_P3_B1_C049"",""WIPHFSP_S5_P3_B1_C065""]","{""WIPHFSP_S5_P3_B1_C049"":1.0,""WIPHFSP_S5_P3_B1_C065"":1.0}","{""WIPHFSP_S5_P3_B1_C097"":{""rank_L25"":4,""rank_L33"":4,""rank_L50"":4,""rank_span"":0,""candidate_low_wip_robustness"":1.0},""WIPHFSP_S5_P3_B1_C006"":{""rank_L25"":3,""rank_L33"":3,""rank_L50"":3,""rank_span"":0,""candidate_low_wip_robustness"":1.0},""WIPHFSP_S5_P3_B1_C049"":{""rank_L25"":2,""rank_L33"":2,""rank_L50"":2,""rank_span"":0,""candidate_low_wip_robustness"":1.0},""WIPHFSP_S5_P3_B1_C098"":{""rank_L25"":5,""rank_L33"":5,""rank_L50"":5,""rank_span"":0,""candidate_low_wip_robustness"":1.0},""WIPHFSP_S5_P3_B1_C065"":{""rank_L25"":1,""rank_L33"":1,""rank_L50"":1,""rank_span"":0,""candidate_low_wip_robustness"":1.0}}",0.9999999999999998,0.9999999999999998,0.9999999999999998,0.9999999999999997,hierarchical_low_wip_buffer_relevance
S5_P3_B2,"[""WIPHFSP_S5_P3_B2_C006"",""WIPHFSP_S5_P3_B2_C055"",""WIPHFSP_S5_P3_B2_C014"",""WIPHFSP_S5_P3_B2_C009"",""WIPHFSP_S5_P3_B2_C080""]","[""WIPHFSP_S5_P3_B2_C009"",""WIPHFSP_S5_P3_B2_C014""]","{""WIPHFSP_S5_P3_B2_C009"":1.0,""WIPHFSP_S5_P3_B2_C014"":1.0}","{""WIPHFSP_S5_P3_B2_C006"":{""rank_L25"":3,""rank_L33"":3,""rank_L50"":3,""rank_span"":0,""candidate_low_wip_robustness"":1.0},""WIPHFSP_S5_P3_B2_C055"":{""rank_L25"":5,""rank_L33"":5,""rank_L50"":5,""rank_span"":0,""candidate_low_wip_robustness"":1.0},""WIPHFSP_S5_P3_B2_C014"":{""rank_L25"":4,""rank_L33"":4,""rank_L50"":4,""rank_span"":0,""candidate_low_wip_robustness"":1.0},""WIPHFSP_S5_P3_B2_C009"":{""rank_L25"":2,""rank_L33"":2,""rank_L50"":2,""rank_span"":0,""candidate_low_wip_robustness"":1.0},""WIPHFSP_S5_P3_B2_C080"":{""rank_L25"":1,""rank_L33"":1,""rank_L50"":1,""rank_span"":0,""candidate_low_wip_robustness"":1.0}}",0.9999999999999998,0.9999999999999998,0.9999999999999998,0.9999999999999997,hierarchical_low_wip_buffer_relevance
S5_P3_B3,"[""WIPHFSP_S5_P3_B3_C095"",""WIPHFSP_S5_P3_B3_C004"",""WIPHFSP_S5_P3_B3_C023"",""WIPHFSP_S5_P3_B3_C008"",""WIPHFSP_S5_P3_B3_C070""]","[""WIPHFSP_S5_P3_B3_C004"",""WIPHFSP_S5_P3_B3_C023""]","{""WIPHFSP_S5_P3_B3_C004"":1.0,""WIPHFSP_S5_P3_B3_C023"":1.0}","{""WIPHFSP_S5_P3_B3_C095"":{""rank_L25"":3,""rank_L33"":3,""rank_L50"":3,""rank_span"":0,""candidate_low_wip_robustness"":1.0},""WIPHFSP_S5_P3_B3_C004"":{""rank_L25"":5,""rank_L33"":5,""rank_L50"":5,""rank_span"":0,""candidate_low_wip_robustness"":1.0},""WIPHFSP_S5_P3_B3_C023"":{""rank_L25"":1,""rank_L33"":1,""rank_L50"":1,""rank_span"":0,""candidate_low_wip_robustness"":1.0},""WIPHFSP_S5_P3_B3_C008"":{""rank_L25"":4,""rank_L33"":4,""rank_L50"":4,""rank_span"":0,""candidate_low_wip_robustness"":1.0},""WIPHFSP_S5_P3_B3_C070"":{""rank_L25"":2,""rank_L33"":2,""rank_L50"":2,""rank_span"":0,""candidate_low_wip_robustness"":1.0}}",0.9999999999999998,0.9999999999999998,0.9999999999999998,0.9999999999999997,hierarchical_low_wip_buffer_relevance
S5_P4_B1,"[""WIPHFSP_S5_P4_B1_C093"",""WIPHFSP_S5_P4_B1_C070"",""WIPHFSP_S5_P4_B1_C058"",""WIPHFSP_S5_P4_B1_C081"",""WIPHFSP_S5_P4_B1_C060""]","[""WIPHFSP_S5_P4_B1_C058"",""WIPHFSP_S5_P4_B1_C060""]","{""WIPHFSP_S5_P4_B1_C058"":1.0,""WIPHFSP_S5_P4_B1_C060"":1.0}","{""WIPHFSP_S5_P4_B1_C093"":{""rank_L25"":2,""rank_L33"":2,""rank_L50"":2,""rank_span"":0,""candidate_low_wip_robustness"":1.0},""WIPHFSP_S5_P4_B1_C070"":{""rank_L25"":5,""rank_L33"":5,""rank_L50"":5,""rank_span"":0,""candidate_low_wip_robustness"":1.0},""WIPHFSP_S5_P4_B1_C058"":{""rank_L25"":4,""rank_L33"":4,""rank_L50"":4,""rank_span"":0,""candidate_low_wip_robustness"":1.0},""WIPHFSP_S5_P4_B1_C081"":{""rank_L25"":1,""rank_L33"":1,""rank_L50"":1,""rank_span"":0,""candidate_low_wip_robustness"":1.0},""WIPHFSP_S5_P4_B1_C060"":{""rank_L25"":3,""rank_L33"":3,""rank_L50"":3,""rank_span"":0,""candidate_low_wip_robustness"":1.0}}",0.9999999999999998,0.9999999999999998,0.9999999999999998,0.9999999999999997,hierarchical_low_wip_buffer_relevance
S5_P4_B2,"[""WIPHFSP_S5_P4_B2_C027"",""WIPHFSP_S5_P4_B2_C040"",""WIPHFSP_S5_P4_B2_C037"",""WIPHFSP_S5_P4_B2_C039"",""WIPHFSP_S5_P4_B2_C073""]","[""WIPHFSP_S5_P4_B2_C039"",""WIPHFSP_S5_P4_B2_C037""]","{""WIPHFSP_S5_P4_B2_C039"":1.0,""WIPHFSP_S5_P4_B2_C037"":1.0}","{""WIPHFSP_S5_P4_B2_C027"":{""rank_L25"":1,""rank_L33"":1,""rank_L50"":1,""rank_span"":0,""candidate_low_wip_robustness"":1.0},""WIPHFSP_S5_P4_B2_C040"":{""rank_L25"":4,""rank_L33"":4,""rank_L50"":4,""rank_span"":0,""candidate_low_wip_robustness"":1.0},""WIPHFSP_S5_P4_B2_C037"":{""rank_L25"":2,""rank_L33"":2,""rank_L50"":2,""rank_span"":0,""candidate_low_wip_robustness"":1.0},""WIPHFSP_S5_P4_B2_C039"":{""rank_L25"":3,""rank_L33"":3,""rank_L50"":3,""rank_span"":0,""candidate_low_wip_robustness"":1.0},""WIPHFSP_S5_P4_B2_C073"":{""rank_L25"":5,""rank_L33"":5,""rank_L50"":5,""rank_span"":0,""candidate_low_wip_robustness"":1.0}}",0.9999999999999998,0.9999999999999998,0.9999999999999998,0.9999999999999997,hierarchical_low_wip_buffer_relevance
S5_P4_B3,"[""WIPHFSP_S5_P4_B3_C099"",""WIPHFSP_S5_P4_B3_C057"",""WIPHFSP_S5_P4_B3_C001"",""WIPHFSP_S5_P4_B3_C040"",""WIPHFSP_S5_P4_B3_C091""]","[""WIPHFSP_S5_P4_B3_C040"",""WIPHFSP_S5_P4_B3_C057""]","{""WIPHFSP_S5_P4_B3_C040"":1.0,""WIPHFSP_S5_P4_B3_C057"":1.0}","{""WIPHFSP_S5_P4_B3_C099"":{""rank_L25"":1,""rank_L33"":1,""rank_L50"":1,""rank_span"":0,""candidate_low_wip_robustness"":1.0},""WIPHFSP_S5_P4_B3_C057"":{""rank_L25"":4,""rank_L33"":4,""rank_L50"":4,""rank_span"":0,""candidate_low_wip_robustness"":1.0},""WIPHFSP_S5_P4_B3_C001"":{""rank_L25"":2,""rank_L33"":2,""rank_L50"":2,""rank_span"":0,""candidate_low_wip_robustness"":1.0},""WIPHFSP_S5_P4_B3_C040"":{""rank_L25"":5,""rank_L33"":5,""rank_L50"":5,""rank_span"":0,""candidate_low_wip_robustness"":1.0},""WIPHFSP_S5_P4_B3_C091"":{""rank_L25"":3,""rank_L33"":3,""rank_L50"":3,""rank_span"":0,""candidate_low_wip_robustness"":1.0}}",0.9999999999999998,0.9999999999999998,0.9999999999999998,0.9999999999999997,hierarchical_low_wip_buffer_relevance
S6_P1_B1,"[""WIPHFSP_S6_P1_B1_C064"",""WIPHFSP_S6_P1_B1_C086"",""WIPHFSP_S6_P1_B1_C009"",""WIPHFSP_S6_P1_B1_C018"",""WIPHFSP_S6_P1_B1_C045""]","[""WIPHFSP_S6_P1_B1_C009"",""WIPHFSP_S6_P1_B1_C086""]","{""WIPHFSP_S6_P1_B1_C009"":1.0,""WIPHFSP_S6_P1_B1_C086"":1.0}","{""WIPHFSP_S6_P1_B1_C064"":{""rank_L25"":1,""rank_L33"":1,""rank_L50"":1,""rank_span"":0,""candidate_low_wip_robustness"":1.0},""WIPHFSP_S6_P1_B1_C086"":{""rank_L25"":2,""rank_L33"":2,""rank_L50"":2,""rank_span"":0,""candidate_low_wip_robustness"":1.0},""WIPHFSP_S6_P1_B1_C009"":{""rank_L25"":3,""rank_L33"":3,""rank_L50"":3,""rank_span"":0,""candidate_low_wip_robustness"":1.0},""WIPHFSP_S6_P1_B1_C018"":{""rank_L25"":5,""rank_L33"":5,""rank_L50"":5,""rank_span"":0,""candidate_low_wip_robustness"":1.0},""WIPHFSP_S6_P1_B1_C045"":{""rank_L25"":4,""rank_L33"":4,""rank_L50"":4,""rank_span"":0,""candidate_low_wip_robustness"":1.0}}",0.9999999999999998,0.9999999999999998,0.9999999999999998,0.9999999999999997,hierarchical_low_wip_buffer_relevance
S6_P1_B2,"[""WIPHFSP_S6_P1_B2_C059"",""WIPHFSP_S6_P1_B2_C060"",""WIPHFSP_S6_P1_B2_C019"",""WIPHFSP_S6_P1_B2_C009"",""WIPHFSP_S6_P1_B2_C090""]","[""WIPHFSP_S6_P1_B2_C059"",""WIPHFSP_S6_P1_B2_C019""]","{""WIPHFSP_S6_P1_B2_C059"":1.0,""WIPHFSP_S6_P1_B2_C019"":1.0}","{""WIPHFSP_S6_P1_B2_C059"":{""rank_L25"":3,""rank_L33"":3,""rank_L50"":3,""rank_span"":0,""candidate_low_wip_robustness"":1.0},""WIPHFSP_S6_P1_B2_C060"":{""rank_L25"":2,""rank_L33"":2,""rank_L50"":2,""rank_span"":0,""candidate_low_wip_robustness"":1.0},""WIPHFSP_S6_P1_B2_C019"":{""rank_L25"":1,""rank_L33"":1,""rank_L50"":1,""rank_span"":0,""candidate_low_wip_robustness"":1.0},""WIPHFSP_S6_P1_B2_C009"":{""rank_L25"":5,""rank_L33"":5,""rank_L50"":5,""rank_span"":0,""candidate_low_wip_robustness"":1.0},""WIPHFSP_S6_P1_B2_C090"":{""rank_L25"":4,""rank_L33"":4,""rank_L50"":4,""rank_span"":0,""candidate_low_wip_robustness"":1.0}}",0.9999999999999998,0.9999999999999998,0.9999999999999998,0.9999999999999997,hierarchical_low_wip_buffer_relevance
S6_P1_B3,"[""WIPHFSP_S6_P1_B3_C035"",""WIPHFSP_S6_P1_B3_C048"",""WIPHFSP_S6_P1_B3_C078"",""WIPHFSP_S6_P1_B3_C082"",""WIPHFSP_S6_P1_B3_C024""]","[""WIPHFSP_S6_P1_B3_C078"",""WIPHFSP_S6_P1_B3_C082""]","{""WIPHFSP_S6_P1_B3_C078"":1.0,""WIPHFSP_S6_P1_B3_C082"":1.0}","{""WIPHFSP_S6_P1_B3_C035"":{""rank_L25"":2,""rank_L33"":2,""rank_L50"":2,""rank_span"":0,""candidate_low_wip_robustness"":1.0},""WIPHFSP_S6_P1_B3_C048"":{""rank_L25"":3,""rank_L33"":3,""rank_L50"":3,""rank_span"":0,""candidate_low_wip_robustness"":1.0},""WIPHFSP_S6_P1_B3_C078"":{""rank_L25"":5,""rank_L33"":5,""rank_L50"":5,""rank_span"":0,""candidate_low_wip_robustness"":1.0},""WIPHFSP_S6_P1_B3_C082"":{""rank_L25"":4,""rank_L33"":4,""rank_L50"":4,""rank_span"":0,""candidate_low_wip_robustness"":1.0},""WIPHFSP_S6_P1_B3_C024"":{""rank_L25"":1,""rank_L33"":1,""rank_L50"":1,""rank_span"":0,""candidate_low_wip_robustness"":1.0}}",0.9999999999999998,0.9999999999999998,0.9999999999999998,0.9999999999999997,hierarchical_low_wip_buffer_relevance
S6_P2_B1,"[""WIPHFSP_S6_P2_B1_C058"",""WIPHFSP_S6_P2_B1_C085"",""WIPHFSP_S6_P2_B1_C029"",""WIPHFSP_S6_P2_B1_C052"",""WIPHFSP_S6_P2_B1_C078""]","[""WIPHFSP_S6_P2_B1_C078"",""WIPHFSP_S6_P2_B1_C029""]","{""WIPHFSP_S6_P2_B1_C078"":1.0,""WIPHFSP_S6_P2_B1_C029"":1.0}","{""WIPHFSP_S6_P2_B1_C058"":{""rank_L25"":1,""rank_L33"":1,""rank_L50"":1,""rank_span"":0,""candidate_low_wip_robustness"":1.0},""WIPHFSP_S6_P2_B1_C085"":{""rank_L25"":3,""rank_L33"":3,""rank_L50"":3,""rank_span"":0,""candidate_low_wip_robustness"":1.0},""WIPHFSP_S6_P2_B1_C029"":{""rank_L25"":4,""rank_L33"":4,""rank_L50"":4,""rank_span"":0,""candidate_low_wip_robustness"":1.0},""WIPHFSP_S6_P2_B1_C052"":{""rank_L25"":5,""rank_L33"":5,""rank_L50"":5,""rank_span"":0,""candidate_low_wip_robustness"":1.0},""WIPHFSP_S6_P2_B1_C078"":{""rank_L25"":2,""rank_L33"":2,""rank_L50"":2,""rank_span"":0,""candidate_low_wip_robustness"":1.0}}",0.9999999999999998,0.9999999999999998,0.9999999999999998,0.9999999999999997,hierarchical_low_wip_buffer_relevance
S6_P2_B2,"[""WIPHFSP_S6_P2_B2_C039"",""WIPHFSP_S6_P2_B2_C044"",""WIPHFSP_S6_P2_B2_C027"",""WIPHFSP_S6_P2_B2_C016"",""WIPHFSP_S6_P2_B2_C013""]","[""WIPHFSP_S6_P2_B2_C044"",""WIPHFSP_S6_P2_B2_C039""]","{""WIPHFSP_S6_P2_B2_C044"":1.0,""WIPHFSP_S6_P2_B2_C039"":1.0}","{""WIPHFSP_S6_P2_B2_C039"":{""rank_L25"":2,""rank_L33"":2,""rank_L50"":2,""rank_span"":0,""candidate_low_wip_robustness"":1.0},""WIPHFSP_S6_P2_B2_C044"":{""rank_L25"":1,""rank_L33"":1,""rank_L50"":1,""rank_span"":0,""candidate_low_wip_robustness"":1.0},""WIPHFSP_S6_P2_B2_C027"":{""rank_L25"":4,""rank_L33"":4,""rank_L50"":4,""rank_span"":0,""candidate_low_wip_robustness"":1.0},""WIPHFSP_S6_P2_B2_C016"":{""rank_L25"":3,""rank_L33"":3,""rank_L50"":3,""rank_span"":0,""candidate_low_wip_robustness"":1.0},""WIPHFSP_S6_P2_B2_C013"":{""rank_L25"":5,""rank_L33"":5,""rank_L50"":5,""rank_span"":0,""candidate_low_wip_robustness"":1.0}}",0.9999999999999998,0.9999999999999998,0.9999999999999998,0.9999999999999997,hierarchical_low_wip_buffer_relevance
S6_P2_B3,"[""WIPHFSP_S6_P2_B3_C084"",""WIPHFSP_S6_P2_B3_C049"",""WIPHFSP_S6_P2_B3_C042"",""WIPHFSP_S6_P2_B3_C085"",""WIPHFSP_S6_P2_B3_C016""]","[""WIPHFSP_S6_P2_B3_C085"",""WIPHFSP_S6_P2_B3_C016""]","{""WIPHFSP_S6_P2_B3_C085"":1.0,""WIPHFSP_S6_P2_B3_C016"":1.0}","{""WIPHFSP_S6_P2_B3_C084"":{""rank_L25"":2,""rank_L33"":2,""rank_L50"":2,""rank_span"":0,""candidate_low_wip_robustness"":1.0},""WIPHFSP_S6_P2_B3_C049"":{""rank_L25"":4,""rank_L33"":4,""rank_L50"":4,""rank_span"":0,""candidate_low_wip_robustness"":1.0},""WIPHFSP_S6_P2_B3_C042"":{""rank_L25"":5,""rank_L33"":5,""rank_L50"":5,""rank_span"":0,""candidate_low_wip_robustness"":1.0},""WIPHFSP_S6_P2_B3_C085"":{""rank_L25"":1,""rank_L33"":1,""rank_L50"":1,""rank_span"":0,""candidate_low_wip_robustness"":1.0},""WIPHFSP_S6_P2_B3_C016"":{""rank_L25"":3,""rank_L33"":3,""rank_L50"":3,""rank_span"":0,""candidate_low_wip_robustness"":1.0}}",0.9999999999999998,0.9999999999999998,0.9999999999999998,0.9999999999999997,hierarchical_low_wip_buffer_relevance
S6_P3_B1,"[""WIPHFSP_S6_P3_B1_C033"",""WIPHFSP_S6_P3_B1_C055"",""WIPHFSP_S6_P3_B1_C041"",""WIPHFSP_S6_P3_B1_C071"",""WIPHFSP_S6_P3_B1_C047""]","[""WIPHFSP_S6_P3_B1_C041"",""WIPHFSP_S6_P3_B1_C033""]","{""WIPHFSP_S6_P3_B1_C041"":1.0,""WIPHFSP_S6_P3_B1_C033"":1.0}","{""WIPHFSP_S6_P3_B1_C033"":{""rank_L25"":1,""rank_L33"":1,""rank_L50"":1,""rank_span"":0,""candidate_low_wip_robustness"":1.0},""WIPHFSP_S6_P3_B1_C055"":{""rank_L25"":5,""rank_L33"":5,""rank_L50"":5,""rank_span"":0,""candidate_low_wip_robustness"":1.0},""WIPHFSP_S6_P3_B1_C041"":{""rank_L25"":2,""rank_L33"":2,""rank_L50"":2,""rank_span"":0,""candidate_low_wip_robustness"":1.0},""WIPHFSP_S6_P3_B1_C071"":{""rank_L25"":3,""rank_L33"":3,""rank_L50"":3,""rank_span"":0,""candidate_low_wip_robustness"":1.0},""WIPHFSP_S6_P3_B1_C047"":{""rank_L25"":4,""rank_L33"":4,""rank_L50"":4,""rank_span"":0,""candidate_low_wip_robustness"":1.0}}",0.9999999999999998,0.9999999999999998,0.9999999999999998,0.9999999999999997,hierarchical_low_wip_buffer_relevance
S6_P3_B2,"[""WIPHFSP_S6_P3_B2_C100"",""WIPHFSP_S6_P3_B2_C060"",""WIPHFSP_S6_P3_B2_C059"",""WIPHFSP_S6_P3_B2_C081"",""WIPHFSP_S6_P3_B2_C058""]","[""WIPHFSP_S6_P3_B2_C081"",""WIPHFSP_S6_P3_B2_C059""]","{""WIPHFSP_S6_P3_B2_C081"":1.0,""WIPHFSP_S6_P3_B2_C059"":1.0}","{""WIPHFSP_S6_P3_B2_C100"":{""rank_L25"":3,""rank_L33"":3,""rank_L50"":3,""rank_span"":0,""candidate_low_wip_robustness"":1.0},""WIPHFSP_S6_P3_B2_C060"":{""rank_L25"":5,""rank_L33"":5,""rank_L50"":5,""rank_span"":0,""candidate_low_wip_robustness"":1.0},""WIPHFSP_S6_P3_B2_C059"":{""rank_L25"":4,""rank_L33"":4,""rank_L50"":4,""rank_span"":0,""candidate_low_wip_robustness"":1.0},""WIPHFSP_S6_P3_B2_C081"":{""rank_L25"":2,""rank_L33"":2,""rank_L50"":2,""rank_span"":0,""candidate_low_wip_robustness"":1.0},""WIPHFSP_S6_P3_B2_C058"":{""rank_L25"":1,""rank_L33"":1,""rank_L50"":1,""rank_span"":0,""candidate_low_wip_robustness"":1.0}}",0.9999999999999998,0.9999999999999998,0.9999999999999998,0.9999999999999997,hierarchical_low_wip_buffer_relevance
S6_P3_B3,"[""WIPHFSP_S6_P3_B3_C056"",""WIPHFSP_S6_P3_B3_C055"",""WIPHFSP_S6_P3_B3_C097"",""WIPHFSP_S6_P3_B3_C007"",""WIPHFSP_S6_P3_B3_C032""]","[""WIPHFSP_S6_P3_B3_C097"",""WIPHFSP_S6_P3_B3_C056""]","{""WIPHFSP_S6_P3_B3_C097"":1.0,""WIPHFSP_S6_P3_B3_C056"":1.0}","{""WIPHFSP_S6_P3_B3_C056"":{""rank_L25"":5,""rank_L33"":5,""rank_L50"":5,""rank_span"":0,""candidate_low_wip_robustness"":1.0},""WIPHFSP_S6_P3_B3_C055"":{""rank_L25"":4,""rank_L33"":4,""rank_L50"":4,""rank_span"":0,""candidate_low_wip_robustness"":1.0},""WIPHFSP_S6_P3_B3_C097"":{""rank_L25"":2,""rank_L33"":2,""rank_L50"":2,""rank_span"":0,""candidate_low_wip_robustness"":1.0},""WIPHFSP_S6_P3_B3_C007"":{""rank_L25"":1,""rank_L33"":1,""rank_L50"":1,""rank_span"":0,""candidate_low_wip_robustness"":1.0},""WIPHFSP_S6_P3_B3_C032"":{""rank_L25"":3,""rank_L33"":3,""rank_L50"":3,""rank_span"":0,""candidate_low_wip_robustness"":1.0}}",0.9999999999999998,0.9999999999999998,0.9999999999999998,0.9999999999999997,hierarchical_low_wip_buffer_relevance
S6_P4_B1,"[""WIPHFSP_S6_P4_B1_C066"",""WIPHFSP_S6_P4_B1_C039"",""WIPHFSP_S6_P4_B1_C057"",""WIPHFSP_S6_P4_B1_C038"",""WIPHFSP_S6_P4_B1_C099""]","[""WIPHFSP_S6_P4_B1_C039"",""WIPHFSP_S6_P4_B1_C057""]","{""WIPHFSP_S6_P4_B1_C039"":1.0,""WIPHFSP_S6_P4_B1_C057"":1.0}","{""WIPHFSP_S6_P4_B1_C066"":{""rank_L25"":3,""rank_L33"":3,""rank_L50"":3,""rank_span"":0,""candidate_low_wip_robustness"":1.0},""WIPHFSP_S6_P4_B1_C039"":{""rank_L25"":1,""rank_L33"":1,""rank_L50"":1,""rank_span"":0,""candidate_low_wip_robustness"":1.0},""WIPHFSP_S6_P4_B1_C057"":{""rank_L25"":5,""rank_L33"":5,""rank_L50"":5,""rank_span"":0,""candidate_low_wip_robustness"":1.0},""WIPHFSP_S6_P4_B1_C038"":{""rank_L25"":2,""rank_L33"":2,""rank_L50"":2,""rank_span"":0,""candidate_low_wip_robustness"":1.0},""WIPHFSP_S6_P4_B1_C099"":{""rank_L25"":4,""rank_L33"":4,""rank_L50"":4,""rank_span"":0,""candidate_low_wip_robustness"":1.0}}",0.9999999999999998,0.9999999999999998,0.9999999999999998,0.9999999999999997,hierarchical_low_wip_buffer_relevance
S6_P4_B2,"[""WIPHFSP_S6_P4_B2_C053"",""WIPHFSP_S6_P4_B2_C098"",""WIPHFSP_S6_P4_B2_C041"",""WIPHFSP_S6_P4_B2_C043"",""WIPHFSP_S6_P4_B2_C023""]","[""WIPHFSP_S6_P4_B2_C098"",""WIPHFSP_S6_P4_B2_C023""]","{""WIPHFSP_S6_P4_B2_C098"":1.0,""WIPHFSP_S6_P4_B2_C023"":1.0}","{""WIPHFSP_S6_P4_B2_C053"":{""rank_L25"":2,""rank_L33"":2,""rank_L50"":2,""rank_span"":0,""candidate_low_wip_robustness"":1.0},""WIPHFSP_S6_P4_B2_C098"":{""rank_L25"":4,""rank_L33"":4,""rank_L50"":4,""rank_span"":0,""candidate_low_wip_robustness"":1.0},""WIPHFSP_S6_P4_B2_C041"":{""rank_L25"":5,""rank_L33"":5,""rank_L50"":5,""rank_span"":0,""candidate_low_wip_robustness"":1.0},""WIPHFSP_S6_P4_B2_C043"":{""rank_L25"":3,""rank_L33"":3,""rank_L50"":3,""rank_span"":0,""candidate_low_wip_robustness"":1.0},""WIPHFSP_S6_P4_B2_C023"":{""rank_L25"":1,""rank_L33"":1,""rank_L50"":1,""rank_span"":0,""candidate_low_wip_robustness"":1.0}}",0.9999999999999998,0.9999999999999998,0.9999999999999998,0.9999999999999997,hierarchical_low_wip_buffer_relevance
S6_P4_B3,"[""WIPHFSP_S6_P4_B3_C080"",""WIPHFSP_S6_P4_B3_C050"",""WIPHFSP_S6_P4_B3_C063"",""WIPHFSP_S6_P4_B3_C047"",""WIPHFSP_S6_P4_B3_C027""]","[""WIPHFSP_S6_P4_B3_C050"",""WIPHFSP_S6_P4_B3_C047""]","{""WIPHFSP_S6_P4_B3_C050"":1.0,""WIPHFSP_S6_P4_B3_C047"":1.0}","{""WIPHFSP_S6_P4_B3_C080"":{""rank_L25"":3,""rank_L33"":3,""rank_L50"":3,""rank_span"":0,""candidate_low_wip_robustness"":1.0},""WIPHFSP_S6_P4_B3_C050"":{""rank_L25"":5,""rank_L33"":5,""rank_L50"":5,""rank_span"":0,""candidate_low_wip_robustness"":1.0},""WIPHFSP_S6_P4_B3_C063"":{""rank_L25"":2,""rank_L33"":2,""rank_L50"":2,""rank_span"":0,""candidate_low_wip_robustness"":1.0},""WIPHFSP_S6_P4_B3_C047"":{""rank_L25"":4,""rank_L33"":4,""rank_L50"":4,""rank_span"":0,""candidate_low_wip_robustness"":1.0},""WIPHFSP_S6_P4_B3_C027"":{""rank_L25"":1,""rank_L33"":1,""rank_L50"":1,""rank_span"":0,""candidate_low_wip_robustness"":1.0}}",0.9999999999999998,0.9999999999999998,0.9999999999999998,0.9999999999999997,hierarchical_low_wip_buffer_relevance
S7_P1_B1,"[""WIPHFSP_S7_P1_B1_C072"",""WIPHFSP_S7_P1_B1_C031"",""WIPHFSP_S7_P1_B1_C011"",""WIPHFSP_S7_P1_B1_C069"",""WIPHFSP_S7_P1_B1_C077""]","[""WIPHFSP_S7_P1_B1_C069"",""WIPHFSP_S7_P1_B1_C011""]","{""WIPHFSP_S7_P1_B1_C069"":1.0,""WIPHFSP_S7_P1_B1_C011"":1.0}","{""WIPHFSP_S7_P1_B1_C072"":{""rank_L25"":2,""rank_L33"":2,""rank_L50"":2,""rank_span"":0,""candidate_low_wip_robustness"":1.0},""WIPHFSP_S7_P1_B1_C031"":{""rank_L25"":5,""rank_L33"":5,""rank_L50"":5,""rank_span"":0,""candidate_low_wip_robustness"":1.0},""WIPHFSP_S7_P1_B1_C011"":{""rank_L25"":4,""rank_L33"":4,""rank_L50"":4,""rank_span"":0,""candidate_low_wip_robustness"":1.0},""WIPHFSP_S7_P1_B1_C069"":{""rank_L25"":1,""rank_L33"":1,""rank_L50"":1,""rank_span"":0,""candidate_low_wip_robustness"":1.0},""WIPHFSP_S7_P1_B1_C077"":{""rank_L25"":3,""rank_L33"":3,""rank_L50"":3,""rank_span"":0,""candidate_low_wip_robustness"":1.0}}",0.9999999999999998,0.9999999999999998,0.9999999999999998,0.9999999999999997,hierarchical_low_wip_buffer_relevance
S7_P1_B2,"[""WIPHFSP_S7_P1_B2_C034"",""WIPHFSP_S7_P1_B2_C013"",""WIPHFSP_S7_P1_B2_C078"",""WIPHFSP_S7_P1_B2_C023"",""WIPHFSP_S7_P1_B2_C064""]","[""WIPHFSP_S7_P1_B2_C023"",""WIPHFSP_S7_P1_B2_C064""]","{""WIPHFSP_S7_P1_B2_C023"":1.0,""WIPHFSP_S7_P1_B2_C064"":1.0}","{""WIPHFSP_S7_P1_B2_C034"":{""rank_L25"":2,""rank_L33"":2,""rank_L50"":2,""rank_span"":0,""candidate_low_wip_robustness"":1.0},""WIPHFSP_S7_P1_B2_C013"":{""rank_L25"":4,""rank_L33"":4,""rank_L50"":4,""rank_span"":0,""candidate_low_wip_robustness"":1.0},""WIPHFSP_S7_P1_B2_C078"":{""rank_L25"":3,""rank_L33"":3,""rank_L50"":3,""rank_span"":0,""candidate_low_wip_robustness"":1.0},""WIPHFSP_S7_P1_B2_C023"":{""rank_L25"":1,""rank_L33"":1,""rank_L50"":1,""rank_span"":0,""candidate_low_wip_robustness"":1.0},""WIPHFSP_S7_P1_B2_C064"":{""rank_L25"":5,""rank_L33"":5,""rank_L50"":5,""rank_span"":0,""candidate_low_wip_robustness"":1.0}}",0.9999999999999998,0.9999999999999998,0.9999999999999998,0.9999999999999997,hierarchical_low_wip_buffer_relevance
S7_P1_B3,"[""WIPHFSP_S7_P1_B3_C064"",""WIPHFSP_S7_P1_B3_C016"",""WIPHFSP_S7_P1_B3_C004"",""WIPHFSP_S7_P1_B3_C050"",""WIPHFSP_S7_P1_B3_C063""]","[""WIPHFSP_S7_P1_B3_C004"",""WIPHFSP_S7_P1_B3_C016""]","{""WIPHFSP_S7_P1_B3_C004"":1.0,""WIPHFSP_S7_P1_B3_C016"":1.0}","{""WIPHFSP_S7_P1_B3_C064"":{""rank_L25"":2,""rank_L33"":2,""rank_L50"":2,""rank_span"":0,""candidate_low_wip_robustness"":1.0},""WIPHFSP_S7_P1_B3_C016"":{""rank_L25"":3,""rank_L33"":3,""rank_L50"":3,""rank_span"":0,""candidate_low_wip_robustness"":1.0},""WIPHFSP_S7_P1_B3_C004"":{""rank_L25"":5,""rank_L33"":5,""rank_L50"":5,""rank_span"":0,""candidate_low_wip_robustness"":1.0},""WIPHFSP_S7_P1_B3_C050"":{""rank_L25"":1,""rank_L33"":1,""rank_L50"":1,""rank_span"":0,""candidate_low_wip_robustness"":1.0},""WIPHFSP_S7_P1_B3_C063"":{""rank_L25"":4,""rank_L33"":4,""rank_L50"":4,""rank_span"":0,""candidate_low_wip_robustness"":1.0}}",0.9999999999999998,0.9999999999999998,0.9999999999999998,0.9999999999999997,hierarchical_low_wip_buffer_relevance
S7_P2_B1,"[""WIPHFSP_S7_P2_B1_C011"",""WIPHFSP_S7_P2_B1_C099"",""WIPHFSP_S7_P2_B1_C098"",""WIPHFSP_S7_P2_B1_C094"",""WIPHFSP_S7_P2_B1_C096""]","[""WIPHFSP_S7_P2_B1_C096"",""WIPHFSP_S7_P2_B1_C011""]","{""WIPHFSP_S7_P2_B1_C096"":1.0,""WIPHFSP_S7_P2_B1_C011"":1.0}","{""WIPHFSP_S7_P2_B1_C011"":{""rank_L25"":4,""rank_L33"":4,""rank_L50"":4,""rank_span"":0,""candidate_low_wip_robustness"":1.0},""WIPHFSP_S7_P2_B1_C099"":{""rank_L25"":5,""rank_L33"":5,""rank_L50"":5,""rank_span"":0,""candidate_low_wip_robustness"":1.0},""WIPHFSP_S7_P2_B1_C098"":{""rank_L25"":1,""rank_L33"":1,""rank_L50"":1,""rank_span"":0,""candidate_low_wip_robustness"":1.0},""WIPHFSP_S7_P2_B1_C094"":{""rank_L25"":3,""rank_L33"":3,""rank_L50"":3,""rank_span"":0,""candidate_low_wip_robustness"":1.0},""WIPHFSP_S7_P2_B1_C096"":{""rank_L25"":2,""rank_L33"":2,""rank_L50"":2,""rank_span"":0,""candidate_low_wip_robustness"":1.0}}",0.9999999999999998,0.9999999999999998,0.9999999999999998,0.9999999999999997,hierarchical_low_wip_buffer_relevance
S7_P2_B2,"[""WIPHFSP_S7_P2_B2_C056"",""WIPHFSP_S7_P2_B2_C010"",""WIPHFSP_S7_P2_B2_C068"",""WIPHFSP_S7_P2_B2_C100"",""WIPHFSP_S7_P2_B2_C077""]","[""WIPHFSP_S7_P2_B2_C010"",""WIPHFSP_S7_P2_B2_C100""]","{""WIPHFSP_S7_P2_B2_C010"":1.0,""WIPHFSP_S7_P2_B2_C100"":1.0}","{""WIPHFSP_S7_P2_B2_C056"":{""rank_L25"":1,""rank_L33"":1,""rank_L50"":1,""rank_span"":0,""candidate_low_wip_robustness"":1.0},""WIPHFSP_S7_P2_B2_C010"":{""rank_L25"":2,""rank_L33"":2,""rank_L50"":2,""rank_span"":0,""candidate_low_wip_robustness"":1.0},""WIPHFSP_S7_P2_B2_C068"":{""rank_L25"":3,""rank_L33"":3,""rank_L50"":3,""rank_span"":0,""candidate_low_wip_robustness"":1.0},""WIPHFSP_S7_P2_B2_C100"":{""rank_L25"":4,""rank_L33"":4,""rank_L50"":4,""rank_span"":0,""candidate_low_wip_robustness"":1.0},""WIPHFSP_S7_P2_B2_C077"":{""rank_L25"":5,""rank_L33"":5,""rank_L50"":5,""rank_span"":0,""candidate_low_wip_robustness"":1.0}}",0.9999999999999998,0.9999999999999998,0.9999999999999998,0.9999999999999997,hierarchical_low_wip_buffer_relevance
S7_P2_B3,"[""WIPHFSP_S7_P2_B3_C043"",""WIPHFSP_S7_P2_B3_C074"",""WIPHFSP_S7_P2_B3_C018"",""WIPHFSP_S7_P2_B3_C026"",""WIPHFSP_S7_P2_B3_C021""]","[""WIPHFSP_S7_P2_B3_C043"",""WIPHFSP_S7_P2_B3_C026""]","{""WIPHFSP_S7_P2_B3_C043"":1.0,""WIPHFSP_S7_P2_B3_C026"":1.0}","{""WIPHFSP_S7_P2_B3_C043"":{""rank_L25"":1,""rank_L33"":1,""rank_L50"":1,""rank_span"":0,""candidate_low_wip_robustness"":1.0},""WIPHFSP_S7_P2_B3_C074"":{""rank_L25"":2,""rank_L33"":2,""rank_L50"":2,""rank_span"":0,""candidate_low_wip_robustness"":1.0},""WIPHFSP_S7_P2_B3_C018"":{""rank_L25"":3,""rank_L33"":3,""rank_L50"":3,""rank_span"":0,""candidate_low_wip_robustness"":1.0},""WIPHFSP_S7_P2_B3_C026"":{""rank_L25"":5,""rank_L33"":5,""rank_L50"":5,""rank_span"":0,""candidate_low_wip_robustness"":1.0},""WIPHFSP_S7_P2_B3_C021"":{""rank_L25"":4,""rank_L33"":4,""rank_L50"":4,""rank_span"":0,""candidate_low_wip_robustness"":1.0}}",0.9999999999999998,0.9999999999999998,0.9999999999999998,0.9999999999999997,hierarchical_low_wip_buffer_relevance
S7_P3_B1,"[""WIPHFSP_S7_P3_B1_C060"",""WIPHFSP_S7_P3_B1_C015"",""WIPHFSP_S7_P3_B1_C087"",""WIPHFSP_S7_P3_B1_C033"",""WIPHFSP_S7_P3_B1_C046""]","[""WIPHFSP_S7_P3_B1_C060"",""WIPHFSP_S7_P3_B1_C046""]","{""WIPHFSP_S7_P3_B1_C060"":1.0,""WIPHFSP_S7_P3_B1_C046"":1.0}","{""WIPHFSP_S7_P3_B1_C060"":{""rank_L25"":1,""rank_L33"":1,""rank_L50"":1,""rank_span"":0,""candidate_low_wip_robustness"":1.0},""WIPHFSP_S7_P3_B1_C015"":{""rank_L25"":3,""rank_L33"":3,""rank_L50"":3,""rank_span"":0,""candidate_low_wip_robustness"":1.0},""WIPHFSP_S7_P3_B1_C087"":{""rank_L25"":4,""rank_L33"":4,""rank_L50"":4,""rank_span"":0,""candidate_low_wip_robustness"":1.0},""WIPHFSP_S7_P3_B1_C033"":{""rank_L25"":2,""rank_L33"":2,""rank_L50"":2,""rank_span"":0,""candidate_low_wip_robustness"":1.0},""WIPHFSP_S7_P3_B1_C046"":{""rank_L25"":5,""rank_L33"":5,""rank_L50"":5,""rank_span"":0,""candidate_low_wip_robustness"":1.0}}",0.9999999999999998,0.9999999999999998,0.9999999999999998,0.9999999999999997,hierarchical_low_wip_buffer_relevance
S7_P3_B2,"[""WIPHFSP_S7_P3_B2_C021"",""WIPHFSP_S7_P3_B2_C075"",""WIPHFSP_S7_P3_B2_C009"",""WIPHFSP_S7_P3_B2_C100"",""WIPHFSP_S7_P3_B2_C006""]","[""WIPHFSP_S7_P3_B2_C100"",""WIPHFSP_S7_P3_B2_C021""]","{""WIPHFSP_S7_P3_B2_C100"":1.0,""WIPHFSP_S7_P3_B2_C021"":1.0}","{""WIPHFSP_S7_P3_B2_C021"":{""rank_L25"":1,""rank_L33"":1,""rank_L50"":1,""rank_span"":0,""candidate_low_wip_robustness"":1.0},""WIPHFSP_S7_P3_B2_C075"":{""rank_L25"":4,""rank_L33"":4,""rank_L50"":4,""rank_span"":0,""candidate_low_wip_robustness"":1.0},""WIPHFSP_S7_P3_B2_C009"":{""rank_L25"":2,""rank_L33"":2,""rank_L50"":2,""rank_span"":0,""candidate_low_wip_robustness"":1.0},""WIPHFSP_S7_P3_B2_C100"":{""rank_L25"":3,""rank_L33"":3,""rank_L50"":3,""rank_span"":0,""candidate_low_wip_robustness"":1.0},""WIPHFSP_S7_P3_B2_C006"":{""rank_L25"":5,""rank_L33"":5,""rank_L50"":5,""rank_span"":0,""candidate_low_wip_robustness"":1.0}}",0.9999999999999998,0.9999999999999998,0.9999999999999998,0.9999999999999997,hierarchical_low_wip_buffer_relevance
S7_P3_B3,"[""WIPHFSP_S7_P3_B3_C012"",""WIPHFSP_S7_P3_B3_C094"",""WIPHFSP_S7_P3_B3_C036"",""WIPHFSP_S7_P3_B3_C077"",""WIPHFSP_S7_P3_B3_C082""]","[""WIPHFSP_S7_P3_B3_C036"",""WIPHFSP_S7_P3_B3_C082""]","{""WIPHFSP_S7_P3_B3_C036"":1.0,""WIPHFSP_S7_P3_B3_C082"":1.0}","{""WIPHFSP_S7_P3_B3_C012"":{""rank_L25"":4,""rank_L33"":4,""rank_L50"":4,""rank_span"":0,""candidate_low_wip_robustness"":1.0},""WIPHFSP_S7_P3_B3_C094"":{""rank_L25"":5,""rank_L33"":5,""rank_L50"":5,""rank_span"":0,""candidate_low_wip_robustness"":1.0},""WIPHFSP_S7_P3_B3_C036"":{""rank_L25"":2,""rank_L33"":2,""rank_L50"":2,""rank_span"":0,""candidate_low_wip_robustness"":1.0},""WIPHFSP_S7_P3_B3_C077"":{""rank_L25"":3,""rank_L33"":3,""rank_L50"":3,""rank_span"":0,""candidate_low_wip_robustness"":1.0},""WIPHFSP_S7_P3_B3_C082"":{""rank_L25"":1,""rank_L33"":1,""rank_L50"":1,""rank_span"":0,""candidate_low_wip_robustness"":1.0}}",0.9999999999999998,0.9999999999999998,0.9999999999999998,0.9999999999999997,hierarchical_low_wip_buffer_relevance
S7_P4_B1,"[""WIPHFSP_S7_P4_B1_C063"",""WIPHFSP_S7_P4_B1_C040"",""WIPHFSP_S7_P4_B1_C047"",""WIPHFSP_S7_P4_B1_C024"",""WIPHFSP_S7_P4_B1_C065""]","[""WIPHFSP_S7_P4_B1_C047"",""WIPHFSP_S7_P4_B1_C063""]","{""WIPHFSP_S7_P4_B1_C047"":1.0,""WIPHFSP_S7_P4_B1_C063"":1.0}","{""WIPHFSP_S7_P4_B1_C063"":{""rank_L25"":2,""rank_L33"":2,""rank_L50"":2,""rank_span"":0,""candidate_low_wip_robustness"":1.0},""WIPHFSP_S7_P4_B1_C040"":{""rank_L25"":1,""rank_L33"":1,""rank_L50"":1,""rank_span"":0,""candidate_low_wip_robustness"":1.0},""WIPHFSP_S7_P4_B1_C047"":{""rank_L25"":5,""rank_L33"":5,""rank_L50"":5,""rank_span"":0,""candidate_low_wip_robustness"":1.0},""WIPHFSP_S7_P4_B1_C024"":{""rank_L25"":4,""rank_L33"":4,""rank_L50"":4,""rank_span"":0,""candidate_low_wip_robustness"":1.0},""WIPHFSP_S7_P4_B1_C065"":{""rank_L25"":3,""rank_L33"":3,""rank_L50"":3,""rank_span"":0,""candidate_low_wip_robustness"":1.0}}",0.9999999999999998,0.9999999999999998,0.9999999999999998,0.9999999999999997,hierarchical_low_wip_buffer_relevance
S7_P4_B2,"[""WIPHFSP_S7_P4_B2_C014"",""WIPHFSP_S7_P4_B2_C081"",""WIPHFSP_S7_P4_B2_C085"",""WIPHFSP_S7_P4_B2_C079"",""WIPHFSP_S7_P4_B2_C066""]","[""WIPHFSP_S7_P4_B2_C081"",""WIPHFSP_S7_P4_B2_C066""]","{""WIPHFSP_S7_P4_B2_C081"":1.0,""WIPHFSP_S7_P4_B2_C066"":1.0}","{""WIPHFSP_S7_P4_B2_C014"":{""rank_L25"":2,""rank_L33"":2,""rank_L50"":2,""rank_span"":0,""candidate_low_wip_robustness"":1.0},""WIPHFSP_S7_P4_B2_C081"":{""rank_L25"":3,""rank_L33"":3,""rank_L50"":3,""rank_span"":0,""candidate_low_wip_robustness"":1.0},""WIPHFSP_S7_P4_B2_C085"":{""rank_L25"":4,""rank_L33"":4,""rank_L50"":4,""rank_span"":0,""candidate_low_wip_robustness"":1.0},""WIPHFSP_S7_P4_B2_C079"":{""rank_L25"":5,""rank_L33"":5,""rank_L50"":5,""rank_span"":0,""candidate_low_wip_robustness"":1.0},""WIPHFSP_S7_P4_B2_C066"":{""rank_L25"":1,""rank_L33"":1,""rank_L50"":1,""rank_span"":0,""candidate_low_wip_robustness"":1.0}}",0.9999999999999998,0.9999999999999998,0.9999999999999998,0.9999999999999997,hierarchical_low_wip_buffer_relevance
S7_P4_B3,"[""WIPHFSP_S7_P4_B3_C049"",""WIPHFSP_S7_P4_B3_C025"",""WIPHFSP_S7_P4_B3_C054"",""WIPHFSP_S7_P4_B3_C083"",""WIPHFSP_S7_P4_B3_C092""]","[""WIPHFSP_S7_P4_B3_C083"",""WIPHFSP_S7_P4_B3_C049""]","{""WIPHFSP_S7_P4_B3_C083"":1.0,""WIPHFSP_S7_P4_B3_C049"":1.0}","{""WIPHFSP_S7_P4_B3_C049"":{""rank_L25"":5,""rank_L33"":5,""rank_L50"":5,""rank_span"":0,""candidate_low_wip_robustness"":1.0},""WIPHFSP_S7_P4_B3_C025"":{""rank_L25"":1,""rank_L33"":1,""rank_L50"":1,""rank_span"":0,""candidate_low_wip_robustness"":1.0},""WIPHFSP_S7_P4_B3_C054"":{""rank_L25"":2,""rank_L33"":2,""rank_L50"":2,""rank_span"":0,""candidate_low_wip_robustness"":1.0},""WIPHFSP_S7_P4_B3_C083"":{""rank_L25"":3,""rank_L33"":3,""rank_L50"":3,""rank_span"":0,""candidate_low_wip_robustness"":1.0},""WIPHFSP_S7_P4_B3_C092"":{""rank_L25"":4,""rank_L33"":4,""rank_L50"":4,""rank_span"":0,""candidate_low_wip_robustness"":1.0}}",0.9999999999999998,0.9999999999999998,0.9999999999999998,0.9999999999999997,hierarchical_low_wip_buffer_relevance
S8_P1_B1,"[""WIPHFSP_S8_P1_B1_C066"",""WIPHFSP_S8_P1_B1_C084"",""WIPHFSP_S8_P1_B1_C071"",""WIPHFSP_S8_P1_B1_C053"",""WIPHFSP_S8_P1_B1_C074""]","[""WIPHFSP_S8_P1_B1_C053"",""WIPHFSP_S8_P1_B1_C066""]","{""WIPHFSP_S8_P1_B1_C053"":1.0,""WIPHFSP_S8_P1_B1_C066"":1.0}","{""WIPHFSP_S8_P1_B1_C066"":{""rank_L25"":1,""rank_L33"":1,""rank_L50"":1,""rank_span"":0,""candidate_low_wip_robustness"":1.0},""WIPHFSP_S8_P1_B1_C084"":{""rank_L25"":5,""rank_L33"":5,""rank_L50"":5,""rank_span"":0,""candidate_low_wip_robustness"":1.0},""WIPHFSP_S8_P1_B1_C071"":{""rank_L25"":3,""rank_L33"":3,""rank_L50"":3,""rank_span"":0,""candidate_low_wip_robustness"":1.0},""WIPHFSP_S8_P1_B1_C053"":{""rank_L25"":2,""rank_L33"":2,""rank_L50"":2,""rank_span"":0,""candidate_low_wip_robustness"":1.0},""WIPHFSP_S8_P1_B1_C074"":{""rank_L25"":4,""rank_L33"":4,""rank_L50"":4,""rank_span"":0,""candidate_low_wip_robustness"":1.0}}",0.9999999999999998,0.9999999999999998,0.9999999999999998,0.9999999999999997,hierarchical_low_wip_buffer_relevance
S8_P1_B2,"[""WIPHFSP_S8_P1_B2_C018"",""WIPHFSP_S8_P1_B2_C027"",""WIPHFSP_S8_P1_B2_C098"",""WIPHFSP_S8_P1_B2_C040"",""WIPHFSP_S8_P1_B2_C056""]","[""WIPHFSP_S8_P1_B2_C018"",""WIPHFSP_S8_P1_B2_C040""]","{""WIPHFSP_S8_P1_B2_C018"":1.0,""WIPHFSP_S8_P1_B2_C040"":1.0}","{""WIPHFSP_S8_P1_B2_C018"":{""rank_L25"":1,""rank_L33"":1,""rank_L50"":1,""rank_span"":0,""candidate_low_wip_robustness"":1.0},""WIPHFSP_S8_P1_B2_C027"":{""rank_L25"":2,""rank_L33"":2,""rank_L50"":2,""rank_span"":0,""candidate_low_wip_robustness"":1.0},""WIPHFSP_S8_P1_B2_C098"":{""rank_L25"":3,""rank_L33"":3,""rank_L50"":3,""rank_span"":0,""candidate_low_wip_robustness"":1.0},""WIPHFSP_S8_P1_B2_C040"":{""rank_L25"":4,""rank_L33"":4,""rank_L50"":4,""rank_span"":0,""candidate_low_wip_robustness"":1.0},""WIPHFSP_S8_P1_B2_C056"":{""rank_L25"":5,""rank_L33"":5,""rank_L50"":5,""rank_span"":0,""candidate_low_wip_robustness"":1.0}}",0.9999999999999998,0.9999999999999998,0.9999999999999998,0.9999999999999997,hierarchical_low_wip_buffer_relevance
S8_P1_B3,"[""WIPHFSP_S8_P1_B3_C078"",""WIPHFSP_S8_P1_B3_C068"",""WIPHFSP_S8_P1_B3_C086"",""WIPHFSP_S8_P1_B3_C091"",""WIPHFSP_S8_P1_B3_C059""]","[""WIPHFSP_S8_P1_B3_C059"",""WIPHFSP_S8_P1_B3_C091""]","{""WIPHFSP_S8_P1_B3_C059"":1.0,""WIPHFSP_S8_P1_B3_C091"":1.0}","{""WIPHFSP_S8_P1_B3_C078"":{""rank_L25"":3,""rank_L33"":3,""rank_L50"":3,""rank_span"":0,""candidate_low_wip_robustness"":1.0},""WIPHFSP_S8_P1_B3_C068"":{""rank_L25"":5,""rank_L33"":5,""rank_L50"":5,""rank_span"":0,""candidate_low_wip_robustness"":1.0},""WIPHFSP_S8_P1_B3_C086"":{""rank_L25"":2,""rank_L33"":2,""rank_L50"":2,""rank_span"":0,""candidate_low_wip_robustness"":1.0},""WIPHFSP_S8_P1_B3_C091"":{""rank_L25"":1,""rank_L33"":1,""rank_L50"":1,""rank_span"":0,""candidate_low_wip_robustness"":1.0},""WIPHFSP_S8_P1_B3_C059"":{""rank_L25"":4,""rank_L33"":4,""rank_L50"":4,""rank_span"":0,""candidate_low_wip_robustness"":1.0}}",0.9999999999999998,0.9999999999999998,0.9999999999999998,0.9999999999999997,hierarchical_low_wip_buffer_relevance
S8_P2_B1,"[""WIPHFSP_S8_P2_B1_C061"",""WIPHFSP_S8_P2_B1_C050"",""WIPHFSP_S8_P2_B1_C082"",""WIPHFSP_S8_P2_B1_C087"",""WIPHFSP_S8_P2_B1_C043""]","[""WIPHFSP_S8_P2_B1_C082"",""WIPHFSP_S8_P2_B1_C061""]","{""WIPHFSP_S8_P2_B1_C082"":1.0,""WIPHFSP_S8_P2_B1_C061"":1.0}","{""WIPHFSP_S8_P2_B1_C061"":{""rank_L25"":1,""rank_L33"":1,""rank_L50"":1,""rank_span"":0,""candidate_low_wip_robustness"":1.0},""WIPHFSP_S8_P2_B1_C050"":{""rank_L25"":4,""rank_L33"":4,""rank_L50"":4,""rank_span"":0,""candidate_low_wip_robustness"":1.0},""WIPHFSP_S8_P2_B1_C082"":{""rank_L25"":2,""rank_L33"":2,""rank_L50"":2,""rank_span"":0,""candidate_low_wip_robustness"":1.0},""WIPHFSP_S8_P2_B1_C087"":{""rank_L25"":3,""rank_L33"":3,""rank_L50"":3,""rank_span"":0,""candidate_low_wip_robustness"":1.0},""WIPHFSP_S8_P2_B1_C043"":{""rank_L25"":5,""rank_L33"":5,""rank_L50"":5,""rank_span"":0,""candidate_low_wip_robustness"":1.0}}",0.9999999999999998,0.9999999999999998,0.9999999999999998,0.9999999999999997,hierarchical_low_wip_buffer_relevance
S8_P2_B2,"[""WIPHFSP_S8_P2_B2_C015"",""WIPHFSP_S8_P2_B2_C062"",""WIPHFSP_S8_P2_B2_C078"",""WIPHFSP_S8_P2_B2_C030"",""WIPHFSP_S8_P2_B2_C048""]","[""WIPHFSP_S8_P2_B2_C015"",""WIPHFSP_S8_P2_B2_C078""]","{""WIPHFSP_S8_P2_B2_C015"":1.0,""WIPHFSP_S8_P2_B2_C078"":1.0}","{""WIPHFSP_S8_P2_B2_C015"":{""rank_L25"":4,""rank_L33"":4,""rank_L50"":4,""rank_span"":0,""candidate_low_wip_robustness"":1.0},""WIPHFSP_S8_P2_B2_C062"":{""rank_L25"":2,""rank_L33"":2,""rank_L50"":2,""rank_span"":0,""candidate_low_wip_robustness"":1.0},""WIPHFSP_S8_P2_B2_C078"":{""rank_L25"":3,""rank_L33"":3,""rank_L50"":3,""rank_span"":0,""candidate_low_wip_robustness"":1.0},""WIPHFSP_S8_P2_B2_C030"":{""rank_L25"":1,""rank_L33"":1,""rank_L50"":1,""rank_span"":0,""candidate_low_wip_robustness"":1.0},""WIPHFSP_S8_P2_B2_C048"":{""rank_L25"":5,""rank_L33"":5,""rank_L50"":5,""rank_span"":0,""candidate_low_wip_robustness"":1.0}}",0.9999999999999998,0.9999999999999998,0.9999999999999998,0.9999999999999997,hierarchical_low_wip_buffer_relevance
S8_P2_B3,"[""WIPHFSP_S8_P2_B3_C091"",""WIPHFSP_S8_P2_B3_C039"",""WIPHFSP_S8_P2_B3_C067"",""WIPHFSP_S8_P2_B3_C029"",""WIPHFSP_S8_P2_B3_C056""]","[""WIPHFSP_S8_P2_B3_C029"",""WIPHFSP_S8_P2_B3_C091""]","{""WIPHFSP_S8_P2_B3_C029"":1.0,""WIPHFSP_S8_P2_B3_C091"":1.0}","{""WIPHFSP_S8_P2_B3_C091"":{""rank_L25"":2,""rank_L33"":2,""rank_L50"":2,""rank_span"":0,""candidate_low_wip_robustness"":1.0},""WIPHFSP_S8_P2_B3_C039"":{""rank_L25"":3,""rank_L33"":3,""rank_L50"":3,""rank_span"":0,""candidate_low_wip_robustness"":1.0},""WIPHFSP_S8_P2_B3_C067"":{""rank_L25"":1,""rank_L33"":1,""rank_L50"":1,""rank_span"":0,""candidate_low_wip_robustness"":1.0},""WIPHFSP_S8_P2_B3_C029"":{""rank_L25"":4,""rank_L33"":4,""rank_L50"":4,""rank_span"":0,""candidate_low_wip_robustness"":1.0},""WIPHFSP_S8_P2_B3_C056"":{""rank_L25"":5,""rank_L33"":5,""rank_L50"":5,""rank_span"":0,""candidate_low_wip_robustness"":1.0}}",0.9999999999999998,0.9999999999999998,0.9999999999999998,0.9999999999999997,hierarchical_low_wip_buffer_relevance
S8_P3_B1,"[""WIPHFSP_S8_P3_B1_C089"",""WIPHFSP_S8_P3_B1_C060"",""WIPHFSP_S8_P3_B1_C076"",""WIPHFSP_S8_P3_B1_C069"",""WIPHFSP_S8_P3_B1_C054""]","[""WIPHFSP_S8_P3_B1_C060"",""WIPHFSP_S8_P3_B1_C069""]","{""WIPHFSP_S8_P3_B1_C060"":1.0,""WIPHFSP_S8_P3_B1_C069"":1.0}","{""WIPHFSP_S8_P3_B1_C089"":{""rank_L25"":4,""rank_L33"":4,""rank_L50"":4,""rank_span"":0,""candidate_low_wip_robustness"":1.0},""WIPHFSP_S8_P3_B1_C060"":{""rank_L25"":1,""rank_L33"":1,""rank_L50"":1,""rank_span"":0,""candidate_low_wip_robustness"":1.0},""WIPHFSP_S8_P3_B1_C076"":{""rank_L25"":5,""rank_L33"":5,""rank_L50"":5,""rank_span"":0,""candidate_low_wip_robustness"":1.0},""WIPHFSP_S8_P3_B1_C069"":{""rank_L25"":2,""rank_L33"":2,""rank_L50"":2,""rank_span"":0,""candidate_low_wip_robustness"":1.0},""WIPHFSP_S8_P3_B1_C054"":{""rank_L25"":3,""rank_L33"":3,""rank_L50"":3,""rank_span"":0,""candidate_low_wip_robustness"":1.0}}",0.9999999999999998,0.9999999999999998,0.9999999999999998,0.9999999999999997,hierarchical_low_wip_buffer_relevance
S8_P3_B2,"[""WIPHFSP_S8_P3_B2_C048"",""WIPHFSP_S8_P3_B2_C051"",""WIPHFSP_S8_P3_B2_C061"",""WIPHFSP_S8_P3_B2_C055"",""WIPHFSP_S8_P3_B2_C022""]","[""WIPHFSP_S8_P3_B2_C061"",""WIPHFSP_S8_P3_B2_C051""]","{""WIPHFSP_S8_P3_B2_C061"":1.0,""WIPHFSP_S8_P3_B2_C051"":1.0}","{""WIPHFSP_S8_P3_B2_C048"":{""rank_L25"":2,""rank_L33"":2,""rank_L50"":2,""rank_span"":0,""candidate_low_wip_robustness"":1.0},""WIPHFSP_S8_P3_B2_C051"":{""rank_L25"":3,""rank_L33"":3,""rank_L50"":3,""rank_span"":0,""candidate_low_wip_robustness"":1.0},""WIPHFSP_S8_P3_B2_C061"":{""rank_L25"":1,""rank_L33"":1,""rank_L50"":1,""rank_span"":0,""candidate_low_wip_robustness"":1.0},""WIPHFSP_S8_P3_B2_C055"":{""rank_L25"":4,""rank_L33"":4,""rank_L50"":4,""rank_span"":0,""candidate_low_wip_robustness"":1.0},""WIPHFSP_S8_P3_B2_C022"":{""rank_L25"":5,""rank_L33"":5,""rank_L50"":5,""rank_span"":0,""candidate_low_wip_robustness"":1.0}}",0.9999999999999998,0.9999999999999998,0.9999999999999998,0.9999999999999997,hierarchical_low_wip_buffer_relevance
S8_P3_B3,"[""WIPHFSP_S8_P3_B3_C097"",""WIPHFSP_S8_P3_B3_C052"",""WIPHFSP_S8_P3_B3_C007"",""WIPHFSP_S8_P3_B3_C042"",""WIPHFSP_S8_P3_B3_C067""]","[""WIPHFSP_S8_P3_B3_C007"",""WIPHFSP_S8_P3_B3_C042""]","{""WIPHFSP_S8_P3_B3_C007"":1.0,""WIPHFSP_S8_P3_B3_C042"":1.0}","{""WIPHFSP_S8_P3_B3_C097"":{""rank_L25"":1,""rank_L33"":1,""rank_L50"":1,""rank_span"":0,""candidate_low_wip_robustness"":1.0},""WIPHFSP_S8_P3_B3_C052"":{""rank_L25"":4,""rank_L33"":4,""rank_L50"":4,""rank_span"":0,""candidate_low_wip_robustness"":1.0},""WIPHFSP_S8_P3_B3_C007"":{""rank_L25"":2,""rank_L33"":2,""rank_L50"":2,""rank_span"":0,""candidate_low_wip_robustness"":1.0},""WIPHFSP_S8_P3_B3_C042"":{""rank_L25"":5,""rank_L33"":5,""rank_L50"":5,""rank_span"":0,""candidate_low_wip_robustness"":1.0},""WIPHFSP_S8_P3_B3_C067"":{""rank_L25"":3,""rank_L33"":3,""rank_L50"":3,""rank_span"":0,""candidate_low_wip_robustness"":1.0}}",0.9999999999999998,0.9999999999999998,0.9999999999999998,0.9999999999999997,hierarchical_low_wip_buffer_relevance
S8_P4_B1,"[""WIPHFSP_S8_P4_B1_C052"",""WIPHFSP_S8_P4_B1_C054"",""WIPHFSP_S8_P4_B1_C006"",""WIPHFSP_S8_P4_B1_C078"",""WIPHFSP_S8_P4_B1_C023""]","[""WIPHFSP_S8_P4_B1_C052"",""WIPHFSP_S8_P4_B1_C078""]","{""WIPHFSP_S8_P4_B1_C052"":1.0,""WIPHFSP_S8_P4_B1_C078"":1.0}","{""WIPHFSP_S8_P4_B1_C052"":{""rank_L25"":3,""rank_L33"":3,""rank_L50"":3,""rank_span"":0,""candidate_low_wip_robustness"":1.0},""WIPHFSP_S8_P4_B1_C054"":{""rank_L25"":4,""rank_L33"":4,""rank_L50"":4,""rank_span"":0,""candidate_low_wip_robustness"":1.0},""WIPHFSP_S8_P4_B1_C006"":{""rank_L25"":1,""rank_L33"":1,""rank_L50"":1,""rank_span"":0,""candidate_low_wip_robustness"":1.0},""WIPHFSP_S8_P4_B1_C078"":{""rank_L25"":2,""rank_L33"":2,""rank_L50"":2,""rank_span"":0,""candidate_low_wip_robustness"":1.0},""WIPHFSP_S8_P4_B1_C023"":{""rank_L25"":5,""rank_L33"":5,""rank_L50"":5,""rank_span"":0,""candidate_low_wip_robustness"":1.0}}",0.9999999999999998,0.9999999999999998,0.9999999999999998,0.9999999999999997,hierarchical_low_wip_buffer_relevance
S8_P4_B2,"[""WIPHFSP_S8_P4_B2_C009"",""WIPHFSP_S8_P4_B2_C001"",""WIPHFSP_S8_P4_B2_C052"",""WIPHFSP_S8_P4_B2_C008"",""WIPHFSP_S8_P4_B2_C046""]","[""WIPHFSP_S8_P4_B2_C001"",""WIPHFSP_S8_P4_B2_C009""]","{""WIPHFSP_S8_P4_B2_C001"":1.0,""WIPHFSP_S8_P4_B2_C009"":1.0}","{""WIPHFSP_S8_P4_B2_C009"":{""rank_L25"":3,""rank_L33"":3,""rank_L50"":3,""rank_span"":0,""candidate_low_wip_robustness"":1.0},""WIPHFSP_S8_P4_B2_C001"":{""rank_L25"":4,""rank_L33"":4,""rank_L50"":4,""rank_span"":0,""candidate_low_wip_robustness"":1.0},""WIPHFSP_S8_P4_B2_C052"":{""rank_L25"":1,""rank_L33"":1,""rank_L50"":1,""rank_span"":0,""candidate_low_wip_robustness"":1.0},""WIPHFSP_S8_P4_B2_C008"":{""rank_L25"":5,""rank_L33"":5,""rank_L50"":5,""rank_span"":0,""candidate_low_wip_robustness"":1.0},""WIPHFSP_S8_P4_B2_C046"":{""rank_L25"":2,""rank_L33"":2,""rank_L50"":2,""rank_span"":0,""candidate_low_wip_robustness"":1.0}}",0.9999999999999998,0.9999999999999998,0.9999999999999998,0.9999999999999997,hierarchical_low_wip_buffer_relevance
S8_P4_B3,"[""WIPHFSP_S8_P4_B3_C041"",""WIPHFSP_S8_P4_B3_C022"",""WIPHFSP_S8_P4_B3_C077"",""WIPHFSP_S8_P4_B3_C032"",""WIPHFSP_S8_P4_B3_C071""]","[""WIPHFSP_S8_P4_B3_C032"",""WIPHFSP_S8_P4_B3_C022""]","{""WIPHFSP_S8_P4_B3_C032"":1.0,""WIPHFSP_S8_P4_B3_C022"":1.0}","{""WIPHFSP_S8_P4_B3_C041"":{""rank_L25"":4,""rank_L33"":4,""rank_L50"":4,""rank_span"":0,""candidate_low_wip_robustness"":1.0},""WIPHFSP_S8_P4_B3_C022"":{""rank_L25"":5,""rank_L33"":5,""rank_L50"":5,""rank_span"":0,""candidate_low_wip_robustness"":1.0},""WIPHFSP_S8_P4_B3_C077"":{""rank_L25"":3,""rank_L33"":3,""rank_L50"":3,""rank_span"":0,""candidate_low_wip_robustness"":1.0},""WIPHFSP_S8_P4_B3_C032"":{""rank_L25"":2,""rank_L33"":2,""rank_L50"":2,""rank_span"":0,""candidate_low_wip_robustness"":1.0},""WIPHFSP_S8_P4_B3_C071"":{""rank_L25"":1,""rank_L33"":1,""rank_L50"":1,""rank_span"":0,""candidate_low_wip_robustness"":1.0}}",0.9999999999999998,0.9999999999999998,0.9999999999999998,0.9999999999999997,hierarchical_low_wip_buffer_relevance
